metric,node,pod,namespace,container,timestamp,value
cpu_rate,minikube,kube-proxy-fshvh,kube-system,/kubepods/besteffort/pod2f4efb93-ee48-4c37-b1e1-6f2e54a917c7,1780634705,0.0006066510288040855
cpu_rate,minikube,monitoring-kube-state-metrics-868694bc4b-689cm,monitoring,/kubepods/besteffort/pod59c52cc8-67e3-4946-aac6-7ff0ef74285f,1780634705,0.00038391249999999993
cpu_rate,minikube,prometheus-monitoring-kube-prometheus-prometheus-0,monitoring,/kubepods/besteffort/pod6bff50b8-f988-4ff2-a8c1-8f95f2c25189,1780634705,0.006465139861250521
cpu_rate,minikube,storage-provisioner,kube-system,/kubepods/besteffort/pod9bffcac8-a0cd-49a4-ad59-cdbf60a579cb,1780634705,0.0007248898796103188
cpu_rate,minikube,monitoring-grafana-6f66955c48-hlrcn,monitoring,/kubepods/besteffort/pod9d3fe3f0-8989-47b4-8478-0ae7be66df8d,1780634705,0.0027214506010429496
cpu_rate,minikube,chaos-daemon-n6ghj,chaos-testing,/kubepods/besteffort/poda051be83-a7cd-43e4-83d3-76f3c90e8474,1780634705,0.0
cpu_rate,minikube,monitoring-kube-prometheus-operator-556b56cc6d-n6dg9,monitoring,/kubepods/besteffort/podc8122519-a592-495f-9353-00a2f23fdf80,1780634705,0.0007727499999999999
cpu_rate,minikube,monitoring-prometheus-node-exporter-pdw8p,monitoring,/kubepods/besteffort/podd35abb3b-34f0-40fa-af55-3ab246fc64c8,1780634705,0.0004782605354251317
cpu_rate,minikube,kube-scheduler-minikube,kube-system,/kubepods/burstable/pod1c7123a121598343200ffd5b015ca580,1780634705,0.0017692869025545937
cpu_rate,minikube,shippingservice-55656785c7-lk4mx,boutique,/kubepods/burstable/pod1df51271-c9ea-47fa-8fb2-cf15bbc7c216,1780634705,0.0003217355948887718
cpu_rate,minikube,chaos-controller-manager-659785674d-29q42,chaos-testing,/kubepods/burstable/pod21ab858c-cee8-438c-8682-c786dc3dc044,1780634705,0.00012637564740814337
cpu_rate,minikube,chaos-controller-manager-659785674d-fjb2r,chaos-testing,/kubepods/burstable/pod2569141a-4d05-422e-bcf2-2f01e2f5056d,1780634705,8.636249578687162e-05
cpu_rate,minikube,coredns-7d764666f9-hxxb8,kube-system,/kubepods/burstable/pod596c18fb-891c-4e87-9b11-83d99dd6d264,1780634705,0.0008775111111111111
cpu_rate,minikube,recommendationservice-6f8f67d69-fhrns,boutique,/kubepods/burstable/pod5ded7b1a-44d9-4178-8596-57a9e25f6171,1780634705,0.001445113800578035
cpu_rate,minikube,etcd-minikube,kube-system,/kubepods/burstable/pod5ff8e3b06bbaa8cb7ebc2bf531e48a2f,1780634705,0.012965688888888889
cpu_rate,minikube,emailservice-7466dc585-sv4wh,boutique,/kubepods/burstable/pod6116940a-da83-4761-97dc-892a207b789e,1780634705,0.007166969881718547
cpu_rate,minikube,cartservice-546c548494-cb4lb,boutique,/kubepods/burstable/pod6ec732c5-cf34-4e25-a3ce-ff4b44ce8d19,1780634705,0.01309375146520938
cpu_rate,minikube,kube-controller-manager-minikube,kube-system,/kubepods/burstable/pod740363cf4388c2d0df59fc97f96b889c,1780634705,0.006825783669853609
cpu_rate,minikube,chaos-dashboard-5b77585c6c-zm7f4,chaos-testing,/kubepods/burstable/pod7d3e8284-7c72-4577-a8fb-79d957f69104,1780634705,0.00045521008931476067
cpu_rate,minikube,chaos-dns-server-6bccb5bb76-gscmn,chaos-testing,/kubepods/burstable/pod8a82a436-ef3f-4750-8f39-dbfde680d0b8,1780634705,0.0006074167350723577
cpu_rate,minikube,coredns-7d764666f9-gmlgd,kube-system,/kubepods/burstable/pod9289fad3-6e91-4617-b97d-6da4631c2f35,1780634705,0.0008512272469041239
cpu_rate,minikube,adservice-8576649cff-5bvst,boutique,/kubepods/burstable/pod9d685cd3-17df-43af-a26e-7743c006902d,1780634705,0.004893305147552606
cpu_rate,minikube,kube-apiserver-minikube,kube-system,/kubepods/burstable/poda6dc00f40d27725f15407f95751ce5f7,1780634705,0.013221050000000012
cpu_rate,minikube,loadgenerator-7dd458dd5b-p2gm5,boutique,/kubepods/burstable/podad2b31a2-cb58-4a8e-9520-6dac05e0ae03,1780634705,0.010298460236657375
cpu_rate,minikube,alertmanager-monitoring-kube-prometheus-alertmanager-0,monitoring,/kubepods/burstable/podb5fde93f-2f9a-427f-aa16-8a257f179975,1780634705,0.0022773401012766183
cpu_rate,minikube,currencyservice-fd8f5dfb7-js8gr,boutique,/kubepods/burstable/podc827ec2d-8a9d-4e1c-8017-62c3901eccb4,1780634705,0.0034515672089823466
cpu_rate,minikube,redis-cart-6899b65948-ms767,boutique,/kubepods/burstable/podd425db0f-53f9-4bec-9ee1-49e4ced03bb6,1780634705,0.0005785448940336327
cpu_rate,minikube,chaos-controller-manager-659785674d-wbwg8,chaos-testing,/kubepods/burstable/podd7abbfc2-2af5-4b28-b438-3ebef4bafcce,1780634705,0.0017344292564043014
cpu_rate,minikube,paymentservice-6b76dfb449-n8mm2,boutique,/kubepods/burstable/podd9986049-5066-4a99-a156-0bc7b2391961,1780634705,0.0037870865946117555
cpu_rate,minikube,checkoutservice-75b9cd684f-mxb57,boutique,/kubepods/burstable/pod899228c2-a2b5-44fd-93be-9c372e37e8b5,1780634705,0.0002843784948580373
cpu_rate,minikube,frontend-694b9f76cd-pskf5,boutique,/kubepods/burstable/pod4d235b9f-a410-4f2c-99da-80b42ecf7d86,1780634705,0.0024586241642558667
cpu_rate,minikube,productcatalogservice-fb49fc9cc-vbqbl,boutique,/kubepods/burstable/pod9b723af0-e450-462a-a20e-b721d0610cf7,1780634705,0.0007268074174835647
memory_working_set,minikube,kube-proxy-fshvh,kube-system,/kubepods/besteffort/pod2f4efb93-ee48-4c37-b1e1-6f2e54a917c7,1780634705,37011456.0
memory_working_set,minikube,monitoring-kube-state-metrics-868694bc4b-689cm,monitoring,/kubepods/besteffort/pod59c52cc8-67e3-4946-aac6-7ff0ef74285f,1780634705,37556224.0
memory_working_set,minikube,prometheus-monitoring-kube-prometheus-prometheus-0,monitoring,/kubepods/besteffort/pod6bff50b8-f988-4ff2-a8c1-8f95f2c25189,1780634705,194129920.0
memory_working_set,minikube,storage-provisioner,kube-system,/kubepods/besteffort/pod9bffcac8-a0cd-49a4-ad59-cdbf60a579cb,1780634705,16809984.0
memory_working_set,minikube,monitoring-grafana-6f66955c48-hlrcn,monitoring,/kubepods/besteffort/pod9d3fe3f0-8989-47b4-8478-0ae7be66df8d,1780634705,430104576.0
memory_working_set,minikube,chaos-daemon-n6ghj,chaos-testing,/kubepods/besteffort/poda051be83-a7cd-43e4-83d3-76f3c90e8474,1780634705,22769664.0
memory_working_set,minikube,monitoring-kube-prometheus-operator-556b56cc6d-n6dg9,monitoring,/kubepods/besteffort/podc8122519-a592-495f-9353-00a2f23fdf80,1780634705,37564416.0
memory_working_set,minikube,monitoring-prometheus-node-exporter-pdw8p,monitoring,/kubepods/besteffort/podd35abb3b-34f0-40fa-af55-3ab246fc64c8,1780634705,14012416.0
memory_working_set,minikube,kube-scheduler-minikube,kube-system,/kubepods/burstable/pod1c7123a121598343200ffd5b015ca580,1780634705,36220928.0
memory_working_set,minikube,shippingservice-55656785c7-lk4mx,boutique,/kubepods/burstable/pod1df51271-c9ea-47fa-8fb2-cf15bbc7c216,1780634705,10719232.0
memory_working_set,minikube,chaos-controller-manager-659785674d-29q42,chaos-testing,/kubepods/burstable/pod21ab858c-cee8-438c-8682-c786dc3dc044,1780634705,18980864.0
memory_working_set,minikube,chaos-controller-manager-659785674d-fjb2r,chaos-testing,/kubepods/burstable/pod2569141a-4d05-422e-bcf2-2f01e2f5056d,1780634705,15249408.0
memory_working_set,minikube,coredns-7d764666f9-hxxb8,kube-system,/kubepods/burstable/pod596c18fb-891c-4e87-9b11-83d99dd6d264,1780634705,23318528.0
memory_working_set,minikube,recommendationservice-6f8f67d69-fhrns,boutique,/kubepods/burstable/pod5ded7b1a-44d9-4178-8596-57a9e25f6171,1780634705,50917376.0
memory_working_set,minikube,etcd-minikube,kube-system,/kubepods/burstable/pod5ff8e3b06bbaa8cb7ebc2bf531e48a2f,1780634705,94699520.0
memory_working_set,minikube,emailservice-7466dc585-sv4wh,boutique,/kubepods/burstable/pod6116940a-da83-4761-97dc-892a207b789e,1780634705,52121600.0
memory_working_set,minikube,cartservice-546c548494-cb4lb,boutique,/kubepods/burstable/pod6ec732c5-cf34-4e25-a3ce-ff4b44ce8d19,1780634705,45768704.0
memory_working_set,minikube,kube-controller-manager-minikube,kube-system,/kubepods/burstable/pod740363cf4388c2d0df59fc97f96b889c,1780634705,105508864.0
memory_working_set,minikube,chaos-dashboard-5b77585c6c-zm7f4,chaos-testing,/kubepods/burstable/pod7d3e8284-7c72-4577-a8fb-79d957f69104,1780634705,50294784.0
memory_working_set,minikube,chaos-dns-server-6bccb5bb76-gscmn,chaos-testing,/kubepods/burstable/pod8a82a436-ef3f-4750-8f39-dbfde680d0b8,1780634705,25886720.0
memory_working_set,minikube,coredns-7d764666f9-gmlgd,kube-system,/kubepods/burstable/pod9289fad3-6e91-4617-b97d-6da4631c2f35,1780634705,33026048.0
memory_working_set,minikube,adservice-8576649cff-5bvst,boutique,/kubepods/burstable/pod9d685cd3-17df-43af-a26e-7743c006902d,1780634705,89677824.0
memory_working_set,minikube,kube-apiserver-minikube,kube-system,/kubepods/burstable/poda6dc00f40d27725f15407f95751ce5f7,1780634705,507396096.0
memory_working_set,minikube,loadgenerator-7dd458dd5b-p2gm5,boutique,/kubepods/burstable/podad2b31a2-cb58-4a8e-9520-6dac05e0ae03,1780634705,61075456.0
memory_working_set,minikube,alertmanager-monitoring-kube-prometheus-alertmanager-0,monitoring,/kubepods/burstable/podb5fde93f-2f9a-427f-aa16-8a257f179975,1780634705,37834752.0
memory_working_set,minikube,currencyservice-fd8f5dfb7-js8gr,boutique,/kubepods/burstable/podc827ec2d-8a9d-4e1c-8017-62c3901eccb4,1780634705,37158912.0
memory_working_set,minikube,redis-cart-6899b65948-ms767,boutique,/kubepods/burstable/podd425db0f-53f9-4bec-9ee1-49e4ced03bb6,1780634705,11829248.0
memory_working_set,minikube,chaos-controller-manager-659785674d-wbwg8,chaos-testing,/kubepods/burstable/podd7abbfc2-2af5-4b28-b438-3ebef4bafcce,1780634705,51798016.0
memory_working_set,minikube,paymentservice-6b76dfb449-n8mm2,boutique,/kubepods/burstable/podd9986049-5066-4a99-a156-0bc7b2391961,1780634705,32247808.0
memory_working_set,minikube,checkoutservice-75b9cd684f-mxb57,boutique,/kubepods/burstable/pod899228c2-a2b5-44fd-93be-9c372e37e8b5,1780634705,12648448.0
memory_working_set,minikube,frontend-694b9f76cd-pskf5,boutique,/kubepods/burstable/pod4d235b9f-a410-4f2c-99da-80b42ecf7d86,1780634705,16715776.0
memory_working_set,minikube,productcatalogservice-fb49fc9cc-vbqbl,boutique,/kubepods/burstable/pod9b723af0-e450-462a-a20e-b721d0610cf7,1780634705,13619200.0
memory_rss,minikube,kube-proxy-fshvh,kube-system,/kubepods/besteffort/pod2f4efb93-ee48-4c37-b1e1-6f2e54a917c7,1780634705,17920000.0
memory_rss,minikube,monitoring-kube-state-metrics-868694bc4b-689cm,monitoring,/kubepods/besteffort/pod59c52cc8-67e3-4946-aac6-7ff0ef74285f,1780634705,21073920.0
memory_rss,minikube,prometheus-monitoring-kube-prometheus-prometheus-0,monitoring,/kubepods/besteffort/pod6bff50b8-f988-4ff2-a8c1-8f95f2c25189,1780634705,151375872.0
memory_rss,minikube,storage-provisioner,kube-system,/kubepods/besteffort/pod9bffcac8-a0cd-49a4-ad59-cdbf60a579cb,1780634705,8486912.0
memory_rss,minikube,monitoring-grafana-6f66955c48-hlrcn,monitoring,/kubepods/besteffort/pod9d3fe3f0-8989-47b4-8478-0ae7be66df8d,1780634705,308367360.0
memory_rss,minikube,chaos-daemon-n6ghj,chaos-testing,/kubepods/besteffort/poda051be83-a7cd-43e4-83d3-76f3c90e8474,1780634705,8101888.0
memory_rss,minikube,monitoring-kube-prometheus-operator-556b56cc6d-n6dg9,monitoring,/kubepods/besteffort/podc8122519-a592-495f-9353-00a2f23fdf80,1780634705,20381696.0
memory_rss,minikube,monitoring-prometheus-node-exporter-pdw8p,monitoring,/kubepods/besteffort/podd35abb3b-34f0-40fa-af55-3ab246fc64c8,1780634705,7643136.0
memory_rss,minikube,kube-scheduler-minikube,kube-system,/kubepods/burstable/pod1c7123a121598343200ffd5b015ca580,1780634705,22368256.0
memory_rss,minikube,shippingservice-55656785c7-lk4mx,boutique,/kubepods/burstable/pod1df51271-c9ea-47fa-8fb2-cf15bbc7c216,1780634705,5746688.0
memory_rss,minikube,chaos-controller-manager-659785674d-29q42,chaos-testing,/kubepods/burstable/pod21ab858c-cee8-438c-8682-c786dc3dc044,1780634705,14712832.0
memory_rss,minikube,chaos-controller-manager-659785674d-fjb2r,chaos-testing,/kubepods/burstable/pod2569141a-4d05-422e-bcf2-2f01e2f5056d,1780634705,14032896.0
memory_rss,minikube,coredns-7d764666f9-hxxb8,kube-system,/kubepods/burstable/pod596c18fb-891c-4e87-9b11-83d99dd6d264,1780634705,13811712.0
memory_rss,minikube,recommendationservice-6f8f67d69-fhrns,boutique,/kubepods/burstable/pod5ded7b1a-44d9-4178-8596-57a9e25f6171,1780634705,41226240.0
memory_rss,minikube,etcd-minikube,kube-system,/kubepods/burstable/pod5ff8e3b06bbaa8cb7ebc2bf531e48a2f,1780634705,60170240.0
memory_rss,minikube,emailservice-7466dc585-sv4wh,boutique,/kubepods/burstable/pod6116940a-da83-4761-97dc-892a207b789e,1780634705,42348544.0
memory_rss,minikube,cartservice-546c548494-cb4lb,boutique,/kubepods/burstable/pod6ec732c5-cf34-4e25-a3ce-ff4b44ce8d19,1780634705,14753792.0
memory_rss,minikube,kube-controller-manager-minikube,kube-system,/kubepods/burstable/pod740363cf4388c2d0df59fc97f96b889c,1780634705,82997248.0
memory_rss,minikube,chaos-dashboard-5b77585c6c-zm7f4,chaos-testing,/kubepods/burstable/pod7d3e8284-7c72-4577-a8fb-79d957f69104,1780634705,32104448.0
memory_rss,minikube,chaos-dns-server-6bccb5bb76-gscmn,chaos-testing,/kubepods/burstable/pod8a82a436-ef3f-4750-8f39-dbfde680d0b8,1780634705,11636736.0
memory_rss,minikube,coredns-7d764666f9-gmlgd,kube-system,/kubepods/burstable/pod9289fad3-6e91-4617-b97d-6da4631c2f35,1780634705,13541376.0
memory_rss,minikube,adservice-8576649cff-5bvst,boutique,/kubepods/burstable/pod9d685cd3-17df-43af-a26e-7743c006902d,1780634705,73043968.0
memory_rss,minikube,kube-apiserver-minikube,kube-system,/kubepods/burstable/poda6dc00f40d27725f15407f95751ce5f7,1780634705,476418048.0
memory_rss,minikube,loadgenerator-7dd458dd5b-p2gm5,boutique,/kubepods/burstable/podad2b31a2-cb58-4a8e-9520-6dac05e0ae03,1780634705,54923264.0
memory_rss,minikube,alertmanager-monitoring-kube-prometheus-alertmanager-0,monitoring,/kubepods/burstable/podb5fde93f-2f9a-427f-aa16-8a257f179975,1780634705,22212608.0
memory_rss,minikube,currencyservice-fd8f5dfb7-js8gr,boutique,/kubepods/burstable/podc827ec2d-8a9d-4e1c-8017-62c3901eccb4,1780634705,15347712.0
memory_rss,minikube,redis-cart-6899b65948-ms767,boutique,/kubepods/burstable/podd425db0f-53f9-4bec-9ee1-49e4ced03bb6,1780634705,5550080.0
memory_rss,minikube,chaos-controller-manager-659785674d-wbwg8,chaos-testing,/kubepods/burstable/podd7abbfc2-2af5-4b28-b438-3ebef4bafcce,1780634705,26021888.0
memory_rss,minikube,paymentservice-6b76dfb449-n8mm2,boutique,/kubepods/burstable/podd9986049-5066-4a99-a156-0bc7b2391961,1780634705,13123584.0
memory_rss,minikube,checkoutservice-75b9cd684f-mxb57,boutique,/kubepods/burstable/pod899228c2-a2b5-44fd-93be-9c372e37e8b5,1780634705,7131136.0
memory_rss,minikube,frontend-694b9f76cd-pskf5,boutique,/kubepods/burstable/pod4d235b9f-a410-4f2c-99da-80b42ecf7d86,1780634705,10027008.0
memory_rss,minikube,productcatalogservice-fb49fc9cc-vbqbl,boutique,/kubepods/burstable/pod9b723af0-e450-462a-a20e-b721d0610cf7,1780634705,7434240.0
fs_reads_bytes_rate,minikube,kube-proxy-fshvh,kube-system,/kubepods/besteffort/pod2f4efb93-ee48-4c37-b1e1-6f2e54a917c7,1780634705,1461.1205026679945
fs_reads_bytes_rate,minikube,monitoring-kube-state-metrics-868694bc4b-689cm,monitoring,/kubepods/besteffort/pod59c52cc8-67e3-4946-aac6-7ff0ef74285f,1780634705,1689.6000000000004
fs_reads_bytes_rate,minikube,prometheus-monitoring-kube-prometheus-prometheus-0,monitoring,/kubepods/besteffort/pod6bff50b8-f988-4ff2-a8c1-8f95f2c25189,1780634705,250744.32278931703
fs_reads_bytes_rate,minikube,storage-provisioner,kube-system,/kubepods/besteffort/pod9bffcac8-a0cd-49a4-ad59-cdbf60a579cb,1780634705,8937.060864663772
fs_reads_bytes_rate,minikube,monitoring-grafana-6f66955c48-hlrcn,monitoring,/kubepods/besteffort/pod9d3fe3f0-8989-47b4-8478-0ae7be66df8d,1780634705,15643.976342047046
fs_reads_bytes_rate,minikube,chaos-daemon-n6ghj,chaos-testing,/kubepods/besteffort/poda051be83-a7cd-43e4-83d3-76f3c90e8474,1780634705,0.0
fs_reads_bytes_rate,minikube,monitoring-kube-prometheus-operator-556b56cc6d-n6dg9,monitoring,/kubepods/besteffort/podc8122519-a592-495f-9353-00a2f23fdf80,1780634705,921.6
fs_reads_bytes_rate,minikube,monitoring-prometheus-node-exporter-pdw8p,monitoring,/kubepods/besteffort/podd35abb3b-34f0-40fa-af55-3ab246fc64c8,1780634705,9387.345379527602
fs_reads_bytes_rate,minikube,kube-scheduler-minikube,kube-system,/kubepods/burstable/pod1c7123a121598343200ffd5b015ca580,1780634705,0.0
fs_reads_bytes_rate,minikube,shippingservice-55656785c7-lk4mx,boutique,/kubepods/burstable/pod1df51271-c9ea-47fa-8fb2-cf15bbc7c216,1780634705,9046.153644487915
fs_reads_bytes_rate,minikube,chaos-controller-manager-659785674d-29q42,chaos-testing,/kubepods/burstable/pod21ab858c-cee8-438c-8682-c786dc3dc044,1780634705,0.0
fs_reads_bytes_rate,minikube,chaos-controller-manager-659785674d-fjb2r,chaos-testing,/kubepods/burstable/pod2569141a-4d05-422e-bcf2-2f01e2f5056d,1780634705,0.0
fs_reads_bytes_rate,minikube,coredns-7d764666f9-hxxb8,kube-system,/kubepods/burstable/pod596c18fb-891c-4e87-9b11-83d99dd6d264,1780634705,3549.866666666667
fs_reads_bytes_rate,minikube,recommendationservice-6f8f67d69-fhrns,boutique,/kubepods/burstable/pod5ded7b1a-44d9-4178-8596-57a9e25f6171,1780634705,3617.867361819487
fs_reads_bytes_rate,minikube,etcd-minikube,kube-system,/kubepods/burstable/pod5ff8e3b06bbaa8cb7ebc2bf531e48a2f,1780634705,4778.666666666667
fs_reads_bytes_rate,minikube,emailservice-7466dc585-sv4wh,boutique,/kubepods/burstable/pod6116940a-da83-4761-97dc-892a207b789e,1780634705,158592.92886404422
fs_reads_bytes_rate,minikube,cartservice-546c548494-cb4lb,boutique,/kubepods/burstable/pod6ec732c5-cf34-4e25-a3ce-ff4b44ce8d19,1780634705,24507.95894245723
fs_reads_bytes_rate,minikube,kube-controller-manager-minikube,kube-system,/kubepods/burstable/pod740363cf4388c2d0df59fc97f96b889c,1780634705,0.0
fs_reads_bytes_rate,minikube,chaos-dashboard-5b77585c6c-zm7f4,chaos-testing,/kubepods/burstable/pod7d3e8284-7c72-4577-a8fb-79d957f69104,1780634705,0.0
fs_reads_bytes_rate,minikube,chaos-dns-server-6bccb5bb76-gscmn,chaos-testing,/kubepods/burstable/pod8a82a436-ef3f-4750-8f39-dbfde680d0b8,1780634705,55.51124230263231
fs_reads_bytes_rate,minikube,coredns-7d764666f9-gmlgd,kube-system,/kubepods/burstable/pod9289fad3-6e91-4617-b97d-6da4631c2f35,1780634705,2505.3640069790204
fs_reads_bytes_rate,minikube,adservice-8576649cff-5bvst,boutique,/kubepods/burstable/pod9d685cd3-17df-43af-a26e-7743c006902d,1780634705,24330.49149261144
fs_reads_bytes_rate,minikube,kube-apiserver-minikube,kube-system,/kubepods/burstable/poda6dc00f40d27725f15407f95751ce5f7,1780634705,0.0
fs_reads_bytes_rate,minikube,loadgenerator-7dd458dd5b-p2gm5,boutique,/kubepods/burstable/podad2b31a2-cb58-4a8e-9520-6dac05e0ae03,1780634705,440399.6817692205
fs_reads_bytes_rate,minikube,alertmanager-monitoring-kube-prometheus-alertmanager-0,monitoring,/kubepods/burstable/podb5fde93f-2f9a-427f-aa16-8a257f179975,1780634705,260281.89607739667
fs_reads_bytes_rate,minikube,currencyservice-fd8f5dfb7-js8gr,boutique,/kubepods/burstable/podc827ec2d-8a9d-4e1c-8017-62c3901eccb4,1780634705,3844.723372793354
fs_reads_bytes_rate,minikube,redis-cart-6899b65948-ms767,boutique,/kubepods/burstable/podd425db0f-53f9-4bec-9ee1-49e4ced03bb6,1780634705,0.0
fs_reads_bytes_rate,minikube,chaos-controller-manager-659785674d-wbwg8,chaos-testing,/kubepods/burstable/podd7abbfc2-2af5-4b28-b438-3ebef4bafcce,1780634705,20623.174185219348
fs_reads_bytes_rate,minikube,paymentservice-6b76dfb449-n8mm2,boutique,/kubepods/burstable/podd9986049-5066-4a99-a156-0bc7b2391961,1780634705,77663.5056656917
fs_reads_bytes_rate,minikube,checkoutservice-75b9cd684f-mxb57,boutique,/kubepods/burstable/pod899228c2-a2b5-44fd-93be-9c372e37e8b5,1780634705,2035.2271281019448
fs_reads_bytes_rate,minikube,frontend-694b9f76cd-pskf5,boutique,/kubepods/burstable/pod4d235b9f-a410-4f2c-99da-80b42ecf7d86,1780634705,5078.329026036644
fs_reads_bytes_rate,minikube,productcatalogservice-fb49fc9cc-vbqbl,boutique,/kubepods/burstable/pod9b723af0-e450-462a-a20e-b721d0610cf7,1780634705,4606.22541720154
fs_writes_bytes_rate,minikube,kube-proxy-fshvh,kube-system,/kubepods/besteffort/pod2f4efb93-ee48-4c37-b1e1-6f2e54a917c7,1780634705,0.0
fs_writes_bytes_rate,minikube,monitoring-kube-state-metrics-868694bc4b-689cm,monitoring,/kubepods/besteffort/pod59c52cc8-67e3-4946-aac6-7ff0ef74285f,1780634705,0.0
fs_writes_bytes_rate,minikube,prometheus-monitoring-kube-prometheus-prometheus-0,monitoring,/kubepods/besteffort/pod6bff50b8-f988-4ff2-a8c1-8f95f2c25189,1780634705,5684.5709383230815
fs_writes_bytes_rate,minikube,storage-provisioner,kube-system,/kubepods/besteffort/pod9bffcac8-a0cd-49a4-ad59-cdbf60a579cb,1780634705,0.0
fs_writes_bytes_rate,minikube,monitoring-grafana-6f66955c48-hlrcn,monitoring,/kubepods/besteffort/pod9d3fe3f0-8989-47b4-8478-0ae7be66df8d,1780634705,346.395774075579
fs_writes_bytes_rate,minikube,chaos-daemon-n6ghj,chaos-testing,/kubepods/besteffort/poda051be83-a7cd-43e4-83d3-76f3c90e8474,1780634705,0.0
fs_writes_bytes_rate,minikube,monitoring-kube-prometheus-operator-556b56cc6d-n6dg9,monitoring,/kubepods/besteffort/podc8122519-a592-495f-9353-00a2f23fdf80,1780634705,0.0
fs_writes_bytes_rate,minikube,monitoring-prometheus-node-exporter-pdw8p,monitoring,/kubepods/besteffort/podd35abb3b-34f0-40fa-af55-3ab246fc64c8,1780634705,0.0
fs_writes_bytes_rate,minikube,kube-scheduler-minikube,kube-system,/kubepods/burstable/pod1c7123a121598343200ffd5b015ca580,1780634705,0.0
fs_writes_bytes_rate,minikube,shippingservice-55656785c7-lk4mx,boutique,/kubepods/burstable/pod1df51271-c9ea-47fa-8fb2-cf15bbc7c216,1780634705,0.0
fs_writes_bytes_rate,minikube,chaos-controller-manager-659785674d-29q42,chaos-testing,/kubepods/burstable/pod21ab858c-cee8-438c-8682-c786dc3dc044,1780634705,0.0
fs_writes_bytes_rate,minikube,chaos-controller-manager-659785674d-fjb2r,chaos-testing,/kubepods/burstable/pod2569141a-4d05-422e-bcf2-2f01e2f5056d,1780634705,0.0
fs_writes_bytes_rate,minikube,coredns-7d764666f9-hxxb8,kube-system,/kubepods/burstable/pod596c18fb-891c-4e87-9b11-83d99dd6d264,1780634705,0.0
fs_writes_bytes_rate,minikube,recommendationservice-6f8f67d69-fhrns,boutique,/kubepods/burstable/pod5ded7b1a-44d9-4178-8596-57a9e25f6171,1780634705,0.0
fs_writes_bytes_rate,minikube,etcd-minikube,kube-system,/kubepods/burstable/pod5ff8e3b06bbaa8cb7ebc2bf531e48a2f,1780634705,62213.68888888889
fs_writes_bytes_rate,minikube,emailservice-7466dc585-sv4wh,boutique,/kubepods/burstable/pod6116940a-da83-4761-97dc-892a207b789e,1780634705,0.0
fs_writes_bytes_rate,minikube,cartservice-546c548494-cb4lb,boutique,/kubepods/burstable/pod6ec732c5-cf34-4e25-a3ce-ff4b44ce8d19,1780634705,0.0
fs_writes_bytes_rate,minikube,kube-controller-manager-minikube,kube-system,/kubepods/burstable/pod740363cf4388c2d0df59fc97f96b889c,1780634705,0.0
fs_writes_bytes_rate,minikube,chaos-dashboard-5b77585c6c-zm7f4,chaos-testing,/kubepods/burstable/pod7d3e8284-7c72-4577-a8fb-79d957f69104,1780634705,0.0
fs_writes_bytes_rate,minikube,chaos-dns-server-6bccb5bb76-gscmn,chaos-testing,/kubepods/burstable/pod8a82a436-ef3f-4750-8f39-dbfde680d0b8,1780634705,0.0
fs_writes_bytes_rate,minikube,coredns-7d764666f9-gmlgd,kube-system,/kubepods/burstable/pod9289fad3-6e91-4617-b97d-6da4631c2f35,1780634705,0.0
fs_writes_bytes_rate,minikube,adservice-8576649cff-5bvst,boutique,/kubepods/burstable/pod9d685cd3-17df-43af-a26e-7743c006902d,1780634705,0.0
fs_writes_bytes_rate,minikube,kube-apiserver-minikube,kube-system,/kubepods/burstable/poda6dc00f40d27725f15407f95751ce5f7,1780634705,0.0
fs_writes_bytes_rate,minikube,loadgenerator-7dd458dd5b-p2gm5,boutique,/kubepods/burstable/podad2b31a2-cb58-4a8e-9520-6dac05e0ae03,1780634705,0.0
fs_writes_bytes_rate,minikube,alertmanager-monitoring-kube-prometheus-alertmanager-0,monitoring,/kubepods/burstable/podb5fde93f-2f9a-427f-aa16-8a257f179975,1780634705,0.0
fs_writes_bytes_rate,minikube,currencyservice-fd8f5dfb7-js8gr,boutique,/kubepods/burstable/podc827ec2d-8a9d-4e1c-8017-62c3901eccb4,1780634705,0.0
fs_writes_bytes_rate,minikube,redis-cart-6899b65948-ms767,boutique,/kubepods/burstable/podd425db0f-53f9-4bec-9ee1-49e4ced03bb6,1780634705,0.0
fs_writes_bytes_rate,minikube,chaos-controller-manager-659785674d-wbwg8,chaos-testing,/kubepods/burstable/podd7abbfc2-2af5-4b28-b438-3ebef4bafcce,1780634705,0.0
fs_writes_bytes_rate,minikube,paymentservice-6b76dfb449-n8mm2,boutique,/kubepods/burstable/podd9986049-5066-4a99-a156-0bc7b2391961,1780634705,0.0
fs_writes_bytes_rate,minikube,checkoutservice-75b9cd684f-mxb57,boutique,/kubepods/burstable/pod899228c2-a2b5-44fd-93be-9c372e37e8b5,1780634705,0.0
fs_writes_bytes_rate,minikube,frontend-694b9f76cd-pskf5,boutique,/kubepods/burstable/pod4d235b9f-a410-4f2c-99da-80b42ecf7d86,1780634705,0.0
fs_writes_bytes_rate,minikube,productcatalogservice-fb49fc9cc-vbqbl,boutique,/kubepods/burstable/pod9b723af0-e450-462a-a20e-b721d0610cf7,1780634705,0.0
fs_reads_total,minikube,kube-proxy-fshvh,kube-system,/kubepods/besteffort/pod2f4efb93-ee48-4c37-b1e1-6f2e54a917c7,1780634705,511.0
fs_reads_total,minikube,monitoring-kube-state-metrics-868694bc4b-689cm,monitoring,/kubepods/besteffort/pod59c52cc8-67e3-4946-aac6-7ff0ef74285f,1780634705,522.0
fs_reads_total,minikube,prometheus-monitoring-kube-prometheus-prometheus-0,monitoring,/kubepods/besteffort/pod6bff50b8-f988-4ff2-a8c1-8f95f2c25189,1780634705,2448.0
fs_reads_total,minikube,storage-provisioner,kube-system,/kubepods/besteffort/pod9bffcac8-a0cd-49a4-ad59-cdbf60a579cb,1780634705,270.0
fs_reads_total,minikube,monitoring-grafana-6f66955c48-hlrcn,monitoring,/kubepods/besteffort/pod9d3fe3f0-8989-47b4-8478-0ae7be66df8d,1780634705,5811.0
fs_reads_total,minikube,chaos-daemon-n6ghj,chaos-testing,/kubepods/besteffort/poda051be83-a7cd-43e4-83d3-76f3c90e8474,1780634705,476.0
fs_reads_total,minikube,monitoring-kube-prometheus-operator-556b56cc6d-n6dg9,monitoring,/kubepods/besteffort/podc8122519-a592-495f-9353-00a2f23fdf80,1780634705,526.0
fs_reads_total,minikube,monitoring-prometheus-node-exporter-pdw8p,monitoring,/kubepods/besteffort/podd35abb3b-34f0-40fa-af55-3ab246fc64c8,1780634705,191.0
fs_reads_total,minikube,kube-scheduler-minikube,kube-system,/kubepods/burstable/pod1c7123a121598343200ffd5b015ca580,1780634705,462.0
fs_reads_total,minikube,shippingservice-55656785c7-lk4mx,boutique,/kubepods/burstable/pod1df51271-c9ea-47fa-8fb2-cf15bbc7c216,1780634705,156.0
fs_reads_total,minikube,chaos-controller-manager-659785674d-29q42,chaos-testing,/kubepods/burstable/pod21ab858c-cee8-438c-8682-c786dc3dc044,1780634705,140.0
fs_reads_total,minikube,chaos-controller-manager-659785674d-fjb2r,chaos-testing,/kubepods/burstable/pod2569141a-4d05-422e-bcf2-2f01e2f5056d,1780634705,4.0
fs_reads_total,minikube,coredns-7d764666f9-hxxb8,kube-system,/kubepods/burstable/pod596c18fb-891c-4e87-9b11-83d99dd6d264,1780634705,330.0
fs_reads_total,minikube,recommendationservice-6f8f67d69-fhrns,boutique,/kubepods/burstable/pod5ded7b1a-44d9-4178-8596-57a9e25f6171,1780634705,907.0
fs_reads_total,minikube,etcd-minikube,kube-system,/kubepods/burstable/pod5ff8e3b06bbaa8cb7ebc2bf531e48a2f,1780634705,1637.0
fs_reads_total,minikube,emailservice-7466dc585-sv4wh,boutique,/kubepods/burstable/pod6116940a-da83-4761-97dc-892a207b789e,1780634705,920.0
fs_reads_total,minikube,cartservice-546c548494-cb4lb,boutique,/kubepods/burstable/pod6ec732c5-cf34-4e25-a3ce-ff4b44ce8d19,1780634705,313.0
fs_reads_total,minikube,kube-controller-manager-minikube,kube-system,/kubepods/burstable/pod740363cf4388c2d0df59fc97f96b889c,1780634705,690.0
fs_reads_total,minikube,chaos-dashboard-5b77585c6c-zm7f4,chaos-testing,/kubepods/burstable/pod7d3e8284-7c72-4577-a8fb-79d957f69104,1780634705,741.0
fs_reads_total,minikube,chaos-dns-server-6bccb5bb76-gscmn,chaos-testing,/kubepods/burstable/pod8a82a436-ef3f-4750-8f39-dbfde680d0b8,1780634705,416.0
fs_reads_total,minikube,coredns-7d764666f9-gmlgd,kube-system,/kubepods/burstable/pod9289fad3-6e91-4617-b97d-6da4631c2f35,1780634705,498.0
fs_reads_total,minikube,adservice-8576649cff-5bvst,boutique,/kubepods/burstable/pod9d685cd3-17df-43af-a26e-7743c006902d,1780634705,1967.0
fs_reads_total,minikube,kube-apiserver-minikube,kube-system,/kubepods/burstable/poda6dc00f40d27725f15407f95751ce5f7,1780634705,889.0
fs_reads_total,minikube,loadgenerator-7dd458dd5b-p2gm5,boutique,/kubepods/burstable/podad2b31a2-cb58-4a8e-9520-6dac05e0ae03,1780634705,1158.0
fs_reads_total,minikube,alertmanager-monitoring-kube-prometheus-alertmanager-0,monitoring,/kubepods/burstable/podb5fde93f-2f9a-427f-aa16-8a257f179975,1780634705,579.0
fs_reads_total,minikube,currencyservice-fd8f5dfb7-js8gr,boutique,/kubepods/burstable/podc827ec2d-8a9d-4e1c-8017-62c3901eccb4,1780634705,875.0
fs_reads_total,minikube,redis-cart-6899b65948-ms767,boutique,/kubepods/burstable/podd425db0f-53f9-4bec-9ee1-49e4ced03bb6,1780634705,250.0
fs_reads_total,minikube,chaos-controller-manager-659785674d-wbwg8,chaos-testing,/kubepods/burstable/podd7abbfc2-2af5-4b28-b438-3ebef4bafcce,1780634705,562.0
fs_reads_total,minikube,paymentservice-6b76dfb449-n8mm2,boutique,/kubepods/burstable/podd9986049-5066-4a99-a156-0bc7b2391961,1780634705,727.0
fs_reads_total,minikube,checkoutservice-75b9cd684f-mxb57,boutique,/kubepods/burstable/pod899228c2-a2b5-44fd-93be-9c372e37e8b5,1780634705,173.0
fs_reads_total,minikube,frontend-694b9f76cd-pskf5,boutique,/kubepods/burstable/pod4d235b9f-a410-4f2c-99da-80b42ecf7d86,1780634705,209.0
fs_reads_total,minikube,productcatalogservice-fb49fc9cc-vbqbl,boutique,/kubepods/burstable/pod9b723af0-e450-462a-a20e-b721d0610cf7,1780634705,222.0
fs_writes_total,minikube,kube-proxy-fshvh,kube-system,/kubepods/besteffort/pod2f4efb93-ee48-4c37-b1e1-6f2e54a917c7,1780634705,0.0
fs_writes_total,minikube,monitoring-kube-state-metrics-868694bc4b-689cm,monitoring,/kubepods/besteffort/pod59c52cc8-67e3-4946-aac6-7ff0ef74285f,1780634705,0.0
fs_writes_total,minikube,prometheus-monitoring-kube-prometheus-prometheus-0,monitoring,/kubepods/besteffort/pod6bff50b8-f988-4ff2-a8c1-8f95f2c25189,1780634705,17.0
fs_writes_total,minikube,storage-provisioner,kube-system,/kubepods/besteffort/pod9bffcac8-a0cd-49a4-ad59-cdbf60a579cb,1780634705,0.0
fs_writes_total,minikube,monitoring-grafana-6f66955c48-hlrcn,monitoring,/kubepods/besteffort/pod9d3fe3f0-8989-47b4-8478-0ae7be66df8d,1780634705,70.0
fs_writes_total,minikube,chaos-daemon-n6ghj,chaos-testing,/kubepods/besteffort/poda051be83-a7cd-43e4-83d3-76f3c90e8474,1780634705,0.0
fs_writes_total,minikube,monitoring-kube-prometheus-operator-556b56cc6d-n6dg9,monitoring,/kubepods/besteffort/podc8122519-a592-495f-9353-00a2f23fdf80,1780634705,0.0
fs_writes_total,minikube,monitoring-prometheus-node-exporter-pdw8p,monitoring,/kubepods/besteffort/podd35abb3b-34f0-40fa-af55-3ab246fc64c8,1780634705,0.0
fs_writes_total,minikube,kube-scheduler-minikube,kube-system,/kubepods/burstable/pod1c7123a121598343200ffd5b015ca580,1780634705,0.0
fs_writes_total,minikube,shippingservice-55656785c7-lk4mx,boutique,/kubepods/burstable/pod1df51271-c9ea-47fa-8fb2-cf15bbc7c216,1780634705,0.0
fs_writes_total,minikube,chaos-controller-manager-659785674d-29q42,chaos-testing,/kubepods/burstable/pod21ab858c-cee8-438c-8682-c786dc3dc044,1780634705,0.0
fs_writes_total,minikube,chaos-controller-manager-659785674d-fjb2r,chaos-testing,/kubepods/burstable/pod2569141a-4d05-422e-bcf2-2f01e2f5056d,1780634705,0.0
fs_writes_total,minikube,coredns-7d764666f9-hxxb8,kube-system,/kubepods/burstable/pod596c18fb-891c-4e87-9b11-83d99dd6d264,1780634705,0.0
fs_writes_total,minikube,recommendationservice-6f8f67d69-fhrns,boutique,/kubepods/burstable/pod5ded7b1a-44d9-4178-8596-57a9e25f6171,1780634705,0.0
fs_writes_total,minikube,etcd-minikube,kube-system,/kubepods/burstable/pod5ff8e3b06bbaa8cb7ebc2bf531e48a2f,1780634705,2375.0
fs_writes_total,minikube,emailservice-7466dc585-sv4wh,boutique,/kubepods/burstable/pod6116940a-da83-4761-97dc-892a207b789e,1780634705,0.0
fs_writes_total,minikube,cartservice-546c548494-cb4lb,boutique,/kubepods/burstable/pod6ec732c5-cf34-4e25-a3ce-ff4b44ce8d19,1780634705,0.0
fs_writes_total,minikube,kube-controller-manager-minikube,kube-system,/kubepods/burstable/pod740363cf4388c2d0df59fc97f96b889c,1780634705,0.0
fs_writes_total,minikube,chaos-dashboard-5b77585c6c-zm7f4,chaos-testing,/kubepods/burstable/pod7d3e8284-7c72-4577-a8fb-79d957f69104,1780634705,0.0
fs_writes_total,minikube,chaos-dns-server-6bccb5bb76-gscmn,chaos-testing,/kubepods/burstable/pod8a82a436-ef3f-4750-8f39-dbfde680d0b8,1780634705,0.0
fs_writes_total,minikube,coredns-7d764666f9-gmlgd,kube-system,/kubepods/burstable/pod9289fad3-6e91-4617-b97d-6da4631c2f35,1780634705,0.0
fs_writes_total,minikube,adservice-8576649cff-5bvst,boutique,/kubepods/burstable/pod9d685cd3-17df-43af-a26e-7743c006902d,1780634705,0.0
fs_writes_total,minikube,kube-apiserver-minikube,kube-system,/kubepods/burstable/poda6dc00f40d27725f15407f95751ce5f7,1780634705,0.0
fs_writes_total,minikube,loadgenerator-7dd458dd5b-p2gm5,boutique,/kubepods/burstable/podad2b31a2-cb58-4a8e-9520-6dac05e0ae03,1780634705,0.0
fs_writes_total,minikube,alertmanager-monitoring-kube-prometheus-alertmanager-0,monitoring,/kubepods/burstable/podb5fde93f-2f9a-427f-aa16-8a257f179975,1780634705,0.0
fs_writes_total,minikube,currencyservice-fd8f5dfb7-js8gr,boutique,/kubepods/burstable/podc827ec2d-8a9d-4e1c-8017-62c3901eccb4,1780634705,0.0
fs_writes_total,minikube,redis-cart-6899b65948-ms767,boutique,/kubepods/burstable/podd425db0f-53f9-4bec-9ee1-49e4ced03bb6,1780634705,0.0
fs_writes_total,minikube,chaos-controller-manager-659785674d-wbwg8,chaos-testing,/kubepods/burstable/podd7abbfc2-2af5-4b28-b438-3ebef4bafcce,1780634705,0.0
fs_writes_total,minikube,paymentservice-6b76dfb449-n8mm2,boutique,/kubepods/burstable/podd9986049-5066-4a99-a156-0bc7b2391961,1780634705,0.0
fs_writes_total,minikube,checkoutservice-75b9cd684f-mxb57,boutique,/kubepods/burstable/pod899228c2-a2b5-44fd-93be-9c372e37e8b5,1780634705,0.0
fs_writes_total,minikube,frontend-694b9f76cd-pskf5,boutique,/kubepods/burstable/pod4d235b9f-a410-4f2c-99da-80b42ecf7d86,1780634705,0.0
fs_writes_total,minikube,productcatalogservice-fb49fc9cc-vbqbl,boutique,/kubepods/burstable/pod9b723af0-e450-462a-a20e-b721d0610cf7,1780634705,0.0
pod_status_phase_Pending,,productcatalogservice-fb49fc9cc-vbqbl,boutique,kube-state-metrics,1780634705,0.0
pod_status_phase_Succeeded,,productcatalogservice-fb49fc9cc-vbqbl,boutique,kube-state-metrics,1780634705,0.0
pod_status_phase_Failed,,productcatalogservice-fb49fc9cc-vbqbl,boutique,kube-state-metrics,1780634705,0.0
pod_status_phase_Unknown,,productcatalogservice-fb49fc9cc-vbqbl,boutique,kube-state-metrics,1780634705,0.0
pod_status_phase_Running,,productcatalogservice-fb49fc9cc-vbqbl,boutique,kube-state-metrics,1780634705,1.0
pod_status_phase_Pending,,redis-cart-6899b65948-ms767,boutique,kube-state-metrics,1780634705,0.0
pod_status_phase_Succeeded,,redis-cart-6899b65948-ms767,boutique,kube-state-metrics,1780634705,0.0
pod_status_phase_Failed,,redis-cart-6899b65948-ms767,boutique,kube-state-metrics,1780634705,0.0
pod_status_phase_Unknown,,redis-cart-6899b65948-ms767,boutique,kube-state-metrics,1780634705,0.0
pod_status_phase_Running,,redis-cart-6899b65948-ms767,boutique,kube-state-metrics,1780634705,1.0
pod_status_phase_Pending,,kube-controller-manager-minikube,kube-system,kube-state-metrics,1780634705,0.0
pod_status_phase_Succeeded,,kube-controller-manager-minikube,kube-system,kube-state-metrics,1780634705,0.0
pod_status_phase_Failed,,kube-controller-manager-minikube,kube-system,kube-state-metrics,1780634705,0.0
pod_status_phase_Unknown,,kube-controller-manager-minikube,kube-system,kube-state-metrics,1780634705,0.0
pod_status_phase_Running,,kube-controller-manager-minikube,kube-system,kube-state-metrics,1780634705,1.0
pod_status_phase_Pending,,currencyservice-fd8f5dfb7-js8gr,boutique,kube-state-metrics,1780634705,0.0
pod_status_phase_Succeeded,,currencyservice-fd8f5dfb7-js8gr,boutique,kube-state-metrics,1780634705,0.0
pod_status_phase_Failed,,currencyservice-fd8f5dfb7-js8gr,boutique,kube-state-metrics,1780634705,0.0
pod_status_phase_Unknown,,currencyservice-fd8f5dfb7-js8gr,boutique,kube-state-metrics,1780634705,0.0
pod_status_phase_Running,,currencyservice-fd8f5dfb7-js8gr,boutique,kube-state-metrics,1780634705,1.0
pod_status_phase_Pending,,kube-proxy-fshvh,kube-system,kube-state-metrics,1780634705,0.0
pod_status_phase_Succeeded,,kube-proxy-fshvh,kube-system,kube-state-metrics,1780634705,0.0
pod_status_phase_Failed,,kube-proxy-fshvh,kube-system,kube-state-metrics,1780634705,0.0
pod_status_phase_Unknown,,kube-proxy-fshvh,kube-system,kube-state-metrics,1780634705,0.0
pod_status_phase_Running,,kube-proxy-fshvh,kube-system,kube-state-metrics,1780634705,1.0
pod_status_phase_Pending,,chaos-controller-manager-659785674d-29q42,chaos-testing,kube-state-metrics,1780634705,0.0
pod_status_phase_Succeeded,,chaos-controller-manager-659785674d-29q42,chaos-testing,kube-state-metrics,1780634705,0.0
pod_status_phase_Failed,,chaos-controller-manager-659785674d-29q42,chaos-testing,kube-state-metrics,1780634705,0.0
pod_status_phase_Unknown,,chaos-controller-manager-659785674d-29q42,chaos-testing,kube-state-metrics,1780634705,0.0
pod_status_phase_Running,,chaos-controller-manager-659785674d-29q42,chaos-testing,kube-state-metrics,1780634705,1.0
pod_status_phase_Pending,,frontend-694b9f76cd-pskf5,boutique,kube-state-metrics,1780634705,0.0
pod_status_phase_Succeeded,,frontend-694b9f76cd-pskf5,boutique,kube-state-metrics,1780634705,0.0
pod_status_phase_Failed,,frontend-694b9f76cd-pskf5,boutique,kube-state-metrics,1780634705,0.0
pod_status_phase_Unknown,,frontend-694b9f76cd-pskf5,boutique,kube-state-metrics,1780634705,0.0
pod_status_phase_Running,,frontend-694b9f76cd-pskf5,boutique,kube-state-metrics,1780634705,1.0
pod_status_phase_Pending,,monitoring-kube-state-metrics-868694bc4b-689cm,monitoring,kube-state-metrics,1780634705,0.0
pod_status_phase_Succeeded,,monitoring-kube-state-metrics-868694bc4b-689cm,monitoring,kube-state-metrics,1780634705,0.0
pod_status_phase_Failed,,monitoring-kube-state-metrics-868694bc4b-689cm,monitoring,kube-state-metrics,1780634705,0.0
pod_status_phase_Unknown,,monitoring-kube-state-metrics-868694bc4b-689cm,monitoring,kube-state-metrics,1780634705,0.0
pod_status_phase_Running,,monitoring-kube-state-metrics-868694bc4b-689cm,monitoring,kube-state-metrics,1780634705,1.0
pod_status_phase_Pending,,chaos-controller-manager-659785674d-wbwg8,chaos-testing,kube-state-metrics,1780634705,0.0
pod_status_phase_Succeeded,,chaos-controller-manager-659785674d-wbwg8,chaos-testing,kube-state-metrics,1780634705,0.0
pod_status_phase_Failed,,chaos-controller-manager-659785674d-wbwg8,chaos-testing,kube-state-metrics,1780634705,0.0
pod_status_phase_Unknown,,chaos-controller-manager-659785674d-wbwg8,chaos-testing,kube-state-metrics,1780634705,0.0
pod_status_phase_Running,,chaos-controller-manager-659785674d-wbwg8,chaos-testing,kube-state-metrics,1780634705,1.0
pod_status_phase_Pending,,chaos-controller-manager-659785674d-fjb2r,chaos-testing,kube-state-metrics,1780634705,0.0
pod_status_phase_Succeeded,,chaos-controller-manager-659785674d-fjb2r,chaos-testing,kube-state-metrics,1780634705,0.0
pod_status_phase_Failed,,chaos-controller-manager-659785674d-fjb2r,chaos-testing,kube-state-metrics,1780634705,0.0
pod_status_phase_Unknown,,chaos-controller-manager-659785674d-fjb2r,chaos-testing,kube-state-metrics,1780634705,0.0
pod_status_phase_Running,,chaos-controller-manager-659785674d-fjb2r,chaos-testing,kube-state-metrics,1780634705,1.0
pod_status_phase_Pending,,paymentservice-6b76dfb449-n8mm2,boutique,kube-state-metrics,1780634705,0.0
pod_status_phase_Succeeded,,paymentservice-6b76dfb449-n8mm2,boutique,kube-state-metrics,1780634705,0.0
pod_status_phase_Failed,,paymentservice-6b76dfb449-n8mm2,boutique,kube-state-metrics,1780634705,0.0
pod_status_phase_Unknown,,paymentservice-6b76dfb449-n8mm2,boutique,kube-state-metrics,1780634705,0.0
pod_status_phase_Running,,paymentservice-6b76dfb449-n8mm2,boutique,kube-state-metrics,1780634705,1.0
pod_status_phase_Pending,,adservice-8576649cff-5bvst,boutique,kube-state-metrics,1780634705,0.0
pod_status_phase_Succeeded,,adservice-8576649cff-5bvst,boutique,kube-state-metrics,1780634705,0.0
pod_status_phase_Failed,,adservice-8576649cff-5bvst,boutique,kube-state-metrics,1780634705,0.0
pod_status_phase_Unknown,,adservice-8576649cff-5bvst,boutique,kube-state-metrics,1780634705,0.0
pod_status_phase_Running,,adservice-8576649cff-5bvst,boutique,kube-state-metrics,1780634705,1.0
pod_status_phase_Pending,,cartservice-546c548494-cb4lb,boutique,kube-state-metrics,1780634705,0.0
pod_status_phase_Succeeded,,cartservice-546c548494-cb4lb,boutique,kube-state-metrics,1780634705,0.0
pod_status_phase_Failed,,cartservice-546c548494-cb4lb,boutique,kube-state-metrics,1780634705,0.0
pod_status_phase_Unknown,,cartservice-546c548494-cb4lb,boutique,kube-state-metrics,1780634705,0.0
pod_status_phase_Running,,cartservice-546c548494-cb4lb,boutique,kube-state-metrics,1780634705,1.0
pod_status_phase_Pending,,monitoring-prometheus-node-exporter-pdw8p,monitoring,kube-state-metrics,1780634705,0.0
pod_status_phase_Succeeded,,monitoring-prometheus-node-exporter-pdw8p,monitoring,kube-state-metrics,1780634705,0.0
pod_status_phase_Failed,,monitoring-prometheus-node-exporter-pdw8p,monitoring,kube-state-metrics,1780634705,0.0
pod_status_phase_Unknown,,monitoring-prometheus-node-exporter-pdw8p,monitoring,kube-state-metrics,1780634705,0.0
pod_status_phase_Running,,monitoring-prometheus-node-exporter-pdw8p,monitoring,kube-state-metrics,1780634705,1.0
pod_status_phase_Pending,,etcd-minikube,kube-system,kube-state-metrics,1780634705,0.0
pod_status_phase_Succeeded,,etcd-minikube,kube-system,kube-state-metrics,1780634705,0.0
pod_status_phase_Failed,,etcd-minikube,kube-system,kube-state-metrics,1780634705,0.0
pod_status_phase_Unknown,,etcd-minikube,kube-system,kube-state-metrics,1780634705,0.0
pod_status_phase_Running,,etcd-minikube,kube-system,kube-state-metrics,1780634705,1.0
pod_status_phase_Pending,,coredns-7d764666f9-hxxb8,kube-system,kube-state-metrics,1780634705,0.0
pod_status_phase_Succeeded,,coredns-7d764666f9-hxxb8,kube-system,kube-state-metrics,1780634705,0.0
pod_status_phase_Failed,,coredns-7d764666f9-hxxb8,kube-system,kube-state-metrics,1780634705,0.0
pod_status_phase_Unknown,,coredns-7d764666f9-hxxb8,kube-system,kube-state-metrics,1780634705,0.0
pod_status_phase_Running,,coredns-7d764666f9-hxxb8,kube-system,kube-state-metrics,1780634705,1.0
pod_status_phase_Pending,,chaos-dns-server-6bccb5bb76-gscmn,chaos-testing,kube-state-metrics,1780634705,0.0
pod_status_phase_Succeeded,,chaos-dns-server-6bccb5bb76-gscmn,chaos-testing,kube-state-metrics,1780634705,0.0
pod_status_phase_Failed,,chaos-dns-server-6bccb5bb76-gscmn,chaos-testing,kube-state-metrics,1780634705,0.0
pod_status_phase_Unknown,,chaos-dns-server-6bccb5bb76-gscmn,chaos-testing,kube-state-metrics,1780634705,0.0
pod_status_phase_Running,,chaos-dns-server-6bccb5bb76-gscmn,chaos-testing,kube-state-metrics,1780634705,1.0
pod_status_phase_Pending,,kube-apiserver-minikube,kube-system,kube-state-metrics,1780634705,0.0
pod_status_phase_Succeeded,,kube-apiserver-minikube,kube-system,kube-state-metrics,1780634705,0.0
pod_status_phase_Failed,,kube-apiserver-minikube,kube-system,kube-state-metrics,1780634705,0.0
pod_status_phase_Unknown,,kube-apiserver-minikube,kube-system,kube-state-metrics,1780634705,0.0
pod_status_phase_Running,,kube-apiserver-minikube,kube-system,kube-state-metrics,1780634705,1.0
pod_status_phase_Pending,,prometheus-monitoring-kube-prometheus-prometheus-0,monitoring,kube-state-metrics,1780634705,0.0
pod_status_phase_Succeeded,,prometheus-monitoring-kube-prometheus-prometheus-0,monitoring,kube-state-metrics,1780634705,0.0
pod_status_phase_Failed,,prometheus-monitoring-kube-prometheus-prometheus-0,monitoring,kube-state-metrics,1780634705,0.0
pod_status_phase_Unknown,,prometheus-monitoring-kube-prometheus-prometheus-0,monitoring,kube-state-metrics,1780634705,0.0
pod_status_phase_Running,,prometheus-monitoring-kube-prometheus-prometheus-0,monitoring,kube-state-metrics,1780634705,1.0
pod_status_phase_Pending,,storage-provisioner,kube-system,kube-state-metrics,1780634705,0.0
pod_status_phase_Succeeded,,storage-provisioner,kube-system,kube-state-metrics,1780634705,0.0
pod_status_phase_Failed,,storage-provisioner,kube-system,kube-state-metrics,1780634705,0.0
pod_status_phase_Unknown,,storage-provisioner,kube-system,kube-state-metrics,1780634705,0.0
pod_status_phase_Running,,storage-provisioner,kube-system,kube-state-metrics,1780634705,1.0
pod_status_phase_Pending,,loadgenerator-7dd458dd5b-p2gm5,boutique,kube-state-metrics,1780634705,0.0
pod_status_phase_Succeeded,,loadgenerator-7dd458dd5b-p2gm5,boutique,kube-state-metrics,1780634705,0.0
pod_status_phase_Failed,,loadgenerator-7dd458dd5b-p2gm5,boutique,kube-state-metrics,1780634705,0.0
pod_status_phase_Unknown,,loadgenerator-7dd458dd5b-p2gm5,boutique,kube-state-metrics,1780634705,0.0
pod_status_phase_Running,,loadgenerator-7dd458dd5b-p2gm5,boutique,kube-state-metrics,1780634705,1.0
pod_status_phase_Pending,,alertmanager-monitoring-kube-prometheus-alertmanager-0,monitoring,kube-state-metrics,1780634705,0.0
pod_status_phase_Succeeded,,alertmanager-monitoring-kube-prometheus-alertmanager-0,monitoring,kube-state-metrics,1780634705,0.0
pod_status_phase_Failed,,alertmanager-monitoring-kube-prometheus-alertmanager-0,monitoring,kube-state-metrics,1780634705,0.0
pod_status_phase_Unknown,,alertmanager-monitoring-kube-prometheus-alertmanager-0,monitoring,kube-state-metrics,1780634705,0.0
pod_status_phase_Running,,alertmanager-monitoring-kube-prometheus-alertmanager-0,monitoring,kube-state-metrics,1780634705,1.0
pod_status_phase_Pending,,shippingservice-55656785c7-lk4mx,boutique,kube-state-metrics,1780634705,0.0
pod_status_phase_Succeeded,,shippingservice-55656785c7-lk4mx,boutique,kube-state-metrics,1780634705,0.0
pod_status_phase_Failed,,shippingservice-55656785c7-lk4mx,boutique,kube-state-metrics,1780634705,0.0
pod_status_phase_Unknown,,shippingservice-55656785c7-lk4mx,boutique,kube-state-metrics,1780634705,0.0
pod_status_phase_Running,,shippingservice-55656785c7-lk4mx,boutique,kube-state-metrics,1780634705,1.0
pod_status_phase_Pending,,chaos-dashboard-5b77585c6c-zm7f4,chaos-testing,kube-state-metrics,1780634705,0.0
pod_status_phase_Succeeded,,chaos-dashboard-5b77585c6c-zm7f4,chaos-testing,kube-state-metrics,1780634705,0.0
pod_status_phase_Failed,,chaos-dashboard-5b77585c6c-zm7f4,chaos-testing,kube-state-metrics,1780634705,0.0
pod_status_phase_Unknown,,chaos-dashboard-5b77585c6c-zm7f4,chaos-testing,kube-state-metrics,1780634705,0.0
pod_status_phase_Running,,chaos-dashboard-5b77585c6c-zm7f4,chaos-testing,kube-state-metrics,1780634705,1.0
pod_status_phase_Pending,,monitoring-grafana-6f66955c48-hlrcn,monitoring,kube-state-metrics,1780634705,0.0
pod_status_phase_Succeeded,,monitoring-grafana-6f66955c48-hlrcn,monitoring,kube-state-metrics,1780634705,0.0
pod_status_phase_Failed,,monitoring-grafana-6f66955c48-hlrcn,monitoring,kube-state-metrics,1780634705,0.0
pod_status_phase_Unknown,,monitoring-grafana-6f66955c48-hlrcn,monitoring,kube-state-metrics,1780634705,0.0
pod_status_phase_Running,,monitoring-grafana-6f66955c48-hlrcn,monitoring,kube-state-metrics,1780634705,1.0
pod_status_phase_Pending,,coredns-7d764666f9-gmlgd,kube-system,kube-state-metrics,1780634705,0.0
pod_status_phase_Succeeded,,coredns-7d764666f9-gmlgd,kube-system,kube-state-metrics,1780634705,0.0
pod_status_phase_Failed,,coredns-7d764666f9-gmlgd,kube-system,kube-state-metrics,1780634705,0.0
pod_status_phase_Unknown,,coredns-7d764666f9-gmlgd,kube-system,kube-state-metrics,1780634705,0.0
pod_status_phase_Running,,coredns-7d764666f9-gmlgd,kube-system,kube-state-metrics,1780634705,1.0
pod_status_phase_Pending,,checkoutservice-75b9cd684f-mxb57,boutique,kube-state-metrics,1780634705,0.0
pod_status_phase_Succeeded,,checkoutservice-75b9cd684f-mxb57,boutique,kube-state-metrics,1780634705,0.0
pod_status_phase_Failed,,checkoutservice-75b9cd684f-mxb57,boutique,kube-state-metrics,1780634705,0.0
pod_status_phase_Unknown,,checkoutservice-75b9cd684f-mxb57,boutique,kube-state-metrics,1780634705,0.0
pod_status_phase_Running,,checkoutservice-75b9cd684f-mxb57,boutique,kube-state-metrics,1780634705,1.0
pod_status_phase_Pending,,kube-scheduler-minikube,kube-system,kube-state-metrics,1780634705,0.0
pod_status_phase_Succeeded,,kube-scheduler-minikube,kube-system,kube-state-metrics,1780634705,0.0
pod_status_phase_Failed,,kube-scheduler-minikube,kube-system,kube-state-metrics,1780634705,0.0
pod_status_phase_Unknown,,kube-scheduler-minikube,kube-system,kube-state-metrics,1780634705,0.0
pod_status_phase_Running,,kube-scheduler-minikube,kube-system,kube-state-metrics,1780634705,1.0
pod_status_phase_Pending,,emailservice-7466dc585-sv4wh,boutique,kube-state-metrics,1780634705,0.0
pod_status_phase_Succeeded,,emailservice-7466dc585-sv4wh,boutique,kube-state-metrics,1780634705,0.0
pod_status_phase_Failed,,emailservice-7466dc585-sv4wh,boutique,kube-state-metrics,1780634705,0.0
pod_status_phase_Unknown,,emailservice-7466dc585-sv4wh,boutique,kube-state-metrics,1780634705,0.0
pod_status_phase_Running,,emailservice-7466dc585-sv4wh,boutique,kube-state-metrics,1780634705,1.0
pod_status_phase_Pending,,monitoring-kube-prometheus-operator-556b56cc6d-n6dg9,monitoring,kube-state-metrics,1780634705,0.0
pod_status_phase_Succeeded,,monitoring-kube-prometheus-operator-556b56cc6d-n6dg9,monitoring,kube-state-metrics,1780634705,0.0
pod_status_phase_Failed,,monitoring-kube-prometheus-operator-556b56cc6d-n6dg9,monitoring,kube-state-metrics,1780634705,0.0
pod_status_phase_Unknown,,monitoring-kube-prometheus-operator-556b56cc6d-n6dg9,monitoring,kube-state-metrics,1780634705,0.0
pod_status_phase_Running,,monitoring-kube-prometheus-operator-556b56cc6d-n6dg9,monitoring,kube-state-metrics,1780634705,1.0
pod_status_phase_Pending,,recommendationservice-6f8f67d69-fhrns,boutique,kube-state-metrics,1780634705,0.0
pod_status_phase_Succeeded,,recommendationservice-6f8f67d69-fhrns,boutique,kube-state-metrics,1780634705,0.0
pod_status_phase_Failed,,recommendationservice-6f8f67d69-fhrns,boutique,kube-state-metrics,1780634705,0.0
pod_status_phase_Unknown,,recommendationservice-6f8f67d69-fhrns,boutique,kube-state-metrics,1780634705,0.0
pod_status_phase_Running,,recommendationservice-6f8f67d69-fhrns,boutique,kube-state-metrics,1780634705,1.0
pod_status_phase_Pending,,chaos-daemon-n6ghj,chaos-testing,kube-state-metrics,1780634705,0.0
pod_status_phase_Succeeded,,chaos-daemon-n6ghj,chaos-testing,kube-state-metrics,1780634705,0.0
pod_status_phase_Failed,,chaos-daemon-n6ghj,chaos-testing,kube-state-metrics,1780634705,0.0
pod_status_phase_Unknown,,chaos-daemon-n6ghj,chaos-testing,kube-state-metrics,1780634705,0.0
pod_status_phase_Running,,chaos-daemon-n6ghj,chaos-testing,kube-state-metrics,1780634705,1.0
pod_restarts,,productcatalogservice-fb49fc9cc-vbqbl,boutique,server,1780634705,1.0
pod_restarts,,redis-cart-6899b65948-ms767,boutique,redis,1780634705,6.0
pod_restarts,,kube-controller-manager-minikube,kube-system,kube-controller-manager,1780634705,8.0
pod_restarts,,currencyservice-fd8f5dfb7-js8gr,boutique,server,1780634705,11.0
pod_restarts,,kube-proxy-fshvh,kube-system,kube-proxy,1780634705,7.0
pod_restarts,,chaos-controller-manager-659785674d-29q42,chaos-testing,chaos-mesh,1780634705,5.0
pod_restarts,,frontend-694b9f76cd-pskf5,boutique,server,1780634705,1.0
pod_restarts,,monitoring-kube-state-metrics-868694bc4b-689cm,monitoring,kube-state-metrics,1780634705,6.0
pod_restarts,,chaos-controller-manager-659785674d-wbwg8,chaos-testing,chaos-mesh,1780634705,5.0
pod_restarts,,chaos-controller-manager-659785674d-fjb2r,chaos-testing,chaos-mesh,1780634705,5.0
pod_restarts,,paymentservice-6b76dfb449-n8mm2,boutique,server,1780634705,9.0
pod_restarts,,adservice-8576649cff-5bvst,boutique,server,1780634705,8.0
pod_restarts,,cartservice-546c548494-cb4lb,boutique,server,1780634705,6.0
pod_restarts,,monitoring-prometheus-node-exporter-pdw8p,monitoring,node-exporter,1780634705,6.0
pod_restarts,,etcd-minikube,kube-system,etcd,1780634705,7.0
pod_restarts,,coredns-7d764666f9-hxxb8,kube-system,coredns,1780634705,7.0
pod_restarts,,chaos-dns-server-6bccb5bb76-gscmn,chaos-testing,chaos-dns-server,1780634705,5.0
pod_restarts,,kube-apiserver-minikube,kube-system,kube-apiserver,1780634705,7.0
pod_restarts,,prometheus-monitoring-kube-prometheus-prometheus-0,monitoring,config-reloader,1780634705,6.0
pod_restarts,,prometheus-monitoring-kube-prometheus-prometheus-0,monitoring,prometheus,1780634705,6.0
pod_restarts,,storage-provisioner,kube-system,storage-provisioner,1780634705,10.0
pod_restarts,,loadgenerator-7dd458dd5b-p2gm5,boutique,main,1780634705,4.0
pod_restarts,,alertmanager-monitoring-kube-prometheus-alertmanager-0,monitoring,alertmanager,1780634705,6.0
pod_restarts,,alertmanager-monitoring-kube-prometheus-alertmanager-0,monitoring,config-reloader,1780634705,6.0
pod_restarts,,shippingservice-55656785c7-lk4mx,boutique,server,1780634705,8.0
pod_restarts,,chaos-dashboard-5b77585c6c-zm7f4,chaos-testing,chaos-dashboard,1780634705,5.0
pod_restarts,,monitoring-grafana-6f66955c48-hlrcn,monitoring,grafana,1780634705,6.0
pod_restarts,,monitoring-grafana-6f66955c48-hlrcn,monitoring,grafana-sc-dashboard,1780634705,6.0
pod_restarts,,monitoring-grafana-6f66955c48-hlrcn,monitoring,grafana-sc-datasources,1780634705,6.0
pod_restarts,,coredns-7d764666f9-gmlgd,kube-system,coredns,1780634705,7.0
pod_restarts,,checkoutservice-75b9cd684f-mxb57,boutique,server,1780634705,1.0
pod_restarts,,kube-scheduler-minikube,kube-system,kube-scheduler,1780634705,7.0
pod_restarts,,emailservice-7466dc585-sv4wh,boutique,server,1780634705,13.0
pod_restarts,,monitoring-kube-prometheus-operator-556b56cc6d-n6dg9,monitoring,kube-prometheus-stack,1780634705,6.0
pod_restarts,,recommendationservice-6f8f67d69-fhrns,boutique,server,1780634705,12.0
pod_restarts,,chaos-daemon-n6ghj,chaos-testing,chaos-daemon,1780634705,5.0
cpu_rate,minikube,kube-proxy-fshvh,kube-system,/kubepods/besteffort/pod2f4efb93-ee48-4c37-b1e1-6f2e54a917c7,1780634719,0.0006237555555555558
cpu_rate,minikube,monitoring-kube-state-metrics-868694bc4b-689cm,monitoring,/kubepods/besteffort/pod59c52cc8-67e3-4946-aac6-7ff0ef74285f,1780634719,0.0005137524996188814
cpu_rate,minikube,prometheus-monitoring-kube-prometheus-prometheus-0,monitoring,/kubepods/besteffort/pod6bff50b8-f988-4ff2-a8c1-8f95f2c25189,1780634719,0.009036782148872262
cpu_rate,minikube,storage-provisioner,kube-system,/kubepods/besteffort/pod9bffcac8-a0cd-49a4-ad59-cdbf60a579cb,1780634719,0.0007592165202707491
cpu_rate,minikube,monitoring-grafana-6f66955c48-hlrcn,monitoring,/kubepods/besteffort/pod9d3fe3f0-8989-47b4-8478-0ae7be66df8d,1780634719,0.003356569755262556
cpu_rate,minikube,chaos-daemon-n6ghj,chaos-testing,/kubepods/besteffort/poda051be83-a7cd-43e4-83d3-76f3c90e8474,1780634719,0.0
cpu_rate,minikube,monitoring-kube-prometheus-operator-556b56cc6d-n6dg9,monitoring,/kubepods/besteffort/podc8122519-a592-495f-9353-00a2f23fdf80,1780634719,0.0012696045378673589
cpu_rate,minikube,monitoring-prometheus-node-exporter-pdw8p,monitoring,/kubepods/besteffort/podd35abb3b-34f0-40fa-af55-3ab246fc64c8,1780634719,0.0004375539819363182
cpu_rate,minikube,kube-scheduler-minikube,kube-system,/kubepods/burstable/pod1c7123a121598343200ffd5b015ca580,1780634719,0.0021984879017993997
cpu_rate,minikube,shippingservice-55656785c7-lk4mx,boutique,/kubepods/burstable/pod1df51271-c9ea-47fa-8fb2-cf15bbc7c216,1780634719,0.00039198706204699916
cpu_rate,minikube,chaos-controller-manager-659785674d-29q42,chaos-testing,/kubepods/burstable/pod21ab858c-cee8-438c-8682-c786dc3dc044,1780634719,0.0001767434755983311
cpu_rate,minikube,chaos-controller-manager-659785674d-fjb2r,chaos-testing,/kubepods/burstable/pod2569141a-4d05-422e-bcf2-2f01e2f5056d,1780634719,0.00011389666023193012
cpu_rate,minikube,coredns-7d764666f9-hxxb8,kube-system,/kubepods/burstable/pod596c18fb-891c-4e87-9b11-83d99dd6d264,1780634719,0.0012364826078577404
cpu_rate,minikube,recommendationservice-6f8f67d69-fhrns,boutique,/kubepods/burstable/pod5ded7b1a-44d9-4178-8596-57a9e25f6171,1780634719,0.001984816077888331
cpu_rate,minikube,etcd-minikube,kube-system,/kubepods/burstable/pod5ff8e3b06bbaa8cb7ebc2bf531e48a2f,1780634719,0.017357480533673395
cpu_rate,minikube,emailservice-7466dc585-sv4wh,boutique,/kubepods/burstable/pod6116940a-da83-4761-97dc-892a207b789e,1780634719,0.006691192392934031
cpu_rate,minikube,cartservice-546c548494-cb4lb,boutique,/kubepods/burstable/pod6ec732c5-cf34-4e25-a3ce-ff4b44ce8d19,1780634719,0.01641113162908243
cpu_rate,minikube,kube-controller-manager-minikube,kube-system,/kubepods/burstable/pod740363cf4388c2d0df59fc97f96b889c,1780634719,0.008084360194319308
cpu_rate,minikube,chaos-dashboard-5b77585c6c-zm7f4,chaos-testing,/kubepods/burstable/pod7d3e8284-7c72-4577-a8fb-79d957f69104,1780634719,0.00047922222222222225
cpu_rate,minikube,chaos-dns-server-6bccb5bb76-gscmn,chaos-testing,/kubepods/burstable/pod8a82a436-ef3f-4750-8f39-dbfde680d0b8,1780634719,0.0007851324917522819
cpu_rate,minikube,coredns-7d764666f9-gmlgd,kube-system,/kubepods/burstable/pod9289fad3-6e91-4617-b97d-6da4631c2f35,1780634719,0.0010189391923189682
cpu_rate,minikube,adservice-8576649cff-5bvst,boutique,/kubepods/burstable/pod9d685cd3-17df-43af-a26e-7743c006902d,1780634719,0.0047520222222222205
cpu_rate,minikube,kube-apiserver-minikube,kube-system,/kubepods/burstable/poda6dc00f40d27725f15407f95751ce5f7,1780634719,0.021224697117073
cpu_rate,minikube,loadgenerator-7dd458dd5b-p2gm5,boutique,/kubepods/burstable/podad2b31a2-cb58-4a8e-9520-6dac05e0ae03,1780634719,0.009858656165311652
cpu_rate,minikube,alertmanager-monitoring-kube-prometheus-alertmanager-0,monitoring,/kubepods/burstable/podb5fde93f-2f9a-427f-aa16-8a257f179975,1780634719,0.0021215852330173277
cpu_rate,minikube,currencyservice-fd8f5dfb7-js8gr,boutique,/kubepods/burstable/podc827ec2d-8a9d-4e1c-8017-62c3901eccb4,1780634719,0.00376001111111111
cpu_rate,minikube,redis-cart-6899b65948-ms767,boutique,/kubepods/burstable/podd425db0f-53f9-4bec-9ee1-49e4ced03bb6,1780634719,0.000755508195704447
cpu_rate,minikube,chaos-controller-manager-659785674d-wbwg8,chaos-testing,/kubepods/burstable/podd7abbfc2-2af5-4b28-b438-3ebef4bafcce,1780634719,0.0021282310715469545
cpu_rate,minikube,paymentservice-6b76dfb449-n8mm2,boutique,/kubepods/burstable/podd9986049-5066-4a99-a156-0bc7b2391961,1780634719,0.004062229166666667
cpu_rate,minikube,checkoutservice-75b9cd684f-mxb57,boutique,/kubepods/burstable/pod899228c2-a2b5-44fd-93be-9c372e37e8b5,1780634719,0.00028014166960383486
cpu_rate,minikube,frontend-694b9f76cd-pskf5,boutique,/kubepods/burstable/pod4d235b9f-a410-4f2c-99da-80b42ecf7d86,1780634719,0.0035416073558514434
cpu_rate,minikube,productcatalogservice-fb49fc9cc-vbqbl,boutique,/kubepods/burstable/pod9b723af0-e450-462a-a20e-b721d0610cf7,1780634719,0.0012659714966694936
memory_working_set,minikube,kube-proxy-fshvh,kube-system,/kubepods/besteffort/pod2f4efb93-ee48-4c37-b1e1-6f2e54a917c7,1780634719,37011456.0
memory_working_set,minikube,monitoring-kube-state-metrics-868694bc4b-689cm,monitoring,/kubepods/besteffort/pod59c52cc8-67e3-4946-aac6-7ff0ef74285f,1780634719,38899712.0
memory_working_set,minikube,prometheus-monitoring-kube-prometheus-prometheus-0,monitoring,/kubepods/besteffort/pod6bff50b8-f988-4ff2-a8c1-8f95f2c25189,1780634719,224804864.0
memory_working_set,minikube,storage-provisioner,kube-system,/kubepods/besteffort/pod9bffcac8-a0cd-49a4-ad59-cdbf60a579cb,1780634719,17518592.0
memory_working_set,minikube,monitoring-grafana-6f66955c48-hlrcn,monitoring,/kubepods/besteffort/pod9d3fe3f0-8989-47b4-8478-0ae7be66df8d,1780634719,430084096.0
memory_working_set,minikube,chaos-daemon-n6ghj,chaos-testing,/kubepods/besteffort/poda051be83-a7cd-43e4-83d3-76f3c90e8474,1780634719,22769664.0
memory_working_set,minikube,monitoring-kube-prometheus-operator-556b56cc6d-n6dg9,monitoring,/kubepods/besteffort/podc8122519-a592-495f-9353-00a2f23fdf80,1780634719,39223296.0
memory_working_set,minikube,monitoring-prometheus-node-exporter-pdw8p,monitoring,/kubepods/besteffort/podd35abb3b-34f0-40fa-af55-3ab246fc64c8,1780634719,14245888.0
memory_working_set,minikube,kube-scheduler-minikube,kube-system,/kubepods/burstable/pod1c7123a121598343200ffd5b015ca580,1780634719,38105088.0
memory_working_set,minikube,shippingservice-55656785c7-lk4mx,boutique,/kubepods/burstable/pod1df51271-c9ea-47fa-8fb2-cf15bbc7c216,1780634719,10719232.0
memory_working_set,minikube,chaos-controller-manager-659785674d-29q42,chaos-testing,/kubepods/burstable/pod21ab858c-cee8-438c-8682-c786dc3dc044,1780634719,19038208.0
memory_working_set,minikube,chaos-controller-manager-659785674d-fjb2r,chaos-testing,/kubepods/burstable/pod2569141a-4d05-422e-bcf2-2f01e2f5056d,1780634719,15323136.0
memory_working_set,minikube,coredns-7d764666f9-hxxb8,kube-system,/kubepods/burstable/pod596c18fb-891c-4e87-9b11-83d99dd6d264,1780634719,23678976.0
memory_working_set,minikube,recommendationservice-6f8f67d69-fhrns,boutique,/kubepods/burstable/pod5ded7b1a-44d9-4178-8596-57a9e25f6171,1780634719,51429376.0
memory_working_set,minikube,etcd-minikube,kube-system,/kubepods/burstable/pod5ff8e3b06bbaa8cb7ebc2bf531e48a2f,1780634719,93806592.0
memory_working_set,minikube,emailservice-7466dc585-sv4wh,boutique,/kubepods/burstable/pod6116940a-da83-4761-97dc-892a207b789e,1780634719,52125696.0
memory_working_set,minikube,cartservice-546c548494-cb4lb,boutique,/kubepods/burstable/pod6ec732c5-cf34-4e25-a3ce-ff4b44ce8d19,1780634719,45768704.0
memory_working_set,minikube,kube-controller-manager-minikube,kube-system,/kubepods/burstable/pod740363cf4388c2d0df59fc97f96b889c,1780634719,106885120.0
memory_working_set,minikube,chaos-dashboard-5b77585c6c-zm7f4,chaos-testing,/kubepods/burstable/pod7d3e8284-7c72-4577-a8fb-79d957f69104,1780634719,50294784.0
memory_working_set,minikube,chaos-dns-server-6bccb5bb76-gscmn,chaos-testing,/kubepods/burstable/pod8a82a436-ef3f-4750-8f39-dbfde680d0b8,1780634719,26812416.0
memory_working_set,minikube,coredns-7d764666f9-gmlgd,kube-system,/kubepods/burstable/pod9289fad3-6e91-4617-b97d-6da4631c2f35,1780634719,34131968.0
memory_working_set,minikube,adservice-8576649cff-5bvst,boutique,/kubepods/burstable/pod9d685cd3-17df-43af-a26e-7743c006902d,1780634719,89677824.0
memory_working_set,minikube,kube-apiserver-minikube,kube-system,/kubepods/burstable/poda6dc00f40d27725f15407f95751ce5f7,1780634719,513314816.0
memory_working_set,minikube,loadgenerator-7dd458dd5b-p2gm5,boutique,/kubepods/burstable/podad2b31a2-cb58-4a8e-9520-6dac05e0ae03,1780634719,62529536.0
memory_working_set,minikube,alertmanager-monitoring-kube-prometheus-alertmanager-0,monitoring,/kubepods/burstable/podb5fde93f-2f9a-427f-aa16-8a257f179975,1780634719,39321600.0
memory_working_set,minikube,currencyservice-fd8f5dfb7-js8gr,boutique,/kubepods/burstable/podc827ec2d-8a9d-4e1c-8017-62c3901eccb4,1780634719,37158912.0
memory_working_set,minikube,redis-cart-6899b65948-ms767,boutique,/kubepods/burstable/podd425db0f-53f9-4bec-9ee1-49e4ced03bb6,1780634719,12189696.0
memory_working_set,minikube,chaos-controller-manager-659785674d-wbwg8,chaos-testing,/kubepods/burstable/podd7abbfc2-2af5-4b28-b438-3ebef4bafcce,1780634719,51798016.0
memory_working_set,minikube,paymentservice-6b76dfb449-n8mm2,boutique,/kubepods/burstable/podd9986049-5066-4a99-a156-0bc7b2391961,1780634719,32247808.0
memory_working_set,minikube,checkoutservice-75b9cd684f-mxb57,boutique,/kubepods/burstable/pod899228c2-a2b5-44fd-93be-9c372e37e8b5,1780634719,13078528.0
memory_working_set,minikube,frontend-694b9f76cd-pskf5,boutique,/kubepods/burstable/pod4d235b9f-a410-4f2c-99da-80b42ecf7d86,1780634719,18612224.0
memory_working_set,minikube,productcatalogservice-fb49fc9cc-vbqbl,boutique,/kubepods/burstable/pod9b723af0-e450-462a-a20e-b721d0610cf7,1780634719,14626816.0
memory_rss,minikube,kube-proxy-fshvh,kube-system,/kubepods/besteffort/pod2f4efb93-ee48-4c37-b1e1-6f2e54a917c7,1780634719,17920000.0
memory_rss,minikube,monitoring-kube-state-metrics-868694bc4b-689cm,monitoring,/kubepods/besteffort/pod59c52cc8-67e3-4946-aac6-7ff0ef74285f,1780634719,21086208.0
memory_rss,minikube,prometheus-monitoring-kube-prometheus-prometheus-0,monitoring,/kubepods/besteffort/pod6bff50b8-f988-4ff2-a8c1-8f95f2c25189,1780634719,177840128.0
memory_rss,minikube,storage-provisioner,kube-system,/kubepods/besteffort/pod9bffcac8-a0cd-49a4-ad59-cdbf60a579cb,1780634719,8728576.0
memory_rss,minikube,monitoring-grafana-6f66955c48-hlrcn,monitoring,/kubepods/besteffort/pod9d3fe3f0-8989-47b4-8478-0ae7be66df8d,1780634719,308400128.0
memory_rss,minikube,chaos-daemon-n6ghj,chaos-testing,/kubepods/besteffort/poda051be83-a7cd-43e4-83d3-76f3c90e8474,1780634719,8101888.0
memory_rss,minikube,monitoring-kube-prometheus-operator-556b56cc6d-n6dg9,monitoring,/kubepods/besteffort/podc8122519-a592-495f-9353-00a2f23fdf80,1780634719,21008384.0
memory_rss,minikube,monitoring-prometheus-node-exporter-pdw8p,monitoring,/kubepods/besteffort/podd35abb3b-34f0-40fa-af55-3ab246fc64c8,1780634719,7643136.0
memory_rss,minikube,kube-scheduler-minikube,kube-system,/kubepods/burstable/pod1c7123a121598343200ffd5b015ca580,1780634719,22913024.0
memory_rss,minikube,shippingservice-55656785c7-lk4mx,boutique,/kubepods/burstable/pod1df51271-c9ea-47fa-8fb2-cf15bbc7c216,1780634719,5746688.0
memory_rss,minikube,chaos-controller-manager-659785674d-29q42,chaos-testing,/kubepods/burstable/pod21ab858c-cee8-438c-8682-c786dc3dc044,1780634719,14770176.0
memory_rss,minikube,chaos-controller-manager-659785674d-fjb2r,chaos-testing,/kubepods/burstable/pod2569141a-4d05-422e-bcf2-2f01e2f5056d,1780634719,14102528.0
memory_rss,minikube,coredns-7d764666f9-hxxb8,kube-system,/kubepods/burstable/pod596c18fb-891c-4e87-9b11-83d99dd6d264,1780634719,13881344.0
memory_rss,minikube,recommendationservice-6f8f67d69-fhrns,boutique,/kubepods/burstable/pod5ded7b1a-44d9-4178-8596-57a9e25f6171,1780634719,41287680.0
memory_rss,minikube,etcd-minikube,kube-system,/kubepods/burstable/pod5ff8e3b06bbaa8cb7ebc2bf531e48a2f,1780634719,60272640.0
memory_rss,minikube,emailservice-7466dc585-sv4wh,boutique,/kubepods/burstable/pod6116940a-da83-4761-97dc-892a207b789e,1780634719,42352640.0
memory_rss,minikube,cartservice-546c548494-cb4lb,boutique,/kubepods/burstable/pod6ec732c5-cf34-4e25-a3ce-ff4b44ce8d19,1780634719,14753792.0
memory_rss,minikube,kube-controller-manager-minikube,kube-system,/kubepods/burstable/pod740363cf4388c2d0df59fc97f96b889c,1780634719,83025920.0
memory_rss,minikube,chaos-dashboard-5b77585c6c-zm7f4,chaos-testing,/kubepods/burstable/pod7d3e8284-7c72-4577-a8fb-79d957f69104,1780634719,32104448.0
memory_rss,minikube,chaos-dns-server-6bccb5bb76-gscmn,chaos-testing,/kubepods/burstable/pod8a82a436-ef3f-4750-8f39-dbfde680d0b8,1780634719,11829248.0
memory_rss,minikube,coredns-7d764666f9-gmlgd,kube-system,/kubepods/burstable/pod9289fad3-6e91-4617-b97d-6da4631c2f35,1780634719,13611008.0
memory_rss,minikube,adservice-8576649cff-5bvst,boutique,/kubepods/burstable/pod9d685cd3-17df-43af-a26e-7743c006902d,1780634719,73043968.0
memory_rss,minikube,kube-apiserver-minikube,kube-system,/kubepods/burstable/poda6dc00f40d27725f15407f95751ce5f7,1780634719,480477184.0
memory_rss,minikube,loadgenerator-7dd458dd5b-p2gm5,boutique,/kubepods/burstable/podad2b31a2-cb58-4a8e-9520-6dac05e0ae03,1780634719,54923264.0
memory_rss,minikube,alertmanager-monitoring-kube-prometheus-alertmanager-0,monitoring,/kubepods/burstable/podb5fde93f-2f9a-427f-aa16-8a257f179975,1780634719,23166976.0
memory_rss,minikube,currencyservice-fd8f5dfb7-js8gr,boutique,/kubepods/burstable/podc827ec2d-8a9d-4e1c-8017-62c3901eccb4,1780634719,15347712.0
memory_rss,minikube,redis-cart-6899b65948-ms767,boutique,/kubepods/burstable/podd425db0f-53f9-4bec-9ee1-49e4ced03bb6,1780634719,5550080.0
memory_rss,minikube,chaos-controller-manager-659785674d-wbwg8,chaos-testing,/kubepods/burstable/podd7abbfc2-2af5-4b28-b438-3ebef4bafcce,1780634719,26021888.0
memory_rss,minikube,paymentservice-6b76dfb449-n8mm2,boutique,/kubepods/burstable/podd9986049-5066-4a99-a156-0bc7b2391961,1780634719,13123584.0
memory_rss,minikube,checkoutservice-75b9cd684f-mxb57,boutique,/kubepods/burstable/pod899228c2-a2b5-44fd-93be-9c372e37e8b5,1780634719,7147520.0
memory_rss,minikube,frontend-694b9f76cd-pskf5,boutique,/kubepods/burstable/pod4d235b9f-a410-4f2c-99da-80b42ecf7d86,1780634719,11251712.0
memory_rss,minikube,productcatalogservice-fb49fc9cc-vbqbl,boutique,/kubepods/burstable/pod9b723af0-e450-462a-a20e-b721d0610cf7,1780634719,8237056.0
fs_reads_bytes_rate,minikube,kube-proxy-fshvh,kube-system,/kubepods/besteffort/pod2f4efb93-ee48-4c37-b1e1-6f2e54a917c7,1780634719,1501.8666666666668
fs_reads_bytes_rate,minikube,monitoring-kube-state-metrics-868694bc4b-689cm,monitoring,/kubepods/besteffort/pod59c52cc8-67e3-4946-aac6-7ff0ef74285f,1780634719,1664.903996895615
fs_reads_bytes_rate,minikube,prometheus-monitoring-kube-prometheus-prometheus-0,monitoring,/kubepods/besteffort/pod6bff50b8-f988-4ff2-a8c1-8f95f2c25189,1780634719,281942.4322950884
fs_reads_bytes_rate,minikube,storage-provisioner,kube-system,/kubepods/besteffort/pod9bffcac8-a0cd-49a4-ad59-cdbf60a579cb,1780634719,7098.097646937374
fs_reads_bytes_rate,minikube,monitoring-grafana-6f66955c48-hlrcn,monitoring,/kubepods/besteffort/pod9d3fe3f0-8989-47b4-8478-0ae7be66df8d,1780634719,12346.047231314318
fs_reads_bytes_rate,minikube,chaos-daemon-n6ghj,chaos-testing,/kubepods/besteffort/poda051be83-a7cd-43e4-83d3-76f3c90e8474,1780634719,0.0
fs_reads_bytes_rate,minikube,monitoring-kube-prometheus-operator-556b56cc6d-n6dg9,monitoring,/kubepods/besteffort/podc8122519-a592-495f-9353-00a2f23fdf80,1780634719,905.8520952061683
fs_reads_bytes_rate,minikube,monitoring-prometheus-node-exporter-pdw8p,monitoring,/kubepods/besteffort/podd35abb3b-34f0-40fa-af55-3ab246fc64c8,1780634719,8479.14676011389
fs_reads_bytes_rate,minikube,kube-scheduler-minikube,kube-system,/kubepods/burstable/pod1c7123a121598343200ffd5b015ca580,1780634719,0.0
fs_reads_bytes_rate,minikube,shippingservice-55656785c7-lk4mx,boutique,/kubepods/burstable/pod1df51271-c9ea-47fa-8fb2-cf15bbc7c216,1780634719,11021.326578553575
fs_reads_bytes_rate,minikube,chaos-controller-manager-659785674d-29q42,chaos-testing,/kubepods/burstable/pod21ab858c-cee8-438c-8682-c786dc3dc044,1780634719,0.0
fs_reads_bytes_rate,minikube,chaos-controller-manager-659785674d-fjb2r,chaos-testing,/kubepods/burstable/pod2569141a-4d05-422e-bcf2-2f01e2f5056d,1780634719,0.0
fs_reads_bytes_rate,minikube,coredns-7d764666f9-hxxb8,kube-system,/kubepods/burstable/pod596c18fb-891c-4e87-9b11-83d99dd6d264,1780634719,3655.238293398262
fs_reads_bytes_rate,minikube,recommendationservice-6f8f67d69-fhrns,boutique,/kubepods/burstable/pod5ded7b1a-44d9-4178-8596-57a9e25f6171,1780634719,3251.727224444673
fs_reads_bytes_rate,minikube,etcd-minikube,kube-system,/kubepods/burstable/pod5ff8e3b06bbaa8cb7ebc2bf531e48a2f,1780634719,5202.645889777031
fs_reads_bytes_rate,minikube,emailservice-7466dc585-sv4wh,boutique,/kubepods/burstable/pod6116940a-da83-4761-97dc-892a207b789e,1780634719,143900.4091896048
fs_reads_bytes_rate,minikube,cartservice-546c548494-cb4lb,boutique,/kubepods/burstable/pod6ec732c5-cf34-4e25-a3ce-ff4b44ce8d19,1780634719,30716.735303265945
fs_reads_bytes_rate,minikube,kube-controller-manager-minikube,kube-system,/kubepods/burstable/pod740363cf4388c2d0df59fc97f96b889c,1780634719,49.942341240047085
fs_reads_bytes_rate,minikube,chaos-dashboard-5b77585c6c-zm7f4,chaos-testing,/kubepods/burstable/pod7d3e8284-7c72-4577-a8fb-79d957f69104,1780634719,0.0
fs_reads_bytes_rate,minikube,chaos-dns-server-6bccb5bb76-gscmn,chaos-testing,/kubepods/burstable/pod8a82a436-ef3f-4750-8f39-dbfde680d0b8,1780634719,44.020726875011206
fs_reads_bytes_rate,minikube,coredns-7d764666f9-gmlgd,kube-system,/kubepods/burstable/pod9289fad3-6e91-4617-b97d-6da4631c2f35,1780634719,2185.797197302844
fs_reads_bytes_rate,minikube,adservice-8576649cff-5bvst,boutique,/kubepods/burstable/pod9d685cd3-17df-43af-a26e-7743c006902d,1780634719,23620.266666666663
fs_reads_bytes_rate,minikube,kube-apiserver-minikube,kube-system,/kubepods/burstable/poda6dc00f40d27725f15407f95751ce5f7,1780634719,1648.6436475480023
fs_reads_bytes_rate,minikube,loadgenerator-7dd458dd5b-p2gm5,boutique,/kubepods/burstable/podad2b31a2-cb58-4a8e-9520-6dac05e0ae03,1780634719,391824.5712492457
fs_reads_bytes_rate,minikube,alertmanager-monitoring-kube-prometheus-alertmanager-0,monitoring,/kubepods/burstable/podb5fde93f-2f9a-427f-aa16-8a257f179975,1780634719,239613.56166754095
fs_reads_bytes_rate,minikube,currencyservice-fd8f5dfb7-js8gr,boutique,/kubepods/burstable/podc827ec2d-8a9d-4e1c-8017-62c3901eccb4,1780634719,4187.022222222222
fs_reads_bytes_rate,minikube,redis-cart-6899b65948-ms767,boutique,/kubepods/burstable/podd425db0f-53f9-4bec-9ee1-49e4ced03bb6,1780634719,0.0
fs_reads_bytes_rate,minikube,chaos-controller-manager-659785674d-wbwg8,chaos-testing,/kubepods/burstable/podd7abbfc2-2af5-4b28-b438-3ebef4bafcce,1780634719,25305.45275613389
fs_reads_bytes_rate,minikube,paymentservice-6b76dfb449-n8mm2,boutique,/kubepods/burstable/podd9986049-5066-4a99-a156-0bc7b2391961,1780634719,83285.33333333333
fs_reads_bytes_rate,minikube,checkoutservice-75b9cd684f-mxb57,boutique,/kubepods/burstable/pod899228c2-a2b5-44fd-93be-9c372e37e8b5,1780634719,1690.181079937967
fs_reads_bytes_rate,minikube,frontend-694b9f76cd-pskf5,boutique,/kubepods/burstable/pod4d235b9f-a410-4f2c-99da-80b42ecf7d86,1780634719,4116.0378478426555
fs_reads_bytes_rate,minikube,productcatalogservice-fb49fc9cc-vbqbl,boutique,/kubepods/burstable/pod9b723af0-e450-462a-a20e-b721d0610cf7,1780634719,3629.474615639863
fs_writes_bytes_rate,minikube,kube-proxy-fshvh,kube-system,/kubepods/besteffort/pod2f4efb93-ee48-4c37-b1e1-6f2e54a917c7,1780634719,0.0
fs_writes_bytes_rate,minikube,monitoring-kube-state-metrics-868694bc4b-689cm,monitoring,/kubepods/besteffort/pod59c52cc8-67e3-4946-aac6-7ff0ef74285f,1780634719,0.0
fs_writes_bytes_rate,minikube,prometheus-monitoring-kube-prometheus-prometheus-0,monitoring,/kubepods/besteffort/pod6bff50b8-f988-4ff2-a8c1-8f95f2c25189,1780634719,7215.381665149535
fs_writes_bytes_rate,minikube,storage-provisioner,kube-system,/kubepods/besteffort/pod9bffcac8-a0cd-49a4-ad59-cdbf60a579cb,1780634719,0.0
fs_writes_bytes_rate,minikube,monitoring-grafana-6f66955c48-hlrcn,monitoring,/kubepods/besteffort/pod9d3fe3f0-8989-47b4-8478-0ae7be66df8d,1780634719,273.36108309144936
fs_writes_bytes_rate,minikube,chaos-daemon-n6ghj,chaos-testing,/kubepods/besteffort/poda051be83-a7cd-43e4-83d3-76f3c90e8474,1780634719,0.0
fs_writes_bytes_rate,minikube,monitoring-kube-prometheus-operator-556b56cc6d-n6dg9,monitoring,/kubepods/besteffort/podc8122519-a592-495f-9353-00a2f23fdf80,1780634719,0.0
fs_writes_bytes_rate,minikube,monitoring-prometheus-node-exporter-pdw8p,monitoring,/kubepods/besteffort/podd35abb3b-34f0-40fa-af55-3ab246fc64c8,1780634719,0.0
fs_writes_bytes_rate,minikube,kube-scheduler-minikube,kube-system,/kubepods/burstable/pod1c7123a121598343200ffd5b015ca580,1780634719,0.0
fs_writes_bytes_rate,minikube,shippingservice-55656785c7-lk4mx,boutique,/kubepods/burstable/pod1df51271-c9ea-47fa-8fb2-cf15bbc7c216,1780634719,0.0
fs_writes_bytes_rate,minikube,chaos-controller-manager-659785674d-29q42,chaos-testing,/kubepods/burstable/pod21ab858c-cee8-438c-8682-c786dc3dc044,1780634719,0.0
fs_writes_bytes_rate,minikube,chaos-controller-manager-659785674d-fjb2r,chaos-testing,/kubepods/burstable/pod2569141a-4d05-422e-bcf2-2f01e2f5056d,1780634719,0.0
fs_writes_bytes_rate,minikube,coredns-7d764666f9-hxxb8,kube-system,/kubepods/burstable/pod596c18fb-891c-4e87-9b11-83d99dd6d264,1780634719,0.0
fs_writes_bytes_rate,minikube,recommendationservice-6f8f67d69-fhrns,boutique,/kubepods/burstable/pod5ded7b1a-44d9-4178-8596-57a9e25f6171,1780634719,0.0
fs_writes_bytes_rate,minikube,etcd-minikube,kube-system,/kubepods/burstable/pod5ff8e3b06bbaa8cb7ebc2bf531e48a2f,1780634719,72556.78625045576
fs_writes_bytes_rate,minikube,emailservice-7466dc585-sv4wh,boutique,/kubepods/burstable/pod6116940a-da83-4761-97dc-892a207b789e,1780634719,0.0
fs_writes_bytes_rate,minikube,cartservice-546c548494-cb4lb,boutique,/kubepods/burstable/pod6ec732c5-cf34-4e25-a3ce-ff4b44ce8d19,1780634719,0.0
fs_writes_bytes_rate,minikube,kube-controller-manager-minikube,kube-system,/kubepods/burstable/pod740363cf4388c2d0df59fc97f96b889c,1780634719,0.0
fs_writes_bytes_rate,minikube,chaos-dashboard-5b77585c6c-zm7f4,chaos-testing,/kubepods/burstable/pod7d3e8284-7c72-4577-a8fb-79d957f69104,1780634719,0.0
fs_writes_bytes_rate,minikube,chaos-dns-server-6bccb5bb76-gscmn,chaos-testing,/kubepods/burstable/pod8a82a436-ef3f-4750-8f39-dbfde680d0b8,1780634719,0.0
fs_writes_bytes_rate,minikube,coredns-7d764666f9-gmlgd,kube-system,/kubepods/burstable/pod9289fad3-6e91-4617-b97d-6da4631c2f35,1780634719,0.0
fs_writes_bytes_rate,minikube,adservice-8576649cff-5bvst,boutique,/kubepods/burstable/pod9d685cd3-17df-43af-a26e-7743c006902d,1780634719,0.0
fs_writes_bytes_rate,minikube,kube-apiserver-minikube,kube-system,/kubepods/burstable/poda6dc00f40d27725f15407f95751ce5f7,1780634719,0.0
fs_writes_bytes_rate,minikube,loadgenerator-7dd458dd5b-p2gm5,boutique,/kubepods/burstable/podad2b31a2-cb58-4a8e-9520-6dac05e0ae03,1780634719,0.0
fs_writes_bytes_rate,minikube,alertmanager-monitoring-kube-prometheus-alertmanager-0,monitoring,/kubepods/burstable/podb5fde93f-2f9a-427f-aa16-8a257f179975,1780634719,0.0
fs_writes_bytes_rate,minikube,currencyservice-fd8f5dfb7-js8gr,boutique,/kubepods/burstable/podc827ec2d-8a9d-4e1c-8017-62c3901eccb4,1780634719,0.0
fs_writes_bytes_rate,minikube,redis-cart-6899b65948-ms767,boutique,/kubepods/burstable/podd425db0f-53f9-4bec-9ee1-49e4ced03bb6,1780634719,0.0
fs_writes_bytes_rate,minikube,chaos-controller-manager-659785674d-wbwg8,chaos-testing,/kubepods/burstable/podd7abbfc2-2af5-4b28-b438-3ebef4bafcce,1780634719,0.0
fs_writes_bytes_rate,minikube,paymentservice-6b76dfb449-n8mm2,boutique,/kubepods/burstable/podd9986049-5066-4a99-a156-0bc7b2391961,1780634719,0.0
fs_writes_bytes_rate,minikube,checkoutservice-75b9cd684f-mxb57,boutique,/kubepods/burstable/pod899228c2-a2b5-44fd-93be-9c372e37e8b5,1780634719,0.0
fs_writes_bytes_rate,minikube,frontend-694b9f76cd-pskf5,boutique,/kubepods/burstable/pod4d235b9f-a410-4f2c-99da-80b42ecf7d86,1780634719,0.0
fs_writes_bytes_rate,minikube,productcatalogservice-fb49fc9cc-vbqbl,boutique,/kubepods/burstable/pod9b723af0-e450-462a-a20e-b721d0610cf7,1780634719,0.0
fs_reads_total,minikube,kube-proxy-fshvh,kube-system,/kubepods/besteffort/pod2f4efb93-ee48-4c37-b1e1-6f2e54a917c7,1780634719,511.0
fs_reads_total,minikube,monitoring-kube-state-metrics-868694bc4b-689cm,monitoring,/kubepods/besteffort/pod59c52cc8-67e3-4946-aac6-7ff0ef74285f,1780634719,522.0
fs_reads_total,minikube,prometheus-monitoring-kube-prometheus-prometheus-0,monitoring,/kubepods/besteffort/pod6bff50b8-f988-4ff2-a8c1-8f95f2c25189,1780634719,2569.0
fs_reads_total,minikube,storage-provisioner,kube-system,/kubepods/besteffort/pod9bffcac8-a0cd-49a4-ad59-cdbf60a579cb,1780634719,270.0
fs_reads_total,minikube,monitoring-grafana-6f66955c48-hlrcn,monitoring,/kubepods/besteffort/pod9d3fe3f0-8989-47b4-8478-0ae7be66df8d,1780634719,5811.0
fs_reads_total,minikube,chaos-daemon-n6ghj,chaos-testing,/kubepods/besteffort/poda051be83-a7cd-43e4-83d3-76f3c90e8474,1780634719,476.0
fs_reads_total,minikube,monitoring-kube-prometheus-operator-556b56cc6d-n6dg9,monitoring,/kubepods/besteffort/podc8122519-a592-495f-9353-00a2f23fdf80,1780634719,526.0
fs_reads_total,minikube,monitoring-prometheus-node-exporter-pdw8p,monitoring,/kubepods/besteffort/podd35abb3b-34f0-40fa-af55-3ab246fc64c8,1780634719,191.0
fs_reads_total,minikube,kube-scheduler-minikube,kube-system,/kubepods/burstable/pod1c7123a121598343200ffd5b015ca580,1780634719,462.0
fs_reads_total,minikube,shippingservice-55656785c7-lk4mx,boutique,/kubepods/burstable/pod1df51271-c9ea-47fa-8fb2-cf15bbc7c216,1780634719,156.0
fs_reads_total,minikube,chaos-controller-manager-659785674d-29q42,chaos-testing,/kubepods/burstable/pod21ab858c-cee8-438c-8682-c786dc3dc044,1780634719,140.0
fs_reads_total,minikube,chaos-controller-manager-659785674d-fjb2r,chaos-testing,/kubepods/burstable/pod2569141a-4d05-422e-bcf2-2f01e2f5056d,1780634719,4.0
fs_reads_total,minikube,coredns-7d764666f9-hxxb8,kube-system,/kubepods/burstable/pod596c18fb-891c-4e87-9b11-83d99dd6d264,1780634719,330.0
fs_reads_total,minikube,recommendationservice-6f8f67d69-fhrns,boutique,/kubepods/burstable/pod5ded7b1a-44d9-4178-8596-57a9e25f6171,1780634719,907.0
fs_reads_total,minikube,etcd-minikube,kube-system,/kubepods/burstable/pod5ff8e3b06bbaa8cb7ebc2bf531e48a2f,1780634719,1642.0
fs_reads_total,minikube,emailservice-7466dc585-sv4wh,boutique,/kubepods/burstable/pod6116940a-da83-4761-97dc-892a207b789e,1780634719,920.0
fs_reads_total,minikube,cartservice-546c548494-cb4lb,boutique,/kubepods/burstable/pod6ec732c5-cf34-4e25-a3ce-ff4b44ce8d19,1780634719,313.0
fs_reads_total,minikube,kube-controller-manager-minikube,kube-system,/kubepods/burstable/pod740363cf4388c2d0df59fc97f96b889c,1780634719,691.0
fs_reads_total,minikube,chaos-dashboard-5b77585c6c-zm7f4,chaos-testing,/kubepods/burstable/pod7d3e8284-7c72-4577-a8fb-79d957f69104,1780634719,741.0
fs_reads_total,minikube,chaos-dns-server-6bccb5bb76-gscmn,chaos-testing,/kubepods/burstable/pod8a82a436-ef3f-4750-8f39-dbfde680d0b8,1780634719,416.0
fs_reads_total,minikube,coredns-7d764666f9-gmlgd,kube-system,/kubepods/burstable/pod9289fad3-6e91-4617-b97d-6da4631c2f35,1780634719,498.0
fs_reads_total,minikube,adservice-8576649cff-5bvst,boutique,/kubepods/burstable/pod9d685cd3-17df-43af-a26e-7743c006902d,1780634719,1967.0
fs_reads_total,minikube,kube-apiserver-minikube,kube-system,/kubepods/burstable/poda6dc00f40d27725f15407f95751ce5f7,1780634719,892.0
fs_reads_total,minikube,loadgenerator-7dd458dd5b-p2gm5,boutique,/kubepods/burstable/podad2b31a2-cb58-4a8e-9520-6dac05e0ae03,1780634719,1158.0
fs_reads_total,minikube,alertmanager-monitoring-kube-prometheus-alertmanager-0,monitoring,/kubepods/burstable/podb5fde93f-2f9a-427f-aa16-8a257f179975,1780634719,639.0
fs_reads_total,minikube,currencyservice-fd8f5dfb7-js8gr,boutique,/kubepods/burstable/podc827ec2d-8a9d-4e1c-8017-62c3901eccb4,1780634719,875.0
fs_reads_total,minikube,redis-cart-6899b65948-ms767,boutique,/kubepods/burstable/podd425db0f-53f9-4bec-9ee1-49e4ced03bb6,1780634719,250.0
fs_reads_total,minikube,chaos-controller-manager-659785674d-wbwg8,chaos-testing,/kubepods/burstable/podd7abbfc2-2af5-4b28-b438-3ebef4bafcce,1780634719,562.0
fs_reads_total,minikube,paymentservice-6b76dfb449-n8mm2,boutique,/kubepods/burstable/podd9986049-5066-4a99-a156-0bc7b2391961,1780634719,727.0
fs_reads_total,minikube,checkoutservice-75b9cd684f-mxb57,boutique,/kubepods/burstable/pod899228c2-a2b5-44fd-93be-9c372e37e8b5,1780634719,173.0
fs_reads_total,minikube,frontend-694b9f76cd-pskf5,boutique,/kubepods/burstable/pod4d235b9f-a410-4f2c-99da-80b42ecf7d86,1780634719,209.0
fs_reads_total,minikube,productcatalogservice-fb49fc9cc-vbqbl,boutique,/kubepods/burstable/pod9b723af0-e450-462a-a20e-b721d0610cf7,1780634719,222.0
fs_writes_total,minikube,kube-proxy-fshvh,kube-system,/kubepods/besteffort/pod2f4efb93-ee48-4c37-b1e1-6f2e54a917c7,1780634719,0.0
fs_writes_total,minikube,monitoring-kube-state-metrics-868694bc4b-689cm,monitoring,/kubepods/besteffort/pod59c52cc8-67e3-4946-aac6-7ff0ef74285f,1780634719,0.0
fs_writes_total,minikube,prometheus-monitoring-kube-prometheus-prometheus-0,monitoring,/kubepods/besteffort/pod6bff50b8-f988-4ff2-a8c1-8f95f2c25189,1780634719,22.0
fs_writes_total,minikube,storage-provisioner,kube-system,/kubepods/besteffort/pod9bffcac8-a0cd-49a4-ad59-cdbf60a579cb,1780634719,0.0
fs_writes_total,minikube,monitoring-grafana-6f66955c48-hlrcn,monitoring,/kubepods/besteffort/pod9d3fe3f0-8989-47b4-8478-0ae7be66df8d,1780634719,70.0
fs_writes_total,minikube,chaos-daemon-n6ghj,chaos-testing,/kubepods/besteffort/poda051be83-a7cd-43e4-83d3-76f3c90e8474,1780634719,0.0
fs_writes_total,minikube,monitoring-kube-prometheus-operator-556b56cc6d-n6dg9,monitoring,/kubepods/besteffort/podc8122519-a592-495f-9353-00a2f23fdf80,1780634719,0.0
fs_writes_total,minikube,monitoring-prometheus-node-exporter-pdw8p,monitoring,/kubepods/besteffort/podd35abb3b-34f0-40fa-af55-3ab246fc64c8,1780634719,0.0
fs_writes_total,minikube,kube-scheduler-minikube,kube-system,/kubepods/burstable/pod1c7123a121598343200ffd5b015ca580,1780634719,0.0
fs_writes_total,minikube,shippingservice-55656785c7-lk4mx,boutique,/kubepods/burstable/pod1df51271-c9ea-47fa-8fb2-cf15bbc7c216,1780634719,0.0
fs_writes_total,minikube,chaos-controller-manager-659785674d-29q42,chaos-testing,/kubepods/burstable/pod21ab858c-cee8-438c-8682-c786dc3dc044,1780634719,0.0
fs_writes_total,minikube,chaos-controller-manager-659785674d-fjb2r,chaos-testing,/kubepods/burstable/pod2569141a-4d05-422e-bcf2-2f01e2f5056d,1780634719,0.0
fs_writes_total,minikube,coredns-7d764666f9-hxxb8,kube-system,/kubepods/burstable/pod596c18fb-891c-4e87-9b11-83d99dd6d264,1780634719,0.0
fs_writes_total,minikube,recommendationservice-6f8f67d69-fhrns,boutique,/kubepods/burstable/pod5ded7b1a-44d9-4178-8596-57a9e25f6171,1780634719,0.0
fs_writes_total,minikube,etcd-minikube,kube-system,/kubepods/burstable/pod5ff8e3b06bbaa8cb7ebc2bf531e48a2f,1780634719,2612.0
fs_writes_total,minikube,emailservice-7466dc585-sv4wh,boutique,/kubepods/burstable/pod6116940a-da83-4761-97dc-892a207b789e,1780634719,0.0
fs_writes_total,minikube,cartservice-546c548494-cb4lb,boutique,/kubepods/burstable/pod6ec732c5-cf34-4e25-a3ce-ff4b44ce8d19,1780634719,0.0
fs_writes_total,minikube,kube-controller-manager-minikube,kube-system,/kubepods/burstable/pod740363cf4388c2d0df59fc97f96b889c,1780634719,0.0
fs_writes_total,minikube,chaos-dashboard-5b77585c6c-zm7f4,chaos-testing,/kubepods/burstable/pod7d3e8284-7c72-4577-a8fb-79d957f69104,1780634719,0.0
fs_writes_total,minikube,chaos-dns-server-6bccb5bb76-gscmn,chaos-testing,/kubepods/burstable/pod8a82a436-ef3f-4750-8f39-dbfde680d0b8,1780634719,0.0
fs_writes_total,minikube,coredns-7d764666f9-gmlgd,kube-system,/kubepods/burstable/pod9289fad3-6e91-4617-b97d-6da4631c2f35,1780634719,0.0
fs_writes_total,minikube,adservice-8576649cff-5bvst,boutique,/kubepods/burstable/pod9d685cd3-17df-43af-a26e-7743c006902d,1780634719,0.0
fs_writes_total,minikube,kube-apiserver-minikube,kube-system,/kubepods/burstable/poda6dc00f40d27725f15407f95751ce5f7,1780634719,0.0
fs_writes_total,minikube,loadgenerator-7dd458dd5b-p2gm5,boutique,/kubepods/burstable/podad2b31a2-cb58-4a8e-9520-6dac05e0ae03,1780634719,0.0
fs_writes_total,minikube,alertmanager-monitoring-kube-prometheus-alertmanager-0,monitoring,/kubepods/burstable/podb5fde93f-2f9a-427f-aa16-8a257f179975,1780634719,0.0
fs_writes_total,minikube,currencyservice-fd8f5dfb7-js8gr,boutique,/kubepods/burstable/podc827ec2d-8a9d-4e1c-8017-62c3901eccb4,1780634719,0.0
fs_writes_total,minikube,redis-cart-6899b65948-ms767,boutique,/kubepods/burstable/podd425db0f-53f9-4bec-9ee1-49e4ced03bb6,1780634719,0.0
fs_writes_total,minikube,chaos-controller-manager-659785674d-wbwg8,chaos-testing,/kubepods/burstable/podd7abbfc2-2af5-4b28-b438-3ebef4bafcce,1780634719,0.0
fs_writes_total,minikube,paymentservice-6b76dfb449-n8mm2,boutique,/kubepods/burstable/podd9986049-5066-4a99-a156-0bc7b2391961,1780634719,0.0
fs_writes_total,minikube,checkoutservice-75b9cd684f-mxb57,boutique,/kubepods/burstable/pod899228c2-a2b5-44fd-93be-9c372e37e8b5,1780634719,0.0
fs_writes_total,minikube,frontend-694b9f76cd-pskf5,boutique,/kubepods/burstable/pod4d235b9f-a410-4f2c-99da-80b42ecf7d86,1780634719,0.0
fs_writes_total,minikube,productcatalogservice-fb49fc9cc-vbqbl,boutique,/kubepods/burstable/pod9b723af0-e450-462a-a20e-b721d0610cf7,1780634719,0.0
pod_status_phase_Pending,,productcatalogservice-fb49fc9cc-vbqbl,boutique,kube-state-metrics,1780634719,0.0
pod_status_phase_Succeeded,,productcatalogservice-fb49fc9cc-vbqbl,boutique,kube-state-metrics,1780634719,0.0
pod_status_phase_Failed,,productcatalogservice-fb49fc9cc-vbqbl,boutique,kube-state-metrics,1780634719,0.0
pod_status_phase_Unknown,,productcatalogservice-fb49fc9cc-vbqbl,boutique,kube-state-metrics,1780634719,0.0
pod_status_phase_Running,,productcatalogservice-fb49fc9cc-vbqbl,boutique,kube-state-metrics,1780634719,1.0
pod_status_phase_Pending,,redis-cart-6899b65948-ms767,boutique,kube-state-metrics,1780634719,0.0
pod_status_phase_Succeeded,,redis-cart-6899b65948-ms767,boutique,kube-state-metrics,1780634719,0.0
pod_status_phase_Failed,,redis-cart-6899b65948-ms767,boutique,kube-state-metrics,1780634719,0.0
pod_status_phase_Unknown,,redis-cart-6899b65948-ms767,boutique,kube-state-metrics,1780634719,0.0
pod_status_phase_Running,,redis-cart-6899b65948-ms767,boutique,kube-state-metrics,1780634719,1.0
pod_status_phase_Pending,,kube-controller-manager-minikube,kube-system,kube-state-metrics,1780634719,0.0
pod_status_phase_Succeeded,,kube-controller-manager-minikube,kube-system,kube-state-metrics,1780634719,0.0
pod_status_phase_Failed,,kube-controller-manager-minikube,kube-system,kube-state-metrics,1780634719,0.0
pod_status_phase_Unknown,,kube-controller-manager-minikube,kube-system,kube-state-metrics,1780634719,0.0
pod_status_phase_Running,,kube-controller-manager-minikube,kube-system,kube-state-metrics,1780634719,1.0
pod_status_phase_Pending,,currencyservice-fd8f5dfb7-js8gr,boutique,kube-state-metrics,1780634719,0.0
pod_status_phase_Succeeded,,currencyservice-fd8f5dfb7-js8gr,boutique,kube-state-metrics,1780634719,0.0
pod_status_phase_Failed,,currencyservice-fd8f5dfb7-js8gr,boutique,kube-state-metrics,1780634719,0.0
pod_status_phase_Unknown,,currencyservice-fd8f5dfb7-js8gr,boutique,kube-state-metrics,1780634719,0.0
pod_status_phase_Running,,currencyservice-fd8f5dfb7-js8gr,boutique,kube-state-metrics,1780634719,1.0
pod_status_phase_Pending,,kube-proxy-fshvh,kube-system,kube-state-metrics,1780634719,0.0
pod_status_phase_Succeeded,,kube-proxy-fshvh,kube-system,kube-state-metrics,1780634719,0.0
pod_status_phase_Failed,,kube-proxy-fshvh,kube-system,kube-state-metrics,1780634719,0.0
pod_status_phase_Unknown,,kube-proxy-fshvh,kube-system,kube-state-metrics,1780634719,0.0
pod_status_phase_Running,,kube-proxy-fshvh,kube-system,kube-state-metrics,1780634719,1.0
pod_status_phase_Pending,,chaos-controller-manager-659785674d-29q42,chaos-testing,kube-state-metrics,1780634719,0.0
pod_status_phase_Succeeded,,chaos-controller-manager-659785674d-29q42,chaos-testing,kube-state-metrics,1780634719,0.0
pod_status_phase_Failed,,chaos-controller-manager-659785674d-29q42,chaos-testing,kube-state-metrics,1780634719,0.0
pod_status_phase_Unknown,,chaos-controller-manager-659785674d-29q42,chaos-testing,kube-state-metrics,1780634719,0.0
pod_status_phase_Running,,chaos-controller-manager-659785674d-29q42,chaos-testing,kube-state-metrics,1780634719,1.0
pod_status_phase_Pending,,frontend-694b9f76cd-pskf5,boutique,kube-state-metrics,1780634719,0.0
pod_status_phase_Succeeded,,frontend-694b9f76cd-pskf5,boutique,kube-state-metrics,1780634719,0.0
pod_status_phase_Failed,,frontend-694b9f76cd-pskf5,boutique,kube-state-metrics,1780634719,0.0
pod_status_phase_Unknown,,frontend-694b9f76cd-pskf5,boutique,kube-state-metrics,1780634719,0.0
pod_status_phase_Running,,frontend-694b9f76cd-pskf5,boutique,kube-state-metrics,1780634719,1.0
pod_status_phase_Pending,,monitoring-kube-state-metrics-868694bc4b-689cm,monitoring,kube-state-metrics,1780634719,0.0
pod_status_phase_Succeeded,,monitoring-kube-state-metrics-868694bc4b-689cm,monitoring,kube-state-metrics,1780634719,0.0
pod_status_phase_Failed,,monitoring-kube-state-metrics-868694bc4b-689cm,monitoring,kube-state-metrics,1780634719,0.0
pod_status_phase_Unknown,,monitoring-kube-state-metrics-868694bc4b-689cm,monitoring,kube-state-metrics,1780634719,0.0
pod_status_phase_Running,,monitoring-kube-state-metrics-868694bc4b-689cm,monitoring,kube-state-metrics,1780634719,1.0
pod_status_phase_Pending,,chaos-controller-manager-659785674d-wbwg8,chaos-testing,kube-state-metrics,1780634719,0.0
pod_status_phase_Succeeded,,chaos-controller-manager-659785674d-wbwg8,chaos-testing,kube-state-metrics,1780634719,0.0
pod_status_phase_Failed,,chaos-controller-manager-659785674d-wbwg8,chaos-testing,kube-state-metrics,1780634719,0.0
pod_status_phase_Unknown,,chaos-controller-manager-659785674d-wbwg8,chaos-testing,kube-state-metrics,1780634719,0.0
pod_status_phase_Running,,chaos-controller-manager-659785674d-wbwg8,chaos-testing,kube-state-metrics,1780634719,1.0
pod_status_phase_Pending,,chaos-controller-manager-659785674d-fjb2r,chaos-testing,kube-state-metrics,1780634719,0.0
pod_status_phase_Succeeded,,chaos-controller-manager-659785674d-fjb2r,chaos-testing,kube-state-metrics,1780634719,0.0
pod_status_phase_Failed,,chaos-controller-manager-659785674d-fjb2r,chaos-testing,kube-state-metrics,1780634719,0.0
pod_status_phase_Unknown,,chaos-controller-manager-659785674d-fjb2r,chaos-testing,kube-state-metrics,1780634719,0.0
pod_status_phase_Running,,chaos-controller-manager-659785674d-fjb2r,chaos-testing,kube-state-metrics,1780634719,1.0
pod_status_phase_Pending,,paymentservice-6b76dfb449-n8mm2,boutique,kube-state-metrics,1780634719,0.0
pod_status_phase_Succeeded,,paymentservice-6b76dfb449-n8mm2,boutique,kube-state-metrics,1780634719,0.0
pod_status_phase_Failed,,paymentservice-6b76dfb449-n8mm2,boutique,kube-state-metrics,1780634719,0.0
pod_status_phase_Unknown,,paymentservice-6b76dfb449-n8mm2,boutique,kube-state-metrics,1780634719,0.0
pod_status_phase_Running,,paymentservice-6b76dfb449-n8mm2,boutique,kube-state-metrics,1780634719,1.0
pod_status_phase_Pending,,adservice-8576649cff-5bvst,boutique,kube-state-metrics,1780634719,0.0
pod_status_phase_Succeeded,,adservice-8576649cff-5bvst,boutique,kube-state-metrics,1780634719,0.0
pod_status_phase_Failed,,adservice-8576649cff-5bvst,boutique,kube-state-metrics,1780634719,0.0
pod_status_phase_Unknown,,adservice-8576649cff-5bvst,boutique,kube-state-metrics,1780634719,0.0
pod_status_phase_Running,,adservice-8576649cff-5bvst,boutique,kube-state-metrics,1780634719,1.0
pod_status_phase_Pending,,cartservice-546c548494-cb4lb,boutique,kube-state-metrics,1780634719,0.0
pod_status_phase_Succeeded,,cartservice-546c548494-cb4lb,boutique,kube-state-metrics,1780634719,0.0
pod_status_phase_Failed,,cartservice-546c548494-cb4lb,boutique,kube-state-metrics,1780634719,0.0
pod_status_phase_Unknown,,cartservice-546c548494-cb4lb,boutique,kube-state-metrics,1780634719,0.0
pod_status_phase_Running,,cartservice-546c548494-cb4lb,boutique,kube-state-metrics,1780634719,1.0
pod_status_phase_Pending,,monitoring-prometheus-node-exporter-pdw8p,monitoring,kube-state-metrics,1780634719,0.0
pod_status_phase_Succeeded,,monitoring-prometheus-node-exporter-pdw8p,monitoring,kube-state-metrics,1780634719,0.0
pod_status_phase_Failed,,monitoring-prometheus-node-exporter-pdw8p,monitoring,kube-state-metrics,1780634719,0.0
pod_status_phase_Unknown,,monitoring-prometheus-node-exporter-pdw8p,monitoring,kube-state-metrics,1780634719,0.0
pod_status_phase_Running,,monitoring-prometheus-node-exporter-pdw8p,monitoring,kube-state-metrics,1780634719,1.0
pod_status_phase_Pending,,etcd-minikube,kube-system,kube-state-metrics,1780634719,0.0
pod_status_phase_Succeeded,,etcd-minikube,kube-system,kube-state-metrics,1780634719,0.0
pod_status_phase_Failed,,etcd-minikube,kube-system,kube-state-metrics,1780634719,0.0
pod_status_phase_Unknown,,etcd-minikube,kube-system,kube-state-metrics,1780634719,0.0
pod_status_phase_Running,,etcd-minikube,kube-system,kube-state-metrics,1780634719,1.0
pod_status_phase_Pending,,coredns-7d764666f9-hxxb8,kube-system,kube-state-metrics,1780634719,0.0
pod_status_phase_Succeeded,,coredns-7d764666f9-hxxb8,kube-system,kube-state-metrics,1780634719,0.0
pod_status_phase_Failed,,coredns-7d764666f9-hxxb8,kube-system,kube-state-metrics,1780634719,0.0
pod_status_phase_Unknown,,coredns-7d764666f9-hxxb8,kube-system,kube-state-metrics,1780634719,0.0
pod_status_phase_Running,,coredns-7d764666f9-hxxb8,kube-system,kube-state-metrics,1780634719,1.0
pod_status_phase_Pending,,chaos-dns-server-6bccb5bb76-gscmn,chaos-testing,kube-state-metrics,1780634719,0.0
pod_status_phase_Succeeded,,chaos-dns-server-6bccb5bb76-gscmn,chaos-testing,kube-state-metrics,1780634719,0.0
pod_status_phase_Failed,,chaos-dns-server-6bccb5bb76-gscmn,chaos-testing,kube-state-metrics,1780634719,0.0
pod_status_phase_Unknown,,chaos-dns-server-6bccb5bb76-gscmn,chaos-testing,kube-state-metrics,1780634719,0.0
pod_status_phase_Running,,chaos-dns-server-6bccb5bb76-gscmn,chaos-testing,kube-state-metrics,1780634719,1.0
pod_status_phase_Pending,,kube-apiserver-minikube,kube-system,kube-state-metrics,1780634719,0.0
pod_status_phase_Succeeded,,kube-apiserver-minikube,kube-system,kube-state-metrics,1780634719,0.0
pod_status_phase_Failed,,kube-apiserver-minikube,kube-system,kube-state-metrics,1780634719,0.0
pod_status_phase_Unknown,,kube-apiserver-minikube,kube-system,kube-state-metrics,1780634719,0.0
pod_status_phase_Running,,kube-apiserver-minikube,kube-system,kube-state-metrics,1780634719,1.0
pod_status_phase_Pending,,prometheus-monitoring-kube-prometheus-prometheus-0,monitoring,kube-state-metrics,1780634719,0.0
pod_status_phase_Succeeded,,prometheus-monitoring-kube-prometheus-prometheus-0,monitoring,kube-state-metrics,1780634719,0.0
pod_status_phase_Failed,,prometheus-monitoring-kube-prometheus-prometheus-0,monitoring,kube-state-metrics,1780634719,0.0
pod_status_phase_Unknown,,prometheus-monitoring-kube-prometheus-prometheus-0,monitoring,kube-state-metrics,1780634719,0.0
pod_status_phase_Running,,prometheus-monitoring-kube-prometheus-prometheus-0,monitoring,kube-state-metrics,1780634719,1.0
pod_status_phase_Pending,,storage-provisioner,kube-system,kube-state-metrics,1780634719,0.0
pod_status_phase_Succeeded,,storage-provisioner,kube-system,kube-state-metrics,1780634719,0.0
pod_status_phase_Failed,,storage-provisioner,kube-system,kube-state-metrics,1780634719,0.0
pod_status_phase_Unknown,,storage-provisioner,kube-system,kube-state-metrics,1780634719,0.0
pod_status_phase_Running,,storage-provisioner,kube-system,kube-state-metrics,1780634719,1.0
pod_status_phase_Pending,,loadgenerator-7dd458dd5b-p2gm5,boutique,kube-state-metrics,1780634719,0.0
pod_status_phase_Succeeded,,loadgenerator-7dd458dd5b-p2gm5,boutique,kube-state-metrics,1780634719,0.0
pod_status_phase_Failed,,loadgenerator-7dd458dd5b-p2gm5,boutique,kube-state-metrics,1780634719,0.0
pod_status_phase_Unknown,,loadgenerator-7dd458dd5b-p2gm5,boutique,kube-state-metrics,1780634719,0.0
pod_status_phase_Running,,loadgenerator-7dd458dd5b-p2gm5,boutique,kube-state-metrics,1780634719,1.0
pod_status_phase_Pending,,alertmanager-monitoring-kube-prometheus-alertmanager-0,monitoring,kube-state-metrics,1780634719,0.0
pod_status_phase_Succeeded,,alertmanager-monitoring-kube-prometheus-alertmanager-0,monitoring,kube-state-metrics,1780634719,0.0
pod_status_phase_Failed,,alertmanager-monitoring-kube-prometheus-alertmanager-0,monitoring,kube-state-metrics,1780634719,0.0
pod_status_phase_Unknown,,alertmanager-monitoring-kube-prometheus-alertmanager-0,monitoring,kube-state-metrics,1780634719,0.0
pod_status_phase_Running,,alertmanager-monitoring-kube-prometheus-alertmanager-0,monitoring,kube-state-metrics,1780634719,1.0
pod_status_phase_Pending,,shippingservice-55656785c7-lk4mx,boutique,kube-state-metrics,1780634719,0.0
pod_status_phase_Succeeded,,shippingservice-55656785c7-lk4mx,boutique,kube-state-metrics,1780634719,0.0
pod_status_phase_Failed,,shippingservice-55656785c7-lk4mx,boutique,kube-state-metrics,1780634719,0.0
pod_status_phase_Unknown,,shippingservice-55656785c7-lk4mx,boutique,kube-state-metrics,1780634719,0.0
pod_status_phase_Running,,shippingservice-55656785c7-lk4mx,boutique,kube-state-metrics,1780634719,1.0
pod_status_phase_Pending,,chaos-dashboard-5b77585c6c-zm7f4,chaos-testing,kube-state-metrics,1780634719,0.0
pod_status_phase_Succeeded,,chaos-dashboard-5b77585c6c-zm7f4,chaos-testing,kube-state-metrics,1780634719,0.0
pod_status_phase_Failed,,chaos-dashboard-5b77585c6c-zm7f4,chaos-testing,kube-state-metrics,1780634719,0.0
pod_status_phase_Unknown,,chaos-dashboard-5b77585c6c-zm7f4,chaos-testing,kube-state-metrics,1780634719,0.0
pod_status_phase_Running,,chaos-dashboard-5b77585c6c-zm7f4,chaos-testing,kube-state-metrics,1780634719,1.0
pod_status_phase_Pending,,monitoring-grafana-6f66955c48-hlrcn,monitoring,kube-state-metrics,1780634719,0.0
pod_status_phase_Succeeded,,monitoring-grafana-6f66955c48-hlrcn,monitoring,kube-state-metrics,1780634719,0.0
pod_status_phase_Failed,,monitoring-grafana-6f66955c48-hlrcn,monitoring,kube-state-metrics,1780634719,0.0
pod_status_phase_Unknown,,monitoring-grafana-6f66955c48-hlrcn,monitoring,kube-state-metrics,1780634719,0.0
pod_status_phase_Running,,monitoring-grafana-6f66955c48-hlrcn,monitoring,kube-state-metrics,1780634719,1.0
pod_status_phase_Pending,,coredns-7d764666f9-gmlgd,kube-system,kube-state-metrics,1780634719,0.0
pod_status_phase_Succeeded,,coredns-7d764666f9-gmlgd,kube-system,kube-state-metrics,1780634719,0.0
pod_status_phase_Failed,,coredns-7d764666f9-gmlgd,kube-system,kube-state-metrics,1780634719,0.0
pod_status_phase_Unknown,,coredns-7d764666f9-gmlgd,kube-system,kube-state-metrics,1780634719,0.0
pod_status_phase_Running,,coredns-7d764666f9-gmlgd,kube-system,kube-state-metrics,1780634719,1.0
pod_status_phase_Pending,,checkoutservice-75b9cd684f-mxb57,boutique,kube-state-metrics,1780634719,0.0
pod_status_phase_Succeeded,,checkoutservice-75b9cd684f-mxb57,boutique,kube-state-metrics,1780634719,0.0
pod_status_phase_Failed,,checkoutservice-75b9cd684f-mxb57,boutique,kube-state-metrics,1780634719,0.0
pod_status_phase_Unknown,,checkoutservice-75b9cd684f-mxb57,boutique,kube-state-metrics,1780634719,0.0
pod_status_phase_Running,,checkoutservice-75b9cd684f-mxb57,boutique,kube-state-metrics,1780634719,1.0
pod_status_phase_Pending,,kube-scheduler-minikube,kube-system,kube-state-metrics,1780634719,0.0
pod_status_phase_Succeeded,,kube-scheduler-minikube,kube-system,kube-state-metrics,1780634719,0.0
pod_status_phase_Failed,,kube-scheduler-minikube,kube-system,kube-state-metrics,1780634719,0.0
pod_status_phase_Unknown,,kube-scheduler-minikube,kube-system,kube-state-metrics,1780634719,0.0
pod_status_phase_Running,,kube-scheduler-minikube,kube-system,kube-state-metrics,1780634719,1.0
pod_status_phase_Pending,,emailservice-7466dc585-sv4wh,boutique,kube-state-metrics,1780634719,0.0
pod_status_phase_Succeeded,,emailservice-7466dc585-sv4wh,boutique,kube-state-metrics,1780634719,0.0
pod_status_phase_Failed,,emailservice-7466dc585-sv4wh,boutique,kube-state-metrics,1780634719,0.0
pod_status_phase_Unknown,,emailservice-7466dc585-sv4wh,boutique,kube-state-metrics,1780634719,0.0
pod_status_phase_Running,,emailservice-7466dc585-sv4wh,boutique,kube-state-metrics,1780634719,1.0
pod_status_phase_Pending,,monitoring-kube-prometheus-operator-556b56cc6d-n6dg9,monitoring,kube-state-metrics,1780634719,0.0
pod_status_phase_Succeeded,,monitoring-kube-prometheus-operator-556b56cc6d-n6dg9,monitoring,kube-state-metrics,1780634719,0.0
pod_status_phase_Failed,,monitoring-kube-prometheus-operator-556b56cc6d-n6dg9,monitoring,kube-state-metrics,1780634719,0.0
pod_status_phase_Unknown,,monitoring-kube-prometheus-operator-556b56cc6d-n6dg9,monitoring,kube-state-metrics,1780634719,0.0
pod_status_phase_Running,,monitoring-kube-prometheus-operator-556b56cc6d-n6dg9,monitoring,kube-state-metrics,1780634719,1.0
pod_status_phase_Pending,,recommendationservice-6f8f67d69-fhrns,boutique,kube-state-metrics,1780634719,0.0
pod_status_phase_Succeeded,,recommendationservice-6f8f67d69-fhrns,boutique,kube-state-metrics,1780634719,0.0
pod_status_phase_Failed,,recommendationservice-6f8f67d69-fhrns,boutique,kube-state-metrics,1780634719,0.0
pod_status_phase_Unknown,,recommendationservice-6f8f67d69-fhrns,boutique,kube-state-metrics,1780634719,0.0
pod_status_phase_Running,,recommendationservice-6f8f67d69-fhrns,boutique,kube-state-metrics,1780634719,1.0
pod_status_phase_Pending,,chaos-daemon-n6ghj,chaos-testing,kube-state-metrics,1780634719,0.0
pod_status_phase_Succeeded,,chaos-daemon-n6ghj,chaos-testing,kube-state-metrics,1780634719,0.0
pod_status_phase_Failed,,chaos-daemon-n6ghj,chaos-testing,kube-state-metrics,1780634719,0.0
pod_status_phase_Unknown,,chaos-daemon-n6ghj,chaos-testing,kube-state-metrics,1780634719,0.0
pod_status_phase_Running,,chaos-daemon-n6ghj,chaos-testing,kube-state-metrics,1780634719,1.0
pod_restarts,,productcatalogservice-fb49fc9cc-vbqbl,boutique,server,1780634719,1.0
pod_restarts,,redis-cart-6899b65948-ms767,boutique,redis,1780634719,6.0
pod_restarts,,kube-controller-manager-minikube,kube-system,kube-controller-manager,1780634719,8.0
pod_restarts,,currencyservice-fd8f5dfb7-js8gr,boutique,server,1780634719,11.0
pod_restarts,,kube-proxy-fshvh,kube-system,kube-proxy,1780634719,7.0
pod_restarts,,chaos-controller-manager-659785674d-29q42,chaos-testing,chaos-mesh,1780634719,5.0
pod_restarts,,frontend-694b9f76cd-pskf5,boutique,server,1780634719,1.0
pod_restarts,,monitoring-kube-state-metrics-868694bc4b-689cm,monitoring,kube-state-metrics,1780634719,6.0
pod_restarts,,chaos-controller-manager-659785674d-wbwg8,chaos-testing,chaos-mesh,1780634719,5.0
pod_restarts,,chaos-controller-manager-659785674d-fjb2r,chaos-testing,chaos-mesh,1780634719,5.0
pod_restarts,,paymentservice-6b76dfb449-n8mm2,boutique,server,1780634719,9.0
pod_restarts,,adservice-8576649cff-5bvst,boutique,server,1780634719,8.0
pod_restarts,,cartservice-546c548494-cb4lb,boutique,server,1780634719,6.0
pod_restarts,,monitoring-prometheus-node-exporter-pdw8p,monitoring,node-exporter,1780634719,6.0
pod_restarts,,etcd-minikube,kube-system,etcd,1780634719,7.0
pod_restarts,,coredns-7d764666f9-hxxb8,kube-system,coredns,1780634719,7.0
pod_restarts,,chaos-dns-server-6bccb5bb76-gscmn,chaos-testing,chaos-dns-server,1780634719,5.0
pod_restarts,,kube-apiserver-minikube,kube-system,kube-apiserver,1780634719,7.0
pod_restarts,,prometheus-monitoring-kube-prometheus-prometheus-0,monitoring,config-reloader,1780634719,6.0
pod_restarts,,prometheus-monitoring-kube-prometheus-prometheus-0,monitoring,prometheus,1780634719,6.0
pod_restarts,,storage-provisioner,kube-system,storage-provisioner,1780634719,10.0
pod_restarts,,loadgenerator-7dd458dd5b-p2gm5,boutique,main,1780634719,5.0
pod_restarts,,alertmanager-monitoring-kube-prometheus-alertmanager-0,monitoring,alertmanager,1780634719,6.0
pod_restarts,,alertmanager-monitoring-kube-prometheus-alertmanager-0,monitoring,config-reloader,1780634719,6.0
pod_restarts,,shippingservice-55656785c7-lk4mx,boutique,server,1780634719,8.0
pod_restarts,,chaos-dashboard-5b77585c6c-zm7f4,chaos-testing,chaos-dashboard,1780634719,5.0
pod_restarts,,monitoring-grafana-6f66955c48-hlrcn,monitoring,grafana,1780634719,6.0
pod_restarts,,monitoring-grafana-6f66955c48-hlrcn,monitoring,grafana-sc-dashboard,1780634719,6.0
pod_restarts,,monitoring-grafana-6f66955c48-hlrcn,monitoring,grafana-sc-datasources,1780634719,6.0
pod_restarts,,coredns-7d764666f9-gmlgd,kube-system,coredns,1780634719,7.0
pod_restarts,,checkoutservice-75b9cd684f-mxb57,boutique,server,1780634719,1.0
pod_restarts,,kube-scheduler-minikube,kube-system,kube-scheduler,1780634719,7.0
pod_restarts,,emailservice-7466dc585-sv4wh,boutique,server,1780634719,13.0
pod_restarts,,monitoring-kube-prometheus-operator-556b56cc6d-n6dg9,monitoring,kube-prometheus-stack,1780634719,6.0
pod_restarts,,recommendationservice-6f8f67d69-fhrns,boutique,server,1780634719,12.0
pod_restarts,,chaos-daemon-n6ghj,chaos-testing,chaos-daemon,1780634719,5.0
cpu_rate,minikube,kube-proxy-fshvh,kube-system,/kubepods/besteffort/pod2f4efb93-ee48-4c37-b1e1-6f2e54a917c7,1780634733,0.000662947913147523
cpu_rate,minikube,monitoring-kube-state-metrics-868694bc4b-689cm,monitoring,/kubepods/besteffort/pod59c52cc8-67e3-4946-aac6-7ff0ef74285f,1780634733,0.0004884583333333331
cpu_rate,minikube,prometheus-monitoring-kube-prometheus-prometheus-0,monitoring,/kubepods/besteffort/pod6bff50b8-f988-4ff2-a8c1-8f95f2c25189,1780634733,0.008627711111111106
cpu_rate,minikube,storage-provisioner,kube-system,/kubepods/besteffort/pod9bffcac8-a0cd-49a4-ad59-cdbf60a579cb,1780634733,0.000840232949462537
cpu_rate,minikube,monitoring-grafana-6f66955c48-hlrcn,monitoring,/kubepods/besteffort/pod9d3fe3f0-8989-47b4-8478-0ae7be66df8d,1780634733,0.0033541444444444503
cpu_rate,minikube,chaos-daemon-n6ghj,chaos-testing,/kubepods/besteffort/poda051be83-a7cd-43e4-83d3-76f3c90e8474,1780634733,5.20833333333276e-07
cpu_rate,minikube,monitoring-kube-prometheus-operator-556b56cc6d-n6dg9,monitoring,/kubepods/besteffort/podc8122519-a592-495f-9353-00a2f23fdf80,1780634733,0.0012135729166666668
cpu_rate,minikube,monitoring-prometheus-node-exporter-pdw8p,monitoring,/kubepods/besteffort/podd35abb3b-34f0-40fa-af55-3ab246fc64c8,1780634733,0.0004228333333333333
cpu_rate,minikube,kube-scheduler-minikube,kube-system,/kubepods/burstable/pod1c7123a121598343200ffd5b015ca580,1780634733,0.002570144299933765
cpu_rate,minikube,shippingservice-55656785c7-lk4mx,boutique,/kubepods/burstable/pod1df51271-c9ea-47fa-8fb2-cf15bbc7c216,1780634733,0.0004816561970242516
cpu_rate,minikube,chaos-controller-manager-659785674d-29q42,chaos-testing,/kubepods/burstable/pod21ab858c-cee8-438c-8682-c786dc3dc044,1780634733,0.00020339154997418282
cpu_rate,minikube,chaos-controller-manager-659785674d-fjb2r,chaos-testing,/kubepods/burstable/pod2569141a-4d05-422e-bcf2-2f01e2f5056d,1780634733,0.00011115555555555538
cpu_rate,minikube,coredns-7d764666f9-hxxb8,kube-system,/kubepods/burstable/pod596c18fb-891c-4e87-9b11-83d99dd6d264,1780634733,0.0011260729166666667
cpu_rate,minikube,recommendationservice-6f8f67d69-fhrns,boutique,/kubepods/burstable/pod5ded7b1a-44d9-4178-8596-57a9e25f6171,1780634733,0.0018617333333333336
cpu_rate,minikube,etcd-minikube,kube-system,/kubepods/burstable/pod5ff8e3b06bbaa8cb7ebc2bf531e48a2f,1780634733,0.019398988116527162
cpu_rate,minikube,emailservice-7466dc585-sv4wh,boutique,/kubepods/burstable/pod6116940a-da83-4761-97dc-892a207b789e,1780634733,0.0068224375
cpu_rate,minikube,cartservice-546c548494-cb4lb,boutique,/kubepods/burstable/pod6ec732c5-cf34-4e25-a3ce-ff4b44ce8d19,1780634733,0.01411777083333333
cpu_rate,minikube,kube-controller-manager-minikube,kube-system,/kubepods/burstable/pod740363cf4388c2d0df59fc97f96b889c,1780634733,0.009131346906286345
cpu_rate,minikube,chaos-dashboard-5b77585c6c-zm7f4,chaos-testing,/kubepods/burstable/pod7d3e8284-7c72-4577-a8fb-79d957f69104,1780634733,0.0007389528418949509
cpu_rate,minikube,chaos-dns-server-6bccb5bb76-gscmn,chaos-testing,/kubepods/burstable/pod8a82a436-ef3f-4750-8f39-dbfde680d0b8,1780634733,0.0008119555555555558
cpu_rate,minikube,coredns-7d764666f9-gmlgd,kube-system,/kubepods/burstable/pod9289fad3-6e91-4617-b97d-6da4631c2f35,1780634733,0.0010730833333333332
cpu_rate,minikube,adservice-8576649cff-5bvst,boutique,/kubepods/burstable/pod9d685cd3-17df-43af-a26e-7743c006902d,1780634733,0.005923239583333332
cpu_rate,minikube,kube-apiserver-minikube,kube-system,/kubepods/burstable/poda6dc00f40d27725f15407f95751ce5f7,1780634733,0.025111860177989713
cpu_rate,minikube,loadgenerator-7dd458dd5b-p2gm5,boutique,/kubepods/burstable/podad2b31a2-cb58-4a8e-9520-6dac05e0ae03,1780634733,0.010211838541666664
cpu_rate,minikube,alertmanager-monitoring-kube-prometheus-alertmanager-0,monitoring,/kubepods/burstable/podb5fde93f-2f9a-427f-aa16-8a257f179975,1780634733,0.0020749062499999995
cpu_rate,minikube,currencyservice-fd8f5dfb7-js8gr,boutique,/kubepods/burstable/podc827ec2d-8a9d-4e1c-8017-62c3901eccb4,1780634733,0.004560104166666666
cpu_rate,minikube,redis-cart-6899b65948-ms767,boutique,/kubepods/burstable/podd425db0f-53f9-4bec-9ee1-49e4ced03bb6,1780634733,0.0009273876100511076
cpu_rate,minikube,chaos-controller-manager-659785674d-wbwg8,chaos-testing,/kubepods/burstable/podd7abbfc2-2af5-4b28-b438-3ebef4bafcce,1780634733,0.0023101163650986636
cpu_rate,minikube,paymentservice-6b76dfb449-n8mm2,boutique,/kubepods/burstable/podd9986049-5066-4a99-a156-0bc7b2391961,1780634733,0.0042768250502780445
cpu_rate,minikube,checkoutservice-75b9cd684f-mxb57,boutique,/kubepods/burstable/pod899228c2-a2b5-44fd-93be-9c372e37e8b5,1780634733,0.00027587500000000013
cpu_rate,minikube,frontend-694b9f76cd-pskf5,boutique,/kubepods/burstable/pod4d235b9f-a410-4f2c-99da-80b42ecf7d86,1780634733,0.00360368888888889
cpu_rate,minikube,productcatalogservice-fb49fc9cc-vbqbl,boutique,/kubepods/burstable/pod9b723af0-e450-462a-a20e-b721d0610cf7,1780634733,0.001238522222222222
memory_working_set,minikube,kube-proxy-fshvh,kube-system,/kubepods/besteffort/pod2f4efb93-ee48-4c37-b1e1-6f2e54a917c7,1780634733,37031936.0
memory_working_set,minikube,monitoring-kube-state-metrics-868694bc4b-689cm,monitoring,/kubepods/besteffort/pod59c52cc8-67e3-4946-aac6-7ff0ef74285f,1780634733,39415808.0
memory_working_set,minikube,prometheus-monitoring-kube-prometheus-prometheus-0,monitoring,/kubepods/besteffort/pod6bff50b8-f988-4ff2-a8c1-8f95f2c25189,1780634733,224804864.0
memory_working_set,minikube,storage-provisioner,kube-system,/kubepods/besteffort/pod9bffcac8-a0cd-49a4-ad59-cdbf60a579cb,1780634733,17698816.0
memory_working_set,minikube,monitoring-grafana-6f66955c48-hlrcn,monitoring,/kubepods/besteffort/pod9d3fe3f0-8989-47b4-8478-0ae7be66df8d,1780634733,430084096.0
memory_working_set,minikube,chaos-daemon-n6ghj,chaos-testing,/kubepods/besteffort/poda051be83-a7cd-43e4-83d3-76f3c90e8474,1780634733,24190976.0
memory_working_set,minikube,monitoring-kube-prometheus-operator-556b56cc6d-n6dg9,monitoring,/kubepods/besteffort/podc8122519-a592-495f-9353-00a2f23fdf80,1780634733,39555072.0
memory_working_set,minikube,monitoring-prometheus-node-exporter-pdw8p,monitoring,/kubepods/besteffort/podd35abb3b-34f0-40fa-af55-3ab246fc64c8,1780634733,14245888.0
memory_working_set,minikube,kube-scheduler-minikube,kube-system,/kubepods/burstable/pod1c7123a121598343200ffd5b015ca580,1780634733,38092800.0
memory_working_set,minikube,shippingservice-55656785c7-lk4mx,boutique,/kubepods/burstable/pod1df51271-c9ea-47fa-8fb2-cf15bbc7c216,1780634733,12161024.0
memory_working_set,minikube,chaos-controller-manager-659785674d-29q42,chaos-testing,/kubepods/burstable/pod21ab858c-cee8-438c-8682-c786dc3dc044,1780634733,19066880.0
memory_working_set,minikube,chaos-controller-manager-659785674d-fjb2r,chaos-testing,/kubepods/burstable/pod2569141a-4d05-422e-bcf2-2f01e2f5056d,1780634733,15323136.0
memory_working_set,minikube,coredns-7d764666f9-hxxb8,kube-system,/kubepods/burstable/pod596c18fb-891c-4e87-9b11-83d99dd6d264,1780634733,23678976.0
memory_working_set,minikube,recommendationservice-6f8f67d69-fhrns,boutique,/kubepods/burstable/pod5ded7b1a-44d9-4178-8596-57a9e25f6171,1780634733,51429376.0
memory_working_set,minikube,etcd-minikube,kube-system,/kubepods/burstable/pod5ff8e3b06bbaa8cb7ebc2bf531e48a2f,1780634733,94052352.0
memory_working_set,minikube,emailservice-7466dc585-sv4wh,boutique,/kubepods/burstable/pod6116940a-da83-4761-97dc-892a207b789e,1780634733,52125696.0
memory_working_set,minikube,cartservice-546c548494-cb4lb,boutique,/kubepods/burstable/pod6ec732c5-cf34-4e25-a3ce-ff4b44ce8d19,1780634733,46141440.0
memory_working_set,minikube,kube-controller-manager-minikube,kube-system,/kubepods/burstable/pod740363cf4388c2d0df59fc97f96b889c,1780634733,108494848.0
memory_working_set,minikube,chaos-dashboard-5b77585c6c-zm7f4,chaos-testing,/kubepods/burstable/pod7d3e8284-7c72-4577-a8fb-79d957f69104,1780634733,51589120.0
memory_working_set,minikube,chaos-dns-server-6bccb5bb76-gscmn,chaos-testing,/kubepods/burstable/pod8a82a436-ef3f-4750-8f39-dbfde680d0b8,1780634733,26812416.0
memory_working_set,minikube,coredns-7d764666f9-gmlgd,kube-system,/kubepods/burstable/pod9289fad3-6e91-4617-b97d-6da4631c2f35,1780634733,34746368.0
memory_working_set,minikube,adservice-8576649cff-5bvst,boutique,/kubepods/burstable/pod9d685cd3-17df-43af-a26e-7743c006902d,1780634733,91508736.0
memory_working_set,minikube,kube-apiserver-minikube,kube-system,/kubepods/burstable/poda6dc00f40d27725f15407f95751ce5f7,1780634733,528166912.0
memory_working_set,minikube,loadgenerator-7dd458dd5b-p2gm5,boutique,/kubepods/burstable/podad2b31a2-cb58-4a8e-9520-6dac05e0ae03,1780634733,62529536.0
memory_working_set,minikube,alertmanager-monitoring-kube-prometheus-alertmanager-0,monitoring,/kubepods/burstable/podb5fde93f-2f9a-427f-aa16-8a257f179975,1780634733,39321600.0
memory_working_set,minikube,currencyservice-fd8f5dfb7-js8gr,boutique,/kubepods/burstable/podc827ec2d-8a9d-4e1c-8017-62c3901eccb4,1780634733,38043648.0
memory_working_set,minikube,redis-cart-6899b65948-ms767,boutique,/kubepods/burstable/podd425db0f-53f9-4bec-9ee1-49e4ced03bb6,1780634733,12558336.0
memory_working_set,minikube,chaos-controller-manager-659785674d-wbwg8,chaos-testing,/kubepods/burstable/podd7abbfc2-2af5-4b28-b438-3ebef4bafcce,1780634733,52699136.0
memory_working_set,minikube,paymentservice-6b76dfb449-n8mm2,boutique,/kubepods/burstable/podd9986049-5066-4a99-a156-0bc7b2391961,1780634733,33136640.0
memory_working_set,minikube,checkoutservice-75b9cd684f-mxb57,boutique,/kubepods/burstable/pod899228c2-a2b5-44fd-93be-9c372e37e8b5,1780634733,13078528.0
memory_working_set,minikube,frontend-694b9f76cd-pskf5,boutique,/kubepods/burstable/pod4d235b9f-a410-4f2c-99da-80b42ecf7d86,1780634733,18612224.0
memory_working_set,minikube,productcatalogservice-fb49fc9cc-vbqbl,boutique,/kubepods/burstable/pod9b723af0-e450-462a-a20e-b721d0610cf7,1780634733,14626816.0
memory_rss,minikube,kube-proxy-fshvh,kube-system,/kubepods/besteffort/pod2f4efb93-ee48-4c37-b1e1-6f2e54a917c7,1780634733,17920000.0
memory_rss,minikube,monitoring-kube-state-metrics-868694bc4b-689cm,monitoring,/kubepods/besteffort/pod59c52cc8-67e3-4946-aac6-7ff0ef74285f,1780634733,21106688.0
memory_rss,minikube,prometheus-monitoring-kube-prometheus-prometheus-0,monitoring,/kubepods/besteffort/pod6bff50b8-f988-4ff2-a8c1-8f95f2c25189,1780634733,177840128.0
memory_rss,minikube,storage-provisioner,kube-system,/kubepods/besteffort/pod9bffcac8-a0cd-49a4-ad59-cdbf60a579cb,1780634733,8847360.0
memory_rss,minikube,monitoring-grafana-6f66955c48-hlrcn,monitoring,/kubepods/besteffort/pod9d3fe3f0-8989-47b4-8478-0ae7be66df8d,1780634733,308400128.0
memory_rss,minikube,chaos-daemon-n6ghj,chaos-testing,/kubepods/besteffort/poda051be83-a7cd-43e4-83d3-76f3c90e8474,1780634733,8101888.0
memory_rss,minikube,monitoring-kube-prometheus-operator-556b56cc6d-n6dg9,monitoring,/kubepods/besteffort/podc8122519-a592-495f-9353-00a2f23fdf80,1780634733,21008384.0
memory_rss,minikube,monitoring-prometheus-node-exporter-pdw8p,monitoring,/kubepods/besteffort/podd35abb3b-34f0-40fa-af55-3ab246fc64c8,1780634733,7643136.0
memory_rss,minikube,kube-scheduler-minikube,kube-system,/kubepods/burstable/pod1c7123a121598343200ffd5b015ca580,1780634733,22937600.0
memory_rss,minikube,shippingservice-55656785c7-lk4mx,boutique,/kubepods/burstable/pod1df51271-c9ea-47fa-8fb2-cf15bbc7c216,1780634733,6909952.0
memory_rss,minikube,chaos-controller-manager-659785674d-29q42,chaos-testing,/kubepods/burstable/pod21ab858c-cee8-438c-8682-c786dc3dc044,1780634733,14782464.0
memory_rss,minikube,chaos-controller-manager-659785674d-fjb2r,chaos-testing,/kubepods/burstable/pod2569141a-4d05-422e-bcf2-2f01e2f5056d,1780634733,14102528.0
memory_rss,minikube,coredns-7d764666f9-hxxb8,kube-system,/kubepods/burstable/pod596c18fb-891c-4e87-9b11-83d99dd6d264,1780634733,13881344.0
memory_rss,minikube,recommendationservice-6f8f67d69-fhrns,boutique,/kubepods/burstable/pod5ded7b1a-44d9-4178-8596-57a9e25f6171,1780634733,41287680.0
memory_rss,minikube,etcd-minikube,kube-system,/kubepods/burstable/pod5ff8e3b06bbaa8cb7ebc2bf531e48a2f,1780634733,60715008.0
memory_rss,minikube,emailservice-7466dc585-sv4wh,boutique,/kubepods/burstable/pod6116940a-da83-4761-97dc-892a207b789e,1780634733,42352640.0
memory_rss,minikube,cartservice-546c548494-cb4lb,boutique,/kubepods/burstable/pod6ec732c5-cf34-4e25-a3ce-ff4b44ce8d19,1780634733,15003648.0
memory_rss,minikube,kube-controller-manager-minikube,kube-system,/kubepods/burstable/pod740363cf4388c2d0df59fc97f96b889c,1780634733,83038208.0
memory_rss,minikube,chaos-dashboard-5b77585c6c-zm7f4,chaos-testing,/kubepods/burstable/pod7d3e8284-7c72-4577-a8fb-79d957f69104,1780634733,32133120.0
memory_rss,minikube,chaos-dns-server-6bccb5bb76-gscmn,chaos-testing,/kubepods/burstable/pod8a82a436-ef3f-4750-8f39-dbfde680d0b8,1780634733,11829248.0
memory_rss,minikube,coredns-7d764666f9-gmlgd,kube-system,/kubepods/burstable/pod9289fad3-6e91-4617-b97d-6da4631c2f35,1780634733,14401536.0
memory_rss,minikube,adservice-8576649cff-5bvst,boutique,/kubepods/burstable/pod9d685cd3-17df-43af-a26e-7743c006902d,1780634733,74915840.0
memory_rss,minikube,kube-apiserver-minikube,kube-system,/kubepods/burstable/poda6dc00f40d27725f15407f95751ce5f7,1780634733,493518848.0
memory_rss,minikube,loadgenerator-7dd458dd5b-p2gm5,boutique,/kubepods/burstable/podad2b31a2-cb58-4a8e-9520-6dac05e0ae03,1780634733,54923264.0
memory_rss,minikube,alertmanager-monitoring-kube-prometheus-alertmanager-0,monitoring,/kubepods/burstable/podb5fde93f-2f9a-427f-aa16-8a257f179975,1780634733,23166976.0
memory_rss,minikube,currencyservice-fd8f5dfb7-js8gr,boutique,/kubepods/burstable/podc827ec2d-8a9d-4e1c-8017-62c3901eccb4,1780634733,15392768.0
memory_rss,minikube,redis-cart-6899b65948-ms767,boutique,/kubepods/burstable/podd425db0f-53f9-4bec-9ee1-49e4ced03bb6,1780634733,5550080.0
memory_rss,minikube,chaos-controller-manager-659785674d-wbwg8,chaos-testing,/kubepods/burstable/podd7abbfc2-2af5-4b28-b438-3ebef4bafcce,1780634733,26091520.0
memory_rss,minikube,paymentservice-6b76dfb449-n8mm2,boutique,/kubepods/burstable/podd9986049-5066-4a99-a156-0bc7b2391961,1780634733,13373440.0
memory_rss,minikube,checkoutservice-75b9cd684f-mxb57,boutique,/kubepods/burstable/pod899228c2-a2b5-44fd-93be-9c372e37e8b5,1780634733,7147520.0
memory_rss,minikube,frontend-694b9f76cd-pskf5,boutique,/kubepods/burstable/pod4d235b9f-a410-4f2c-99da-80b42ecf7d86,1780634733,11251712.0
memory_rss,minikube,productcatalogservice-fb49fc9cc-vbqbl,boutique,/kubepods/burstable/pod9b723af0-e450-462a-a20e-b721d0610cf7,1780634733,8237056.0
fs_reads_bytes_rate,minikube,kube-proxy-fshvh,kube-system,/kubepods/besteffort/pod2f4efb93-ee48-4c37-b1e1-6f2e54a917c7,1780634733,1565.8482162162163
fs_reads_bytes_rate,minikube,monitoring-kube-state-metrics-868694bc4b-689cm,monitoring,/kubepods/besteffort/pod59c52cc8-67e3-4946-aac6-7ff0ef74285f,1780634733,1408.0
fs_reads_bytes_rate,minikube,prometheus-monitoring-kube-prometheus-prometheus-0,monitoring,/kubepods/besteffort/pod6bff50b8-f988-4ff2-a8c1-8f95f2c25189,1780634733,269107.19999999995
fs_reads_bytes_rate,minikube,storage-provisioner,kube-system,/kubepods/besteffort/pod9bffcac8-a0cd-49a4-ad59-cdbf60a579cb,1780634733,6914.312336904635
fs_reads_bytes_rate,minikube,monitoring-grafana-6f66955c48-hlrcn,monitoring,/kubepods/besteffort/pod9d3fe3f0-8989-47b4-8478-0ae7be66df8d,1780634733,12333.511111111111
fs_reads_bytes_rate,minikube,chaos-daemon-n6ghj,chaos-testing,/kubepods/besteffort/poda051be83-a7cd-43e4-83d3-76f3c90e8474,1780634733,0.0
fs_reads_bytes_rate,minikube,monitoring-kube-prometheus-operator-556b56cc6d-n6dg9,monitoring,/kubepods/besteffort/podc8122519-a592-495f-9353-00a2f23fdf80,1780634733,768.0
fs_reads_bytes_rate,minikube,monitoring-prometheus-node-exporter-pdw8p,monitoring,/kubepods/besteffort/podd35abb3b-34f0-40fa-af55-3ab246fc64c8,1780634733,8192.0
fs_reads_bytes_rate,minikube,kube-scheduler-minikube,kube-system,/kubepods/burstable/pod1c7123a121598343200ffd5b015ca580,1780634733,0.0
fs_reads_bytes_rate,minikube,shippingservice-55656785c7-lk4mx,boutique,/kubepods/burstable/pod1df51271-c9ea-47fa-8fb2-cf15bbc7c216,1780634733,9686.920698077343
fs_reads_bytes_rate,minikube,chaos-controller-manager-659785674d-29q42,chaos-testing,/kubepods/burstable/pod21ab858c-cee8-438c-8682-c786dc3dc044,1780634733,0.0
fs_reads_bytes_rate,minikube,chaos-controller-manager-659785674d-fjb2r,chaos-testing,/kubepods/burstable/pod2569141a-4d05-422e-bcf2-2f01e2f5056d,1780634733,0.0
fs_reads_bytes_rate,minikube,coredns-7d764666f9-hxxb8,kube-system,/kubepods/burstable/pod596c18fb-891c-4e87-9b11-83d99dd6d264,1780634733,3328.0
fs_reads_bytes_rate,minikube,recommendationservice-6f8f67d69-fhrns,boutique,/kubepods/burstable/pod5ded7b1a-44d9-4178-8596-57a9e25f6171,1780634733,3049.244444444444
fs_reads_bytes_rate,minikube,etcd-minikube,kube-system,/kubepods/burstable/pod5ff8e3b06bbaa8cb7ebc2bf531e48a2f,1780634733,4712.341887645065
fs_reads_bytes_rate,minikube,emailservice-7466dc585-sv4wh,boutique,/kubepods/burstable/pod6116940a-da83-4761-97dc-892a207b789e,1780634733,146688.0
fs_reads_bytes_rate,minikube,cartservice-546c548494-cb4lb,boutique,/kubepods/burstable/pod6ec732c5-cf34-4e25-a3ce-ff4b44ce8d19,1780634733,25343.999999999993
fs_reads_bytes_rate,minikube,kube-controller-manager-minikube,kube-system,/kubepods/burstable/pod740363cf4388c2d0df59fc97f96b889c,1780634733,47.77260519447273
fs_reads_bytes_rate,minikube,chaos-dashboard-5b77585c6c-zm7f4,chaos-testing,/kubepods/burstable/pod7d3e8284-7c72-4577-a8fb-79d957f69104,1780634733,0.0
fs_reads_bytes_rate,minikube,chaos-dns-server-6bccb5bb76-gscmn,chaos-testing,/kubepods/burstable/pod8a82a436-ef3f-4750-8f39-dbfde680d0b8,1780634733,45.511111111111106
fs_reads_bytes_rate,minikube,coredns-7d764666f9-gmlgd,kube-system,/kubepods/burstable/pod9289fad3-6e91-4617-b97d-6da4631c2f35,1780634733,1877.3333333333333
fs_reads_bytes_rate,minikube,adservice-8576649cff-5bvst,boutique,/kubepods/burstable/pod9d685cd3-17df-43af-a26e-7743c006902d,1780634733,22144.0
fs_reads_bytes_rate,minikube,kube-apiserver-minikube,kube-system,/kubepods/burstable/poda6dc00f40d27725f15407f95751ce5f7,1780634733,1466.101540522438
fs_reads_bytes_rate,minikube,loadgenerator-7dd458dd5b-p2gm5,boutique,/kubepods/burstable/podad2b31a2-cb58-4a8e-9520-6dac05e0ae03,1780634733,407529.24444444437
fs_reads_bytes_rate,minikube,alertmanager-monitoring-kube-prometheus-alertmanager-0,monitoring,/kubepods/burstable/podb5fde93f-2f9a-427f-aa16-8a257f179975,1780634733,234282.66666666666
fs_reads_bytes_rate,minikube,currencyservice-fd8f5dfb7-js8gr,boutique,/kubepods/burstable/podc827ec2d-8a9d-4e1c-8017-62c3901eccb4,1780634733,3925.333333333333
fs_reads_bytes_rate,minikube,redis-cart-6899b65948-ms767,boutique,/kubepods/burstable/podd425db0f-53f9-4bec-9ee1-49e4ced03bb6,1780634733,0.0
fs_reads_bytes_rate,minikube,chaos-controller-manager-659785674d-wbwg8,chaos-testing,/kubepods/burstable/podd7abbfc2-2af5-4b28-b438-3ebef4bafcce,1780634733,22892.627857829008
fs_reads_bytes_rate,minikube,paymentservice-6b76dfb449-n8mm2,boutique,/kubepods/burstable/podd9986049-5066-4a99-a156-0bc7b2391961,1780634733,86516.27171226418
fs_reads_bytes_rate,minikube,checkoutservice-75b9cd684f-mxb57,boutique,/kubepods/burstable/pod899228c2-a2b5-44fd-93be-9c372e37e8b5,1780634733,1664.0000000000002
fs_reads_bytes_rate,minikube,frontend-694b9f76cd-pskf5,boutique,/kubepods/burstable/pod4d235b9f-a410-4f2c-99da-80b42ecf7d86,1780634733,4187.022222222223
fs_reads_bytes_rate,minikube,productcatalogservice-fb49fc9cc-vbqbl,boutique,/kubepods/burstable/pod9b723af0-e450-462a-a20e-b721d0610cf7,1780634733,3549.8666666666663
fs_writes_bytes_rate,minikube,kube-proxy-fshvh,kube-system,/kubepods/besteffort/pod2f4efb93-ee48-4c37-b1e1-6f2e54a917c7,1780634733,0.0
fs_writes_bytes_rate,minikube,monitoring-kube-state-metrics-868694bc4b-689cm,monitoring,/kubepods/besteffort/pod59c52cc8-67e3-4946-aac6-7ff0ef74285f,1780634733,0.0
fs_writes_bytes_rate,minikube,prometheus-monitoring-kube-prometheus-prometheus-0,monitoring,/kubepods/besteffort/pod6bff50b8-f988-4ff2-a8c1-8f95f2c25189,1780634733,6843.733333333334
fs_writes_bytes_rate,minikube,storage-provisioner,kube-system,/kubepods/besteffort/pod9bffcac8-a0cd-49a4-ad59-cdbf60a579cb,1780634733,0.0
fs_writes_bytes_rate,minikube,monitoring-grafana-6f66955c48-hlrcn,monitoring,/kubepods/besteffort/pod9d3fe3f0-8989-47b4-8478-0ae7be66df8d,1780634733,273.06666666666666
fs_writes_bytes_rate,minikube,chaos-daemon-n6ghj,chaos-testing,/kubepods/besteffort/poda051be83-a7cd-43e4-83d3-76f3c90e8474,1780634733,0.0
fs_writes_bytes_rate,minikube,monitoring-kube-prometheus-operator-556b56cc6d-n6dg9,monitoring,/kubepods/besteffort/podc8122519-a592-495f-9353-00a2f23fdf80,1780634733,0.0
fs_writes_bytes_rate,minikube,monitoring-prometheus-node-exporter-pdw8p,monitoring,/kubepods/besteffort/podd35abb3b-34f0-40fa-af55-3ab246fc64c8,1780634733,0.0
fs_writes_bytes_rate,minikube,kube-scheduler-minikube,kube-system,/kubepods/burstable/pod1c7123a121598343200ffd5b015ca580,1780634733,0.0
fs_writes_bytes_rate,minikube,shippingservice-55656785c7-lk4mx,boutique,/kubepods/burstable/pod1df51271-c9ea-47fa-8fb2-cf15bbc7c216,1780634733,0.0
fs_writes_bytes_rate,minikube,chaos-controller-manager-659785674d-29q42,chaos-testing,/kubepods/burstable/pod21ab858c-cee8-438c-8682-c786dc3dc044,1780634733,0.0
fs_writes_bytes_rate,minikube,chaos-controller-manager-659785674d-fjb2r,chaos-testing,/kubepods/burstable/pod2569141a-4d05-422e-bcf2-2f01e2f5056d,1780634733,0.0
fs_writes_bytes_rate,minikube,coredns-7d764666f9-hxxb8,kube-system,/kubepods/burstable/pod596c18fb-891c-4e87-9b11-83d99dd6d264,1780634733,0.0
fs_writes_bytes_rate,minikube,recommendationservice-6f8f67d69-fhrns,boutique,/kubepods/burstable/pod5ded7b1a-44d9-4178-8596-57a9e25f6171,1780634733,0.0
fs_writes_bytes_rate,minikube,etcd-minikube,kube-system,/kubepods/burstable/pod5ff8e3b06bbaa8cb7ebc2bf531e48a2f,1780634733,71663.77851631235
fs_writes_bytes_rate,minikube,emailservice-7466dc585-sv4wh,boutique,/kubepods/burstable/pod6116940a-da83-4761-97dc-892a207b789e,1780634733,0.0
fs_writes_bytes_rate,minikube,cartservice-546c548494-cb4lb,boutique,/kubepods/burstable/pod6ec732c5-cf34-4e25-a3ce-ff4b44ce8d19,1780634733,0.0
fs_writes_bytes_rate,minikube,kube-controller-manager-minikube,kube-system,/kubepods/burstable/pod740363cf4388c2d0df59fc97f96b889c,1780634733,0.0
fs_writes_bytes_rate,minikube,chaos-dashboard-5b77585c6c-zm7f4,chaos-testing,/kubepods/burstable/pod7d3e8284-7c72-4577-a8fb-79d957f69104,1780634733,0.0
fs_writes_bytes_rate,minikube,chaos-dns-server-6bccb5bb76-gscmn,chaos-testing,/kubepods/burstable/pod8a82a436-ef3f-4750-8f39-dbfde680d0b8,1780634733,0.0
fs_writes_bytes_rate,minikube,coredns-7d764666f9-gmlgd,kube-system,/kubepods/burstable/pod9289fad3-6e91-4617-b97d-6da4631c2f35,1780634733,0.0
fs_writes_bytes_rate,minikube,adservice-8576649cff-5bvst,boutique,/kubepods/burstable/pod9d685cd3-17df-43af-a26e-7743c006902d,1780634733,0.0
fs_writes_bytes_rate,minikube,kube-apiserver-minikube,kube-system,/kubepods/burstable/poda6dc00f40d27725f15407f95751ce5f7,1780634733,0.0
fs_writes_bytes_rate,minikube,loadgenerator-7dd458dd5b-p2gm5,boutique,/kubepods/burstable/podad2b31a2-cb58-4a8e-9520-6dac05e0ae03,1780634733,0.0
fs_writes_bytes_rate,minikube,alertmanager-monitoring-kube-prometheus-alertmanager-0,monitoring,/kubepods/burstable/podb5fde93f-2f9a-427f-aa16-8a257f179975,1780634733,0.0
fs_writes_bytes_rate,minikube,currencyservice-fd8f5dfb7-js8gr,boutique,/kubepods/burstable/podc827ec2d-8a9d-4e1c-8017-62c3901eccb4,1780634733,0.0
fs_writes_bytes_rate,minikube,redis-cart-6899b65948-ms767,boutique,/kubepods/burstable/podd425db0f-53f9-4bec-9ee1-49e4ced03bb6,1780634733,0.0
fs_writes_bytes_rate,minikube,chaos-controller-manager-659785674d-wbwg8,chaos-testing,/kubepods/burstable/podd7abbfc2-2af5-4b28-b438-3ebef4bafcce,1780634733,0.0
fs_writes_bytes_rate,minikube,paymentservice-6b76dfb449-n8mm2,boutique,/kubepods/burstable/podd9986049-5066-4a99-a156-0bc7b2391961,1780634733,0.0
fs_writes_bytes_rate,minikube,checkoutservice-75b9cd684f-mxb57,boutique,/kubepods/burstable/pod899228c2-a2b5-44fd-93be-9c372e37e8b5,1780634733,0.0
fs_writes_bytes_rate,minikube,frontend-694b9f76cd-pskf5,boutique,/kubepods/burstable/pod4d235b9f-a410-4f2c-99da-80b42ecf7d86,1780634733,0.0
fs_writes_bytes_rate,minikube,productcatalogservice-fb49fc9cc-vbqbl,boutique,/kubepods/burstable/pod9b723af0-e450-462a-a20e-b721d0610cf7,1780634733,0.0
fs_reads_total,minikube,kube-proxy-fshvh,kube-system,/kubepods/besteffort/pod2f4efb93-ee48-4c37-b1e1-6f2e54a917c7,1780634733,511.0
fs_reads_total,minikube,monitoring-kube-state-metrics-868694bc4b-689cm,monitoring,/kubepods/besteffort/pod59c52cc8-67e3-4946-aac6-7ff0ef74285f,1780634733,522.0
fs_reads_total,minikube,prometheus-monitoring-kube-prometheus-prometheus-0,monitoring,/kubepods/besteffort/pod6bff50b8-f988-4ff2-a8c1-8f95f2c25189,1780634733,2569.0
fs_reads_total,minikube,storage-provisioner,kube-system,/kubepods/besteffort/pod9bffcac8-a0cd-49a4-ad59-cdbf60a579cb,1780634733,270.0
fs_reads_total,minikube,monitoring-grafana-6f66955c48-hlrcn,monitoring,/kubepods/besteffort/pod9d3fe3f0-8989-47b4-8478-0ae7be66df8d,1780634733,5811.0
fs_reads_total,minikube,chaos-daemon-n6ghj,chaos-testing,/kubepods/besteffort/poda051be83-a7cd-43e4-83d3-76f3c90e8474,1780634733,476.0
fs_reads_total,minikube,monitoring-kube-prometheus-operator-556b56cc6d-n6dg9,monitoring,/kubepods/besteffort/podc8122519-a592-495f-9353-00a2f23fdf80,1780634733,526.0
fs_reads_total,minikube,monitoring-prometheus-node-exporter-pdw8p,monitoring,/kubepods/besteffort/podd35abb3b-34f0-40fa-af55-3ab246fc64c8,1780634733,191.0
fs_reads_total,minikube,kube-scheduler-minikube,kube-system,/kubepods/burstable/pod1c7123a121598343200ffd5b015ca580,1780634733,462.0
fs_reads_total,minikube,shippingservice-55656785c7-lk4mx,boutique,/kubepods/burstable/pod1df51271-c9ea-47fa-8fb2-cf15bbc7c216,1780634733,156.0
fs_reads_total,minikube,chaos-controller-manager-659785674d-29q42,chaos-testing,/kubepods/burstable/pod21ab858c-cee8-438c-8682-c786dc3dc044,1780634733,140.0
fs_reads_total,minikube,chaos-controller-manager-659785674d-fjb2r,chaos-testing,/kubepods/burstable/pod2569141a-4d05-422e-bcf2-2f01e2f5056d,1780634733,4.0
fs_reads_total,minikube,coredns-7d764666f9-hxxb8,kube-system,/kubepods/burstable/pod596c18fb-891c-4e87-9b11-83d99dd6d264,1780634733,330.0
fs_reads_total,minikube,recommendationservice-6f8f67d69-fhrns,boutique,/kubepods/burstable/pod5ded7b1a-44d9-4178-8596-57a9e25f6171,1780634733,907.0
fs_reads_total,minikube,etcd-minikube,kube-system,/kubepods/burstable/pod5ff8e3b06bbaa8cb7ebc2bf531e48a2f,1780634733,1643.0
fs_reads_total,minikube,emailservice-7466dc585-sv4wh,boutique,/kubepods/burstable/pod6116940a-da83-4761-97dc-892a207b789e,1780634733,920.0
fs_reads_total,minikube,cartservice-546c548494-cb4lb,boutique,/kubepods/burstable/pod6ec732c5-cf34-4e25-a3ce-ff4b44ce8d19,1780634733,313.0
fs_reads_total,minikube,kube-controller-manager-minikube,kube-system,/kubepods/burstable/pod740363cf4388c2d0df59fc97f96b889c,1780634733,691.0
fs_reads_total,minikube,chaos-dashboard-5b77585c6c-zm7f4,chaos-testing,/kubepods/burstable/pod7d3e8284-7c72-4577-a8fb-79d957f69104,1780634733,741.0
fs_reads_total,minikube,chaos-dns-server-6bccb5bb76-gscmn,chaos-testing,/kubepods/burstable/pod8a82a436-ef3f-4750-8f39-dbfde680d0b8,1780634733,416.0
fs_reads_total,minikube,coredns-7d764666f9-gmlgd,kube-system,/kubepods/burstable/pod9289fad3-6e91-4617-b97d-6da4631c2f35,1780634733,498.0
fs_reads_total,minikube,adservice-8576649cff-5bvst,boutique,/kubepods/burstable/pod9d685cd3-17df-43af-a26e-7743c006902d,1780634733,1967.0
fs_reads_total,minikube,kube-apiserver-minikube,kube-system,/kubepods/burstable/poda6dc00f40d27725f15407f95751ce5f7,1780634733,892.0
fs_reads_total,minikube,loadgenerator-7dd458dd5b-p2gm5,boutique,/kubepods/burstable/podad2b31a2-cb58-4a8e-9520-6dac05e0ae03,1780634733,1158.0
fs_reads_total,minikube,alertmanager-monitoring-kube-prometheus-alertmanager-0,monitoring,/kubepods/burstable/podb5fde93f-2f9a-427f-aa16-8a257f179975,1780634733,639.0
fs_reads_total,minikube,currencyservice-fd8f5dfb7-js8gr,boutique,/kubepods/burstable/podc827ec2d-8a9d-4e1c-8017-62c3901eccb4,1780634733,875.0
fs_reads_total,minikube,redis-cart-6899b65948-ms767,boutique,/kubepods/burstable/podd425db0f-53f9-4bec-9ee1-49e4ced03bb6,1780634733,250.0
fs_reads_total,minikube,chaos-controller-manager-659785674d-wbwg8,chaos-testing,/kubepods/burstable/podd7abbfc2-2af5-4b28-b438-3ebef4bafcce,1780634733,562.0
fs_reads_total,minikube,paymentservice-6b76dfb449-n8mm2,boutique,/kubepods/burstable/podd9986049-5066-4a99-a156-0bc7b2391961,1780634733,727.0
fs_reads_total,minikube,checkoutservice-75b9cd684f-mxb57,boutique,/kubepods/burstable/pod899228c2-a2b5-44fd-93be-9c372e37e8b5,1780634733,173.0
fs_reads_total,minikube,frontend-694b9f76cd-pskf5,boutique,/kubepods/burstable/pod4d235b9f-a410-4f2c-99da-80b42ecf7d86,1780634733,209.0
fs_reads_total,minikube,productcatalogservice-fb49fc9cc-vbqbl,boutique,/kubepods/burstable/pod9b723af0-e450-462a-a20e-b721d0610cf7,1780634733,222.0
fs_writes_total,minikube,kube-proxy-fshvh,kube-system,/kubepods/besteffort/pod2f4efb93-ee48-4c37-b1e1-6f2e54a917c7,1780634733,0.0
fs_writes_total,minikube,monitoring-kube-state-metrics-868694bc4b-689cm,monitoring,/kubepods/besteffort/pod59c52cc8-67e3-4946-aac6-7ff0ef74285f,1780634733,0.0
fs_writes_total,minikube,prometheus-monitoring-kube-prometheus-prometheus-0,monitoring,/kubepods/besteffort/pod6bff50b8-f988-4ff2-a8c1-8f95f2c25189,1780634733,22.0
fs_writes_total,minikube,storage-provisioner,kube-system,/kubepods/besteffort/pod9bffcac8-a0cd-49a4-ad59-cdbf60a579cb,1780634733,0.0
fs_writes_total,minikube,monitoring-grafana-6f66955c48-hlrcn,monitoring,/kubepods/besteffort/pod9d3fe3f0-8989-47b4-8478-0ae7be66df8d,1780634733,70.0
fs_writes_total,minikube,chaos-daemon-n6ghj,chaos-testing,/kubepods/besteffort/poda051be83-a7cd-43e4-83d3-76f3c90e8474,1780634733,0.0
fs_writes_total,minikube,monitoring-kube-prometheus-operator-556b56cc6d-n6dg9,monitoring,/kubepods/besteffort/podc8122519-a592-495f-9353-00a2f23fdf80,1780634733,0.0
fs_writes_total,minikube,monitoring-prometheus-node-exporter-pdw8p,monitoring,/kubepods/besteffort/podd35abb3b-34f0-40fa-af55-3ab246fc64c8,1780634733,0.0
fs_writes_total,minikube,kube-scheduler-minikube,kube-system,/kubepods/burstable/pod1c7123a121598343200ffd5b015ca580,1780634733,0.0
fs_writes_total,minikube,shippingservice-55656785c7-lk4mx,boutique,/kubepods/burstable/pod1df51271-c9ea-47fa-8fb2-cf15bbc7c216,1780634733,0.0
fs_writes_total,minikube,chaos-controller-manager-659785674d-29q42,chaos-testing,/kubepods/burstable/pod21ab858c-cee8-438c-8682-c786dc3dc044,1780634733,0.0
fs_writes_total,minikube,chaos-controller-manager-659785674d-fjb2r,chaos-testing,/kubepods/burstable/pod2569141a-4d05-422e-bcf2-2f01e2f5056d,1780634733,0.0
fs_writes_total,minikube,coredns-7d764666f9-hxxb8,kube-system,/kubepods/burstable/pod596c18fb-891c-4e87-9b11-83d99dd6d264,1780634733,0.0
fs_writes_total,minikube,recommendationservice-6f8f67d69-fhrns,boutique,/kubepods/burstable/pod5ded7b1a-44d9-4178-8596-57a9e25f6171,1780634733,0.0
fs_writes_total,minikube,etcd-minikube,kube-system,/kubepods/burstable/pod5ff8e3b06bbaa8cb7ebc2bf531e48a2f,1780634733,2831.0
fs_writes_total,minikube,emailservice-7466dc585-sv4wh,boutique,/kubepods/burstable/pod6116940a-da83-4761-97dc-892a207b789e,1780634733,0.0
fs_writes_total,minikube,cartservice-546c548494-cb4lb,boutique,/kubepods/burstable/pod6ec732c5-cf34-4e25-a3ce-ff4b44ce8d19,1780634733,0.0
fs_writes_total,minikube,kube-controller-manager-minikube,kube-system,/kubepods/burstable/pod740363cf4388c2d0df59fc97f96b889c,1780634733,0.0
fs_writes_total,minikube,chaos-dashboard-5b77585c6c-zm7f4,chaos-testing,/kubepods/burstable/pod7d3e8284-7c72-4577-a8fb-79d957f69104,1780634733,0.0
fs_writes_total,minikube,chaos-dns-server-6bccb5bb76-gscmn,chaos-testing,/kubepods/burstable/pod8a82a436-ef3f-4750-8f39-dbfde680d0b8,1780634733,0.0
fs_writes_total,minikube,coredns-7d764666f9-gmlgd,kube-system,/kubepods/burstable/pod9289fad3-6e91-4617-b97d-6da4631c2f35,1780634733,0.0
fs_writes_total,minikube,adservice-8576649cff-5bvst,boutique,/kubepods/burstable/pod9d685cd3-17df-43af-a26e-7743c006902d,1780634733,0.0
fs_writes_total,minikube,kube-apiserver-minikube,kube-system,/kubepods/burstable/poda6dc00f40d27725f15407f95751ce5f7,1780634733,0.0
fs_writes_total,minikube,loadgenerator-7dd458dd5b-p2gm5,boutique,/kubepods/burstable/podad2b31a2-cb58-4a8e-9520-6dac05e0ae03,1780634733,0.0
fs_writes_total,minikube,alertmanager-monitoring-kube-prometheus-alertmanager-0,monitoring,/kubepods/burstable/podb5fde93f-2f9a-427f-aa16-8a257f179975,1780634733,0.0
fs_writes_total,minikube,currencyservice-fd8f5dfb7-js8gr,boutique,/kubepods/burstable/podc827ec2d-8a9d-4e1c-8017-62c3901eccb4,1780634733,0.0
fs_writes_total,minikube,redis-cart-6899b65948-ms767,boutique,/kubepods/burstable/podd425db0f-53f9-4bec-9ee1-49e4ced03bb6,1780634733,0.0
fs_writes_total,minikube,chaos-controller-manager-659785674d-wbwg8,chaos-testing,/kubepods/burstable/podd7abbfc2-2af5-4b28-b438-3ebef4bafcce,1780634733,0.0
fs_writes_total,minikube,paymentservice-6b76dfb449-n8mm2,boutique,/kubepods/burstable/podd9986049-5066-4a99-a156-0bc7b2391961,1780634733,0.0
fs_writes_total,minikube,checkoutservice-75b9cd684f-mxb57,boutique,/kubepods/burstable/pod899228c2-a2b5-44fd-93be-9c372e37e8b5,1780634733,0.0
fs_writes_total,minikube,frontend-694b9f76cd-pskf5,boutique,/kubepods/burstable/pod4d235b9f-a410-4f2c-99da-80b42ecf7d86,1780634733,0.0
fs_writes_total,minikube,productcatalogservice-fb49fc9cc-vbqbl,boutique,/kubepods/burstable/pod9b723af0-e450-462a-a20e-b721d0610cf7,1780634733,0.0
pod_status_phase_Pending,,productcatalogservice-fb49fc9cc-vbqbl,boutique,kube-state-metrics,1780634733,0.0
pod_status_phase_Succeeded,,productcatalogservice-fb49fc9cc-vbqbl,boutique,kube-state-metrics,1780634733,0.0
pod_status_phase_Failed,,productcatalogservice-fb49fc9cc-vbqbl,boutique,kube-state-metrics,1780634733,0.0
pod_status_phase_Unknown,,productcatalogservice-fb49fc9cc-vbqbl,boutique,kube-state-metrics,1780634733,0.0
pod_status_phase_Running,,productcatalogservice-fb49fc9cc-vbqbl,boutique,kube-state-metrics,1780634733,1.0
pod_status_phase_Pending,,redis-cart-6899b65948-ms767,boutique,kube-state-metrics,1780634733,0.0
pod_status_phase_Succeeded,,redis-cart-6899b65948-ms767,boutique,kube-state-metrics,1780634733,0.0
pod_status_phase_Failed,,redis-cart-6899b65948-ms767,boutique,kube-state-metrics,1780634733,0.0
pod_status_phase_Unknown,,redis-cart-6899b65948-ms767,boutique,kube-state-metrics,1780634733,0.0
pod_status_phase_Running,,redis-cart-6899b65948-ms767,boutique,kube-state-metrics,1780634733,1.0
pod_status_phase_Pending,,kube-controller-manager-minikube,kube-system,kube-state-metrics,1780634733,0.0
pod_status_phase_Succeeded,,kube-controller-manager-minikube,kube-system,kube-state-metrics,1780634733,0.0
pod_status_phase_Failed,,kube-controller-manager-minikube,kube-system,kube-state-metrics,1780634733,0.0
pod_status_phase_Unknown,,kube-controller-manager-minikube,kube-system,kube-state-metrics,1780634733,0.0
pod_status_phase_Running,,kube-controller-manager-minikube,kube-system,kube-state-metrics,1780634733,1.0
pod_status_phase_Pending,,currencyservice-fd8f5dfb7-js8gr,boutique,kube-state-metrics,1780634733,0.0
pod_status_phase_Succeeded,,currencyservice-fd8f5dfb7-js8gr,boutique,kube-state-metrics,1780634733,0.0
pod_status_phase_Failed,,currencyservice-fd8f5dfb7-js8gr,boutique,kube-state-metrics,1780634733,0.0
pod_status_phase_Unknown,,currencyservice-fd8f5dfb7-js8gr,boutique,kube-state-metrics,1780634733,0.0
pod_status_phase_Running,,currencyservice-fd8f5dfb7-js8gr,boutique,kube-state-metrics,1780634733,1.0
pod_status_phase_Pending,,kube-proxy-fshvh,kube-system,kube-state-metrics,1780634733,0.0
pod_status_phase_Succeeded,,kube-proxy-fshvh,kube-system,kube-state-metrics,1780634733,0.0
pod_status_phase_Failed,,kube-proxy-fshvh,kube-system,kube-state-metrics,1780634733,0.0
pod_status_phase_Unknown,,kube-proxy-fshvh,kube-system,kube-state-metrics,1780634733,0.0
pod_status_phase_Running,,kube-proxy-fshvh,kube-system,kube-state-metrics,1780634733,1.0
pod_status_phase_Pending,,chaos-controller-manager-659785674d-29q42,chaos-testing,kube-state-metrics,1780634733,0.0
pod_status_phase_Succeeded,,chaos-controller-manager-659785674d-29q42,chaos-testing,kube-state-metrics,1780634733,0.0
pod_status_phase_Failed,,chaos-controller-manager-659785674d-29q42,chaos-testing,kube-state-metrics,1780634733,0.0
pod_status_phase_Unknown,,chaos-controller-manager-659785674d-29q42,chaos-testing,kube-state-metrics,1780634733,0.0
pod_status_phase_Running,,chaos-controller-manager-659785674d-29q42,chaos-testing,kube-state-metrics,1780634733,1.0
pod_status_phase_Pending,,frontend-694b9f76cd-pskf5,boutique,kube-state-metrics,1780634733,0.0
pod_status_phase_Succeeded,,frontend-694b9f76cd-pskf5,boutique,kube-state-metrics,1780634733,0.0
pod_status_phase_Failed,,frontend-694b9f76cd-pskf5,boutique,kube-state-metrics,1780634733,0.0
pod_status_phase_Unknown,,frontend-694b9f76cd-pskf5,boutique,kube-state-metrics,1780634733,0.0
pod_status_phase_Running,,frontend-694b9f76cd-pskf5,boutique,kube-state-metrics,1780634733,1.0
pod_status_phase_Pending,,monitoring-kube-state-metrics-868694bc4b-689cm,monitoring,kube-state-metrics,1780634733,0.0
pod_status_phase_Succeeded,,monitoring-kube-state-metrics-868694bc4b-689cm,monitoring,kube-state-metrics,1780634733,0.0
pod_status_phase_Failed,,monitoring-kube-state-metrics-868694bc4b-689cm,monitoring,kube-state-metrics,1780634733,0.0
pod_status_phase_Unknown,,monitoring-kube-state-metrics-868694bc4b-689cm,monitoring,kube-state-metrics,1780634733,0.0
pod_status_phase_Running,,monitoring-kube-state-metrics-868694bc4b-689cm,monitoring,kube-state-metrics,1780634733,1.0
pod_status_phase_Pending,,chaos-controller-manager-659785674d-wbwg8,chaos-testing,kube-state-metrics,1780634733,0.0
pod_status_phase_Succeeded,,chaos-controller-manager-659785674d-wbwg8,chaos-testing,kube-state-metrics,1780634733,0.0
pod_status_phase_Failed,,chaos-controller-manager-659785674d-wbwg8,chaos-testing,kube-state-metrics,1780634733,0.0
pod_status_phase_Unknown,,chaos-controller-manager-659785674d-wbwg8,chaos-testing,kube-state-metrics,1780634733,0.0
pod_status_phase_Running,,chaos-controller-manager-659785674d-wbwg8,chaos-testing,kube-state-metrics,1780634733,1.0
pod_status_phase_Pending,,chaos-controller-manager-659785674d-fjb2r,chaos-testing,kube-state-metrics,1780634733,0.0
pod_status_phase_Succeeded,,chaos-controller-manager-659785674d-fjb2r,chaos-testing,kube-state-metrics,1780634733,0.0
pod_status_phase_Failed,,chaos-controller-manager-659785674d-fjb2r,chaos-testing,kube-state-metrics,1780634733,0.0
pod_status_phase_Unknown,,chaos-controller-manager-659785674d-fjb2r,chaos-testing,kube-state-metrics,1780634733,0.0
pod_status_phase_Running,,chaos-controller-manager-659785674d-fjb2r,chaos-testing,kube-state-metrics,1780634733,1.0
pod_status_phase_Pending,,paymentservice-6b76dfb449-n8mm2,boutique,kube-state-metrics,1780634733,0.0
pod_status_phase_Succeeded,,paymentservice-6b76dfb449-n8mm2,boutique,kube-state-metrics,1780634733,0.0
pod_status_phase_Failed,,paymentservice-6b76dfb449-n8mm2,boutique,kube-state-metrics,1780634733,0.0
pod_status_phase_Unknown,,paymentservice-6b76dfb449-n8mm2,boutique,kube-state-metrics,1780634733,0.0
pod_status_phase_Running,,paymentservice-6b76dfb449-n8mm2,boutique,kube-state-metrics,1780634733,1.0
pod_status_phase_Pending,,adservice-8576649cff-5bvst,boutique,kube-state-metrics,1780634733,0.0
pod_status_phase_Succeeded,,adservice-8576649cff-5bvst,boutique,kube-state-metrics,1780634733,0.0
pod_status_phase_Failed,,adservice-8576649cff-5bvst,boutique,kube-state-metrics,1780634733,0.0
pod_status_phase_Unknown,,adservice-8576649cff-5bvst,boutique,kube-state-metrics,1780634733,0.0
pod_status_phase_Running,,adservice-8576649cff-5bvst,boutique,kube-state-metrics,1780634733,1.0
pod_status_phase_Pending,,cartservice-546c548494-cb4lb,boutique,kube-state-metrics,1780634733,0.0
pod_status_phase_Succeeded,,cartservice-546c548494-cb4lb,boutique,kube-state-metrics,1780634733,0.0
pod_status_phase_Failed,,cartservice-546c548494-cb4lb,boutique,kube-state-metrics,1780634733,0.0
pod_status_phase_Unknown,,cartservice-546c548494-cb4lb,boutique,kube-state-metrics,1780634733,0.0
pod_status_phase_Running,,cartservice-546c548494-cb4lb,boutique,kube-state-metrics,1780634733,1.0
pod_status_phase_Pending,,monitoring-prometheus-node-exporter-pdw8p,monitoring,kube-state-metrics,1780634733,0.0
pod_status_phase_Succeeded,,monitoring-prometheus-node-exporter-pdw8p,monitoring,kube-state-metrics,1780634733,0.0
pod_status_phase_Failed,,monitoring-prometheus-node-exporter-pdw8p,monitoring,kube-state-metrics,1780634733,0.0
pod_status_phase_Unknown,,monitoring-prometheus-node-exporter-pdw8p,monitoring,kube-state-metrics,1780634733,0.0
pod_status_phase_Running,,monitoring-prometheus-node-exporter-pdw8p,monitoring,kube-state-metrics,1780634733,1.0
pod_status_phase_Pending,,etcd-minikube,kube-system,kube-state-metrics,1780634733,0.0
pod_status_phase_Succeeded,,etcd-minikube,kube-system,kube-state-metrics,1780634733,0.0
pod_status_phase_Failed,,etcd-minikube,kube-system,kube-state-metrics,1780634733,0.0
pod_status_phase_Unknown,,etcd-minikube,kube-system,kube-state-metrics,1780634733,0.0
pod_status_phase_Running,,etcd-minikube,kube-system,kube-state-metrics,1780634733,1.0
pod_status_phase_Pending,,coredns-7d764666f9-hxxb8,kube-system,kube-state-metrics,1780634733,0.0
pod_status_phase_Succeeded,,coredns-7d764666f9-hxxb8,kube-system,kube-state-metrics,1780634733,0.0
pod_status_phase_Failed,,coredns-7d764666f9-hxxb8,kube-system,kube-state-metrics,1780634733,0.0
pod_status_phase_Unknown,,coredns-7d764666f9-hxxb8,kube-system,kube-state-metrics,1780634733,0.0
pod_status_phase_Running,,coredns-7d764666f9-hxxb8,kube-system,kube-state-metrics,1780634733,1.0
pod_status_phase_Pending,,chaos-dns-server-6bccb5bb76-gscmn,chaos-testing,kube-state-metrics,1780634733,0.0
pod_status_phase_Succeeded,,chaos-dns-server-6bccb5bb76-gscmn,chaos-testing,kube-state-metrics,1780634733,0.0
pod_status_phase_Failed,,chaos-dns-server-6bccb5bb76-gscmn,chaos-testing,kube-state-metrics,1780634733,0.0
pod_status_phase_Unknown,,chaos-dns-server-6bccb5bb76-gscmn,chaos-testing,kube-state-metrics,1780634733,0.0
pod_status_phase_Running,,chaos-dns-server-6bccb5bb76-gscmn,chaos-testing,kube-state-metrics,1780634733,1.0
pod_status_phase_Pending,,kube-apiserver-minikube,kube-system,kube-state-metrics,1780634733,0.0
pod_status_phase_Succeeded,,kube-apiserver-minikube,kube-system,kube-state-metrics,1780634733,0.0
pod_status_phase_Failed,,kube-apiserver-minikube,kube-system,kube-state-metrics,1780634733,0.0
pod_status_phase_Unknown,,kube-apiserver-minikube,kube-system,kube-state-metrics,1780634733,0.0
pod_status_phase_Running,,kube-apiserver-minikube,kube-system,kube-state-metrics,1780634733,1.0
pod_status_phase_Pending,,prometheus-monitoring-kube-prometheus-prometheus-0,monitoring,kube-state-metrics,1780634733,0.0
pod_status_phase_Succeeded,,prometheus-monitoring-kube-prometheus-prometheus-0,monitoring,kube-state-metrics,1780634733,0.0
pod_status_phase_Failed,,prometheus-monitoring-kube-prometheus-prometheus-0,monitoring,kube-state-metrics,1780634733,0.0
pod_status_phase_Unknown,,prometheus-monitoring-kube-prometheus-prometheus-0,monitoring,kube-state-metrics,1780634733,0.0
pod_status_phase_Running,,prometheus-monitoring-kube-prometheus-prometheus-0,monitoring,kube-state-metrics,1780634733,1.0
pod_status_phase_Pending,,storage-provisioner,kube-system,kube-state-metrics,1780634733,0.0
pod_status_phase_Succeeded,,storage-provisioner,kube-system,kube-state-metrics,1780634733,0.0
pod_status_phase_Failed,,storage-provisioner,kube-system,kube-state-metrics,1780634733,0.0
pod_status_phase_Unknown,,storage-provisioner,kube-system,kube-state-metrics,1780634733,0.0
pod_status_phase_Running,,storage-provisioner,kube-system,kube-state-metrics,1780634733,1.0
pod_status_phase_Pending,,loadgenerator-7dd458dd5b-p2gm5,boutique,kube-state-metrics,1780634733,0.0
pod_status_phase_Succeeded,,loadgenerator-7dd458dd5b-p2gm5,boutique,kube-state-metrics,1780634733,0.0
pod_status_phase_Failed,,loadgenerator-7dd458dd5b-p2gm5,boutique,kube-state-metrics,1780634733,0.0
pod_status_phase_Unknown,,loadgenerator-7dd458dd5b-p2gm5,boutique,kube-state-metrics,1780634733,0.0
pod_status_phase_Running,,loadgenerator-7dd458dd5b-p2gm5,boutique,kube-state-metrics,1780634733,1.0
pod_status_phase_Pending,,alertmanager-monitoring-kube-prometheus-alertmanager-0,monitoring,kube-state-metrics,1780634733,0.0
pod_status_phase_Succeeded,,alertmanager-monitoring-kube-prometheus-alertmanager-0,monitoring,kube-state-metrics,1780634733,0.0
pod_status_phase_Failed,,alertmanager-monitoring-kube-prometheus-alertmanager-0,monitoring,kube-state-metrics,1780634733,0.0
pod_status_phase_Unknown,,alertmanager-monitoring-kube-prometheus-alertmanager-0,monitoring,kube-state-metrics,1780634733,0.0
pod_status_phase_Running,,alertmanager-monitoring-kube-prometheus-alertmanager-0,monitoring,kube-state-metrics,1780634733,1.0
pod_status_phase_Pending,,shippingservice-55656785c7-lk4mx,boutique,kube-state-metrics,1780634733,0.0
pod_status_phase_Succeeded,,shippingservice-55656785c7-lk4mx,boutique,kube-state-metrics,1780634733,0.0
pod_status_phase_Failed,,shippingservice-55656785c7-lk4mx,boutique,kube-state-metrics,1780634733,0.0
pod_status_phase_Unknown,,shippingservice-55656785c7-lk4mx,boutique,kube-state-metrics,1780634733,0.0
pod_status_phase_Running,,shippingservice-55656785c7-lk4mx,boutique,kube-state-metrics,1780634733,1.0
pod_status_phase_Pending,,chaos-dashboard-5b77585c6c-zm7f4,chaos-testing,kube-state-metrics,1780634733,0.0
pod_status_phase_Succeeded,,chaos-dashboard-5b77585c6c-zm7f4,chaos-testing,kube-state-metrics,1780634733,0.0
pod_status_phase_Failed,,chaos-dashboard-5b77585c6c-zm7f4,chaos-testing,kube-state-metrics,1780634733,0.0
pod_status_phase_Unknown,,chaos-dashboard-5b77585c6c-zm7f4,chaos-testing,kube-state-metrics,1780634733,0.0
pod_status_phase_Running,,chaos-dashboard-5b77585c6c-zm7f4,chaos-testing,kube-state-metrics,1780634733,1.0
pod_status_phase_Pending,,monitoring-grafana-6f66955c48-hlrcn,monitoring,kube-state-metrics,1780634733,0.0
pod_status_phase_Succeeded,,monitoring-grafana-6f66955c48-hlrcn,monitoring,kube-state-metrics,1780634733,0.0
pod_status_phase_Failed,,monitoring-grafana-6f66955c48-hlrcn,monitoring,kube-state-metrics,1780634733,0.0
pod_status_phase_Unknown,,monitoring-grafana-6f66955c48-hlrcn,monitoring,kube-state-metrics,1780634733,0.0
pod_status_phase_Running,,monitoring-grafana-6f66955c48-hlrcn,monitoring,kube-state-metrics,1780634733,1.0
pod_status_phase_Pending,,coredns-7d764666f9-gmlgd,kube-system,kube-state-metrics,1780634733,0.0
pod_status_phase_Succeeded,,coredns-7d764666f9-gmlgd,kube-system,kube-state-metrics,1780634733,0.0
pod_status_phase_Failed,,coredns-7d764666f9-gmlgd,kube-system,kube-state-metrics,1780634733,0.0
pod_status_phase_Unknown,,coredns-7d764666f9-gmlgd,kube-system,kube-state-metrics,1780634733,0.0
pod_status_phase_Running,,coredns-7d764666f9-gmlgd,kube-system,kube-state-metrics,1780634733,1.0
pod_status_phase_Pending,,checkoutservice-75b9cd684f-mxb57,boutique,kube-state-metrics,1780634733,0.0
pod_status_phase_Succeeded,,checkoutservice-75b9cd684f-mxb57,boutique,kube-state-metrics,1780634733,0.0
pod_status_phase_Failed,,checkoutservice-75b9cd684f-mxb57,boutique,kube-state-metrics,1780634733,0.0
pod_status_phase_Unknown,,checkoutservice-75b9cd684f-mxb57,boutique,kube-state-metrics,1780634733,0.0
pod_status_phase_Running,,checkoutservice-75b9cd684f-mxb57,boutique,kube-state-metrics,1780634733,1.0
pod_status_phase_Pending,,kube-scheduler-minikube,kube-system,kube-state-metrics,1780634733,0.0
pod_status_phase_Succeeded,,kube-scheduler-minikube,kube-system,kube-state-metrics,1780634733,0.0
pod_status_phase_Failed,,kube-scheduler-minikube,kube-system,kube-state-metrics,1780634733,0.0
pod_status_phase_Unknown,,kube-scheduler-minikube,kube-system,kube-state-metrics,1780634733,0.0
pod_status_phase_Running,,kube-scheduler-minikube,kube-system,kube-state-metrics,1780634733,1.0
pod_status_phase_Pending,,emailservice-7466dc585-sv4wh,boutique,kube-state-metrics,1780634733,0.0
pod_status_phase_Succeeded,,emailservice-7466dc585-sv4wh,boutique,kube-state-metrics,1780634733,0.0
pod_status_phase_Failed,,emailservice-7466dc585-sv4wh,boutique,kube-state-metrics,1780634733,0.0
pod_status_phase_Unknown,,emailservice-7466dc585-sv4wh,boutique,kube-state-metrics,1780634733,0.0
pod_status_phase_Running,,emailservice-7466dc585-sv4wh,boutique,kube-state-metrics,1780634733,1.0
pod_status_phase_Pending,,monitoring-kube-prometheus-operator-556b56cc6d-n6dg9,monitoring,kube-state-metrics,1780634733,0.0
pod_status_phase_Succeeded,,monitoring-kube-prometheus-operator-556b56cc6d-n6dg9,monitoring,kube-state-metrics,1780634733,0.0
pod_status_phase_Failed,,monitoring-kube-prometheus-operator-556b56cc6d-n6dg9,monitoring,kube-state-metrics,1780634733,0.0
pod_status_phase_Unknown,,monitoring-kube-prometheus-operator-556b56cc6d-n6dg9,monitoring,kube-state-metrics,1780634733,0.0
pod_status_phase_Running,,monitoring-kube-prometheus-operator-556b56cc6d-n6dg9,monitoring,kube-state-metrics,1780634733,1.0
pod_status_phase_Pending,,recommendationservice-6f8f67d69-fhrns,boutique,kube-state-metrics,1780634733,0.0
pod_status_phase_Succeeded,,recommendationservice-6f8f67d69-fhrns,boutique,kube-state-metrics,1780634733,0.0
pod_status_phase_Failed,,recommendationservice-6f8f67d69-fhrns,boutique,kube-state-metrics,1780634733,0.0
pod_status_phase_Unknown,,recommendationservice-6f8f67d69-fhrns,boutique,kube-state-metrics,1780634733,0.0
pod_status_phase_Running,,recommendationservice-6f8f67d69-fhrns,boutique,kube-state-metrics,1780634733,1.0
pod_status_phase_Pending,,chaos-daemon-n6ghj,chaos-testing,kube-state-metrics,1780634733,0.0
pod_status_phase_Succeeded,,chaos-daemon-n6ghj,chaos-testing,kube-state-metrics,1780634733,0.0
pod_status_phase_Failed,,chaos-daemon-n6ghj,chaos-testing,kube-state-metrics,1780634733,0.0
pod_status_phase_Unknown,,chaos-daemon-n6ghj,chaos-testing,kube-state-metrics,1780634733,0.0
pod_status_phase_Running,,chaos-daemon-n6ghj,chaos-testing,kube-state-metrics,1780634733,1.0
pod_restarts,,productcatalogservice-fb49fc9cc-vbqbl,boutique,server,1780634733,1.0
pod_restarts,,redis-cart-6899b65948-ms767,boutique,redis,1780634733,6.0
pod_restarts,,kube-controller-manager-minikube,kube-system,kube-controller-manager,1780634733,8.0
pod_restarts,,currencyservice-fd8f5dfb7-js8gr,boutique,server,1780634733,11.0
pod_restarts,,kube-proxy-fshvh,kube-system,kube-proxy,1780634733,7.0
pod_restarts,,chaos-controller-manager-659785674d-29q42,chaos-testing,chaos-mesh,1780634733,5.0
pod_restarts,,frontend-694b9f76cd-pskf5,boutique,server,1780634733,1.0
pod_restarts,,monitoring-kube-state-metrics-868694bc4b-689cm,monitoring,kube-state-metrics,1780634733,6.0
pod_restarts,,chaos-controller-manager-659785674d-wbwg8,chaos-testing,chaos-mesh,1780634733,5.0
pod_restarts,,chaos-controller-manager-659785674d-fjb2r,chaos-testing,chaos-mesh,1780634733,5.0
pod_restarts,,paymentservice-6b76dfb449-n8mm2,boutique,server,1780634733,9.0
pod_restarts,,adservice-8576649cff-5bvst,boutique,server,1780634733,8.0
pod_restarts,,cartservice-546c548494-cb4lb,boutique,server,1780634733,6.0
pod_restarts,,monitoring-prometheus-node-exporter-pdw8p,monitoring,node-exporter,1780634733,6.0
pod_restarts,,etcd-minikube,kube-system,etcd,1780634733,7.0
pod_restarts,,coredns-7d764666f9-hxxb8,kube-system,coredns,1780634733,7.0
pod_restarts,,chaos-dns-server-6bccb5bb76-gscmn,chaos-testing,chaos-dns-server,1780634733,5.0
pod_restarts,,kube-apiserver-minikube,kube-system,kube-apiserver,1780634733,7.0
pod_restarts,,prometheus-monitoring-kube-prometheus-prometheus-0,monitoring,config-reloader,1780634733,6.0
pod_restarts,,prometheus-monitoring-kube-prometheus-prometheus-0,monitoring,prometheus,1780634733,6.0
pod_restarts,,storage-provisioner,kube-system,storage-provisioner,1780634733,10.0
pod_restarts,,loadgenerator-7dd458dd5b-p2gm5,boutique,main,1780634733,5.0
pod_restarts,,alertmanager-monitoring-kube-prometheus-alertmanager-0,monitoring,alertmanager,1780634733,6.0
pod_restarts,,alertmanager-monitoring-kube-prometheus-alertmanager-0,monitoring,config-reloader,1780634733,6.0
pod_restarts,,shippingservice-55656785c7-lk4mx,boutique,server,1780634733,8.0
pod_restarts,,chaos-dashboard-5b77585c6c-zm7f4,chaos-testing,chaos-dashboard,1780634733,5.0
pod_restarts,,monitoring-grafana-6f66955c48-hlrcn,monitoring,grafana,1780634733,6.0
pod_restarts,,monitoring-grafana-6f66955c48-hlrcn,monitoring,grafana-sc-dashboard,1780634733,6.0
pod_restarts,,monitoring-grafana-6f66955c48-hlrcn,monitoring,grafana-sc-datasources,1780634733,6.0
pod_restarts,,coredns-7d764666f9-gmlgd,kube-system,coredns,1780634733,7.0
pod_restarts,,checkoutservice-75b9cd684f-mxb57,boutique,server,1780634733,1.0
pod_restarts,,kube-scheduler-minikube,kube-system,kube-scheduler,1780634733,7.0
pod_restarts,,emailservice-7466dc585-sv4wh,boutique,server,1780634733,13.0
pod_restarts,,monitoring-kube-prometheus-operator-556b56cc6d-n6dg9,monitoring,kube-prometheus-stack,1780634733,6.0
pod_restarts,,recommendationservice-6f8f67d69-fhrns,boutique,server,1780634733,12.0
pod_restarts,,chaos-daemon-n6ghj,chaos-testing,chaos-daemon,1780634733,5.0
cpu_rate,minikube,kube-proxy-fshvh,kube-system,/kubepods/besteffort/pod2f4efb93-ee48-4c37-b1e1-6f2e54a917c7,1780634747,0.00065967
cpu_rate,minikube,monitoring-kube-state-metrics-868694bc4b-689cm,monitoring,/kubepods/besteffort/pod59c52cc8-67e3-4946-aac6-7ff0ef74285f,1780634747,0.0005626612055832784
cpu_rate,minikube,prometheus-monitoring-kube-prometheus-prometheus-0,monitoring,/kubepods/besteffort/pod6bff50b8-f988-4ff2-a8c1-8f95f2c25189,1780634747,0.011105428604537294
cpu_rate,minikube,storage-provisioner,kube-system,/kubepods/besteffort/pod9bffcac8-a0cd-49a4-ad59-cdbf60a579cb,1780634747,0.0010101220214095716
cpu_rate,minikube,monitoring-grafana-6f66955c48-hlrcn,monitoring,/kubepods/besteffort/pod9d3fe3f0-8989-47b4-8478-0ae7be66df8d,1780634747,0.005227337706608523
cpu_rate,minikube,chaos-daemon-n6ghj,chaos-testing,/kubepods/besteffort/poda051be83-a7cd-43e4-83d3-76f3c90e8474,1780634747,5.137815953961827e-07
cpu_rate,minikube,monitoring-kube-prometheus-operator-556b56cc6d-n6dg9,monitoring,/kubepods/besteffort/podc8122519-a592-495f-9353-00a2f23fdf80,1780634747,0.0015567758656860008
cpu_rate,minikube,monitoring-prometheus-node-exporter-pdw8p,monitoring,/kubepods/besteffort/podd35abb3b-34f0-40fa-af55-3ab246fc64c8,1780634747,0.0006880484242163116
cpu_rate,minikube,kube-scheduler-minikube,kube-system,/kubepods/burstable/pod1c7123a121598343200ffd5b015ca580,1780634747,0.0029557290733570525
cpu_rate,minikube,shippingservice-55656785c7-lk4mx,boutique,/kubepods/burstable/pod1df51271-c9ea-47fa-8fb2-cf15bbc7c216,1780634747,0.0005599049121964109
cpu_rate,minikube,chaos-controller-manager-659785674d-29q42,chaos-testing,/kubepods/burstable/pod21ab858c-cee8-438c-8682-c786dc3dc044,1780634747,0.00023280950050166157
cpu_rate,minikube,chaos-controller-manager-659785674d-fjb2r,chaos-testing,/kubepods/burstable/pod2569141a-4d05-422e-bcf2-2f01e2f5056d,1780634747,0.0001708229166666666
cpu_rate,minikube,coredns-7d764666f9-hxxb8,kube-system,/kubepods/burstable/pod596c18fb-891c-4e87-9b11-83d99dd6d264,1780634747,0.0015327936861229989
cpu_rate,minikube,recommendationservice-6f8f67d69-fhrns,boutique,/kubepods/burstable/pod5ded7b1a-44d9-4178-8596-57a9e25f6171,1780634747,0.003259660466275661
cpu_rate,minikube,etcd-minikube,kube-system,/kubepods/burstable/pod5ff8e3b06bbaa8cb7ebc2bf531e48a2f,1780634747,0.022951017942106227
cpu_rate,minikube,emailservice-7466dc585-sv4wh,boutique,/kubepods/burstable/pod6116940a-da83-4761-97dc-892a207b789e,1780634747,0.006845685727617417
cpu_rate,minikube,cartservice-546c548494-cb4lb,boutique,/kubepods/burstable/pod6ec732c5-cf34-4e25-a3ce-ff4b44ce8d19,1780634747,0.014173871906203093
cpu_rate,minikube,kube-controller-manager-minikube,kube-system,/kubepods/burstable/pod740363cf4388c2d0df59fc97f96b889c,1780634747,0.00886278
cpu_rate,minikube,chaos-dashboard-5b77585c6c-zm7f4,chaos-testing,/kubepods/burstable/pod7d3e8284-7c72-4577-a8fb-79d957f69104,1780634747,0.0008428446007280435
cpu_rate,minikube,chaos-dns-server-6bccb5bb76-gscmn,chaos-testing,/kubepods/burstable/pod8a82a436-ef3f-4750-8f39-dbfde680d0b8,1780634747,0.0011439629151559101
cpu_rate,minikube,coredns-7d764666f9-gmlgd,kube-system,/kubepods/burstable/pod9289fad3-6e91-4617-b97d-6da4631c2f35,1780634747,0.00118531
cpu_rate,minikube,adservice-8576649cff-5bvst,boutique,/kubepods/burstable/pod9d685cd3-17df-43af-a26e-7743c006902d,1780634747,0.007521878994181873
cpu_rate,minikube,kube-apiserver-minikube,kube-system,/kubepods/burstable/poda6dc00f40d27725f15407f95751ce5f7,1780634747,0.028746681736862005
cpu_rate,minikube,loadgenerator-7dd458dd5b-p2gm5,boutique,/kubepods/burstable/podad2b31a2-cb58-4a8e-9520-6dac05e0ae03,1780634747,0.010208531762788037
cpu_rate,minikube,alertmanager-monitoring-kube-prometheus-alertmanager-0,monitoring,/kubepods/burstable/podb5fde93f-2f9a-427f-aa16-8a257f179975,1780634747,0.0020473137857521624
cpu_rate,minikube,currencyservice-fd8f5dfb7-js8gr,boutique,/kubepods/burstable/podc827ec2d-8a9d-4e1c-8017-62c3901eccb4,1780634747,0.005583229999999999
cpu_rate,minikube,redis-cart-6899b65948-ms767,boutique,/kubepods/burstable/podd425db0f-53f9-4bec-9ee1-49e4ced03bb6,1780634747,0.0010934824859061842
cpu_rate,minikube,chaos-controller-manager-659785674d-wbwg8,chaos-testing,/kubepods/burstable/podd7abbfc2-2af5-4b28-b438-3ebef4bafcce,1780634747,0.00236421
cpu_rate,minikube,paymentservice-6b76dfb449-n8mm2,boutique,/kubepods/burstable/podd9986049-5066-4a99-a156-0bc7b2391961,1780634747,0.004048477378746912
cpu_rate,minikube,checkoutservice-75b9cd684f-mxb57,boutique,/kubepods/burstable/pod899228c2-a2b5-44fd-93be-9c372e37e8b5,1780634747,0.0003912100000000002
cpu_rate,minikube,frontend-694b9f76cd-pskf5,boutique,/kubepods/burstable/pod4d235b9f-a410-4f2c-99da-80b42ecf7d86,1780634747,0.006018282278630721
cpu_rate,minikube,productcatalogservice-fb49fc9cc-vbqbl,boutique,/kubepods/burstable/pod9b723af0-e450-462a-a20e-b721d0610cf7,1780634747,0.002460051312900931
memory_working_set,minikube,kube-proxy-fshvh,kube-system,/kubepods/besteffort/pod2f4efb93-ee48-4c37-b1e1-6f2e54a917c7,1780634747,37539840.0
memory_working_set,minikube,monitoring-kube-state-metrics-868694bc4b-689cm,monitoring,/kubepods/besteffort/pod59c52cc8-67e3-4946-aac6-7ff0ef74285f,1780634747,39723008.0
memory_working_set,minikube,prometheus-monitoring-kube-prometheus-prometheus-0,monitoring,/kubepods/besteffort/pod6bff50b8-f988-4ff2-a8c1-8f95f2c25189,1780634747,250187776.0
memory_working_set,minikube,storage-provisioner,kube-system,/kubepods/besteffort/pod9bffcac8-a0cd-49a4-ad59-cdbf60a579cb,1780634747,18014208.0
memory_working_set,minikube,monitoring-grafana-6f66955c48-hlrcn,monitoring,/kubepods/besteffort/pod9d3fe3f0-8989-47b4-8478-0ae7be66df8d,1780634747,431243264.0
memory_working_set,minikube,chaos-daemon-n6ghj,chaos-testing,/kubepods/besteffort/poda051be83-a7cd-43e4-83d3-76f3c90e8474,1780634747,24678400.0
memory_working_set,minikube,monitoring-kube-prometheus-operator-556b56cc6d-n6dg9,monitoring,/kubepods/besteffort/podc8122519-a592-495f-9353-00a2f23fdf80,1780634747,40439808.0
memory_working_set,minikube,monitoring-prometheus-node-exporter-pdw8p,monitoring,/kubepods/besteffort/podd35abb3b-34f0-40fa-af55-3ab246fc64c8,1780634747,16723968.0
memory_working_set,minikube,kube-scheduler-minikube,kube-system,/kubepods/burstable/pod1c7123a121598343200ffd5b015ca580,1780634747,38772736.0
memory_working_set,minikube,shippingservice-55656785c7-lk4mx,boutique,/kubepods/burstable/pod1df51271-c9ea-47fa-8fb2-cf15bbc7c216,1780634747,12533760.0
memory_working_set,minikube,chaos-controller-manager-659785674d-29q42,chaos-testing,/kubepods/burstable/pod21ab858c-cee8-438c-8682-c786dc3dc044,1780634747,19075072.0
memory_working_set,minikube,chaos-controller-manager-659785674d-fjb2r,chaos-testing,/kubepods/burstable/pod2569141a-4d05-422e-bcf2-2f01e2f5056d,1780634747,15470592.0
memory_working_set,minikube,coredns-7d764666f9-hxxb8,kube-system,/kubepods/burstable/pod596c18fb-891c-4e87-9b11-83d99dd6d264,1780634747,25468928.0
memory_working_set,minikube,recommendationservice-6f8f67d69-fhrns,boutique,/kubepods/burstable/pod5ded7b1a-44d9-4178-8596-57a9e25f6171,1780634747,52006912.0
memory_working_set,minikube,etcd-minikube,kube-system,/kubepods/burstable/pod5ff8e3b06bbaa8cb7ebc2bf531e48a2f,1780634747,93814784.0
memory_working_set,minikube,emailservice-7466dc585-sv4wh,boutique,/kubepods/burstable/pod6116940a-da83-4761-97dc-892a207b789e,1780634747,52076544.0
memory_working_set,minikube,cartservice-546c548494-cb4lb,boutique,/kubepods/burstable/pod6ec732c5-cf34-4e25-a3ce-ff4b44ce8d19,1780634747,47235072.0
memory_working_set,minikube,kube-controller-manager-minikube,kube-system,/kubepods/burstable/pod740363cf4388c2d0df59fc97f96b889c,1780634747,109178880.0
memory_working_set,minikube,chaos-dashboard-5b77585c6c-zm7f4,chaos-testing,/kubepods/burstable/pod7d3e8284-7c72-4577-a8fb-79d957f69104,1780634747,51675136.0
memory_working_set,minikube,chaos-dns-server-6bccb5bb76-gscmn,chaos-testing,/kubepods/burstable/pod8a82a436-ef3f-4750-8f39-dbfde680d0b8,1780634747,27574272.0
memory_working_set,minikube,coredns-7d764666f9-gmlgd,kube-system,/kubepods/burstable/pod9289fad3-6e91-4617-b97d-6da4631c2f35,1780634747,34742272.0
memory_working_set,minikube,adservice-8576649cff-5bvst,boutique,/kubepods/burstable/pod9d685cd3-17df-43af-a26e-7743c006902d,1780634747,93237248.0
memory_working_set,minikube,kube-apiserver-minikube,kube-system,/kubepods/burstable/poda6dc00f40d27725f15407f95751ce5f7,1780634747,545099776.0
memory_working_set,minikube,loadgenerator-7dd458dd5b-p2gm5,boutique,/kubepods/burstable/podad2b31a2-cb58-4a8e-9520-6dac05e0ae03,1780634747,63356928.0
memory_working_set,minikube,alertmanager-monitoring-kube-prometheus-alertmanager-0,monitoring,/kubepods/burstable/podb5fde93f-2f9a-427f-aa16-8a257f179975,1780634747,39682048.0
memory_working_set,minikube,currencyservice-fd8f5dfb7-js8gr,boutique,/kubepods/burstable/podc827ec2d-8a9d-4e1c-8017-62c3901eccb4,1780634747,39555072.0
memory_working_set,minikube,redis-cart-6899b65948-ms767,boutique,/kubepods/burstable/podd425db0f-53f9-4bec-9ee1-49e4ced03bb6,1780634747,12349440.0
memory_working_set,minikube,chaos-controller-manager-659785674d-wbwg8,chaos-testing,/kubepods/burstable/podd7abbfc2-2af5-4b28-b438-3ebef4bafcce,1780634747,53825536.0
memory_working_set,minikube,paymentservice-6b76dfb449-n8mm2,boutique,/kubepods/burstable/podd9986049-5066-4a99-a156-0bc7b2391961,1780634747,33501184.0
memory_working_set,minikube,checkoutservice-75b9cd684f-mxb57,boutique,/kubepods/burstable/pod899228c2-a2b5-44fd-93be-9c372e37e8b5,1780634747,13139968.0
memory_working_set,minikube,frontend-694b9f76cd-pskf5,boutique,/kubepods/burstable/pod4d235b9f-a410-4f2c-99da-80b42ecf7d86,1780634747,18141184.0
memory_working_set,minikube,productcatalogservice-fb49fc9cc-vbqbl,boutique,/kubepods/burstable/pod9b723af0-e450-462a-a20e-b721d0610cf7,1780634747,15511552.0
memory_rss,minikube,kube-proxy-fshvh,kube-system,/kubepods/besteffort/pod2f4efb93-ee48-4c37-b1e1-6f2e54a917c7,1780634747,17940480.0
memory_rss,minikube,monitoring-kube-state-metrics-868694bc4b-689cm,monitoring,/kubepods/besteffort/pod59c52cc8-67e3-4946-aac6-7ff0ef74285f,1780634747,21123072.0
memory_rss,minikube,prometheus-monitoring-kube-prometheus-prometheus-0,monitoring,/kubepods/besteffort/pod6bff50b8-f988-4ff2-a8c1-8f95f2c25189,1780634747,201654272.0
memory_rss,minikube,storage-provisioner,kube-system,/kubepods/besteffort/pod9bffcac8-a0cd-49a4-ad59-cdbf60a579cb,1780634747,8933376.0
memory_rss,minikube,monitoring-grafana-6f66955c48-hlrcn,monitoring,/kubepods/besteffort/pod9d3fe3f0-8989-47b4-8478-0ae7be66df8d,1780634747,308396032.0
memory_rss,minikube,chaos-daemon-n6ghj,chaos-testing,/kubepods/besteffort/poda051be83-a7cd-43e4-83d3-76f3c90e8474,1780634747,8101888.0
memory_rss,minikube,monitoring-kube-prometheus-operator-556b56cc6d-n6dg9,monitoring,/kubepods/besteffort/podc8122519-a592-495f-9353-00a2f23fdf80,1780634747,21700608.0
memory_rss,minikube,monitoring-prometheus-node-exporter-pdw8p,monitoring,/kubepods/besteffort/podd35abb3b-34f0-40fa-af55-3ab246fc64c8,1780634747,9867264.0
memory_rss,minikube,kube-scheduler-minikube,kube-system,/kubepods/burstable/pod1c7123a121598343200ffd5b015ca580,1780634747,22949888.0
memory_rss,minikube,shippingservice-55656785c7-lk4mx,boutique,/kubepods/burstable/pod1df51271-c9ea-47fa-8fb2-cf15bbc7c216,1780634747,7069696.0
memory_rss,minikube,chaos-controller-manager-659785674d-29q42,chaos-testing,/kubepods/burstable/pod21ab858c-cee8-438c-8682-c786dc3dc044,1780634747,14823424.0
memory_rss,minikube,chaos-controller-manager-659785674d-fjb2r,chaos-testing,/kubepods/burstable/pod2569141a-4d05-422e-bcf2-2f01e2f5056d,1780634747,14249984.0
memory_rss,minikube,coredns-7d764666f9-hxxb8,kube-system,/kubepods/burstable/pod596c18fb-891c-4e87-9b11-83d99dd6d264,1780634747,14884864.0
memory_rss,minikube,recommendationservice-6f8f67d69-fhrns,boutique,/kubepods/burstable/pod5ded7b1a-44d9-4178-8596-57a9e25f6171,1780634747,41271296.0
memory_rss,minikube,etcd-minikube,kube-system,/kubepods/burstable/pod5ff8e3b06bbaa8cb7ebc2bf531e48a2f,1780634747,61513728.0
memory_rss,minikube,emailservice-7466dc585-sv4wh,boutique,/kubepods/burstable/pod6116940a-da83-4761-97dc-892a207b789e,1780634747,42352640.0
memory_rss,minikube,cartservice-546c548494-cb4lb,boutique,/kubepods/burstable/pod6ec732c5-cf34-4e25-a3ce-ff4b44ce8d19,1780634747,15851520.0
memory_rss,minikube,kube-controller-manager-minikube,kube-system,/kubepods/burstable/pod740363cf4388c2d0df59fc97f96b889c,1780634747,83042304.0
memory_rss,minikube,chaos-dashboard-5b77585c6c-zm7f4,chaos-testing,/kubepods/burstable/pod7d3e8284-7c72-4577-a8fb-79d957f69104,1780634747,32133120.0
memory_rss,minikube,chaos-dns-server-6bccb5bb76-gscmn,chaos-testing,/kubepods/burstable/pod8a82a436-ef3f-4750-8f39-dbfde680d0b8,1780634747,12124160.0
memory_rss,minikube,coredns-7d764666f9-gmlgd,kube-system,/kubepods/burstable/pod9289fad3-6e91-4617-b97d-6da4631c2f35,1780634747,14561280.0
memory_rss,minikube,adservice-8576649cff-5bvst,boutique,/kubepods/burstable/pod9d685cd3-17df-43af-a26e-7743c006902d,1780634747,76644352.0
memory_rss,minikube,kube-apiserver-minikube,kube-system,/kubepods/burstable/poda6dc00f40d27725f15407f95751ce5f7,1780634747,510365696.0
memory_rss,minikube,loadgenerator-7dd458dd5b-p2gm5,boutique,/kubepods/burstable/podad2b31a2-cb58-4a8e-9520-6dac05e0ae03,1780634747,54923264.0
memory_rss,minikube,alertmanager-monitoring-kube-prometheus-alertmanager-0,monitoring,/kubepods/burstable/podb5fde93f-2f9a-427f-aa16-8a257f179975,1780634747,23404544.0
memory_rss,minikube,currencyservice-fd8f5dfb7-js8gr,boutique,/kubepods/burstable/podc827ec2d-8a9d-4e1c-8017-62c3901eccb4,1780634747,16932864.0
memory_rss,minikube,redis-cart-6899b65948-ms767,boutique,/kubepods/burstable/podd425db0f-53f9-4bec-9ee1-49e4ced03bb6,1780634747,5562368.0
memory_rss,minikube,chaos-controller-manager-659785674d-wbwg8,chaos-testing,/kubepods/burstable/podd7abbfc2-2af5-4b28-b438-3ebef4bafcce,1780634747,26189824.0
memory_rss,minikube,paymentservice-6b76dfb449-n8mm2,boutique,/kubepods/burstable/podd9986049-5066-4a99-a156-0bc7b2391961,1780634747,13815808.0
memory_rss,minikube,checkoutservice-75b9cd684f-mxb57,boutique,/kubepods/burstable/pod899228c2-a2b5-44fd-93be-9c372e37e8b5,1780634747,7262208.0
memory_rss,minikube,frontend-694b9f76cd-pskf5,boutique,/kubepods/burstable/pod4d235b9f-a410-4f2c-99da-80b42ecf7d86,1780634747,11378688.0
memory_rss,minikube,productcatalogservice-fb49fc9cc-vbqbl,boutique,/kubepods/burstable/pod9b723af0-e450-462a-a20e-b721d0610cf7,1780634747,8491008.0
fs_reads_bytes_rate,minikube,kube-proxy-fshvh,kube-system,/kubepods/besteffort/pod2f4efb93-ee48-4c37-b1e1-6f2e54a917c7,1780634747,2703.36
fs_reads_bytes_rate,minikube,monitoring-kube-state-metrics-868694bc4b-689cm,monitoring,/kubepods/besteffort/pod59c52cc8-67e3-4946-aac6-7ff0ef74285f,1780634747,1340.5547922419782
fs_reads_bytes_rate,minikube,prometheus-monitoring-kube-prometheus-prometheus-0,monitoring,/kubepods/besteffort/pod6bff50b8-f988-4ff2-a8c1-8f95f2c25189,1780634747,249363.1639777099
fs_reads_bytes_rate,minikube,storage-provisioner,kube-system,/kubepods/besteffort/pod9bffcac8-a0cd-49a4-ad59-cdbf60a579cb,1780634747,6330.208013439732
fs_reads_bytes_rate,minikube,monitoring-grafana-6f66955c48-hlrcn,monitoring,/kubepods/besteffort/pod9d3fe3f0-8989-47b4-8478-0ae7be66df8d,1780634747,21591.43654978277
fs_reads_bytes_rate,minikube,chaos-daemon-n6ghj,chaos-testing,/kubepods/besteffort/poda051be83-a7cd-43e4-83d3-76f3c90e8474,1780634747,0.0
fs_reads_bytes_rate,minikube,monitoring-kube-prometheus-operator-556b56cc6d-n6dg9,monitoring,/kubepods/besteffort/podc8122519-a592-495f-9353-00a2f23fdf80,1780634747,847.290552533461
fs_reads_bytes_rate,minikube,monitoring-prometheus-node-exporter-pdw8p,monitoring,/kubepods/besteffort/podd35abb3b-34f0-40fa-af55-3ab246fc64c8,1780634747,8264.39958385439
fs_reads_bytes_rate,minikube,kube-scheduler-minikube,kube-system,/kubepods/burstable/pod1c7123a121598343200ffd5b015ca580,1780634747,0.0
fs_reads_bytes_rate,minikube,shippingservice-55656785c7-lk4mx,boutique,/kubepods/burstable/pod1df51271-c9ea-47fa-8fb2-cf15bbc7c216,1780634747,9507.856850601775
fs_reads_bytes_rate,minikube,chaos-controller-manager-659785674d-29q42,chaos-testing,/kubepods/burstable/pod21ab858c-cee8-438c-8682-c786dc3dc044,1780634747,0.0
fs_reads_bytes_rate,minikube,chaos-controller-manager-659785674d-fjb2r,chaos-testing,/kubepods/burstable/pod2569141a-4d05-422e-bcf2-2f01e2f5056d,1780634747,0.0
fs_reads_bytes_rate,minikube,coredns-7d764666f9-hxxb8,kube-system,/kubepods/burstable/pod596c18fb-891c-4e87-9b11-83d99dd6d264,1780634747,3137.213656680932
fs_reads_bytes_rate,minikube,recommendationservice-6f8f67d69-fhrns,boutique,/kubepods/burstable/pod5ded7b1a-44d9-4178-8596-57a9e25f6171,1780634747,2629.1551343108504
fs_reads_bytes_rate,minikube,etcd-minikube,kube-system,/kubepods/burstable/pod5ff8e3b06bbaa8cb7ebc2bf531e48a2f,1780634747,4905.283373072815
fs_reads_bytes_rate,minikube,emailservice-7466dc585-sv4wh,boutique,/kubepods/burstable/pod6116940a-da83-4761-97dc-892a207b789e,1780634747,141517.71183047004
fs_reads_bytes_rate,minikube,cartservice-546c548494-cb4lb,boutique,/kubepods/burstable/pod6ec732c5-cf34-4e25-a3ce-ff4b44ce8d19,1780634747,23072.867092934037
fs_reads_bytes_rate,minikube,kube-controller-manager-minikube,kube-system,/kubepods/burstable/pod740363cf4388c2d0df59fc97f96b889c,1780634747,40.96
fs_reads_bytes_rate,minikube,chaos-dashboard-5b77585c6c-zm7f4,chaos-testing,/kubepods/burstable/pod7d3e8284-7c72-4577-a8fb-79d957f69104,1780634747,0.0
fs_reads_bytes_rate,minikube,chaos-dns-server-6bccb5bb76-gscmn,chaos-testing,/kubepods/burstable/pod8a82a436-ef3f-4750-8f39-dbfde680d0b8,1780634747,45.83606671501089
fs_reads_bytes_rate,minikube,coredns-7d764666f9-gmlgd,kube-system,/kubepods/burstable/pod9289fad3-6e91-4617-b97d-6da4631c2f35,1780634747,1802.24
fs_reads_bytes_rate,minikube,adservice-8576649cff-5bvst,boutique,/kubepods/burstable/pod9d685cd3-17df-43af-a26e-7743c006902d,1780634747,21868.13685927579
fs_reads_bytes_rate,minikube,kube-apiserver-minikube,kube-system,/kubepods/burstable/poda6dc00f40d27725f15407f95751ce5f7,1780634747,1367.7824134189898
fs_reads_bytes_rate,minikube,loadgenerator-7dd458dd5b-p2gm5,boutique,/kubepods/burstable/podad2b31a2-cb58-4a8e-9520-6dac05e0ae03,1780634747,379161.65970070334
fs_reads_bytes_rate,minikube,alertmanager-monitoring-kube-prometheus-alertmanager-0,monitoring,/kubepods/burstable/podb5fde93f-2f9a-427f-aa16-8a257f179975,1780634747,222079.25337636407
fs_reads_bytes_rate,minikube,currencyservice-fd8f5dfb7-js8gr,boutique,/kubepods/burstable/podc827ec2d-8a9d-4e1c-8017-62c3901eccb4,1780634747,3768.32
fs_reads_bytes_rate,minikube,redis-cart-6899b65948-ms767,boutique,/kubepods/burstable/podd425db0f-53f9-4bec-9ee1-49e4ced03bb6,1780634747,0.0
fs_reads_bytes_rate,minikube,chaos-controller-manager-659785674d-wbwg8,chaos-testing,/kubepods/burstable/podd7abbfc2-2af5-4b28-b438-3ebef4bafcce,1780634747,20193.280000000002
fs_reads_bytes_rate,minikube,paymentservice-6b76dfb449-n8mm2,boutique,/kubepods/burstable/podd9986049-5066-4a99-a156-0bc7b2391961,1780634747,79769.10095466986
fs_reads_bytes_rate,minikube,checkoutservice-75b9cd684f-mxb57,boutique,/kubepods/burstable/pod899228c2-a2b5-44fd-93be-9c372e37e8b5,1780634747,1597.44
fs_reads_bytes_rate,minikube,frontend-694b9f76cd-pskf5,boutique,/kubepods/burstable/pod4d235b9f-a410-4f2c-99da-80b42ecf7d86,1780634747,3732.8169955444937
fs_reads_bytes_rate,minikube,productcatalogservice-fb49fc9cc-vbqbl,boutique,/kubepods/burstable/pod9b723af0-e450-462a-a20e-b721d0610cf7,1780634747,3113.942624482161
fs_writes_bytes_rate,minikube,kube-proxy-fshvh,kube-system,/kubepods/besteffort/pod2f4efb93-ee48-4c37-b1e1-6f2e54a917c7,1780634747,0.0
fs_writes_bytes_rate,minikube,monitoring-kube-state-metrics-868694bc4b-689cm,monitoring,/kubepods/besteffort/pod59c52cc8-67e3-4946-aac6-7ff0ef74285f,1780634747,0.0
fs_writes_bytes_rate,minikube,prometheus-monitoring-kube-prometheus-prometheus-0,monitoring,/kubepods/besteffort/pod6bff50b8-f988-4ff2-a8c1-8f95f2c25189,1780634747,8458.321017821198
fs_writes_bytes_rate,minikube,storage-provisioner,kube-system,/kubepods/besteffort/pod9bffcac8-a0cd-49a4-ad59-cdbf60a579cb,1780634747,0.0
fs_writes_bytes_rate,minikube,monitoring-grafana-6f66955c48-hlrcn,monitoring,/kubepods/besteffort/pod9d3fe3f0-8989-47b4-8478-0ae7be66df8d,1780634747,522.396110074498
fs_writes_bytes_rate,minikube,chaos-daemon-n6ghj,chaos-testing,/kubepods/besteffort/poda051be83-a7cd-43e4-83d3-76f3c90e8474,1780634747,0.0
fs_writes_bytes_rate,minikube,monitoring-kube-prometheus-operator-556b56cc6d-n6dg9,monitoring,/kubepods/besteffort/podc8122519-a592-495f-9353-00a2f23fdf80,1780634747,0.0
fs_writes_bytes_rate,minikube,monitoring-prometheus-node-exporter-pdw8p,monitoring,/kubepods/besteffort/podd35abb3b-34f0-40fa-af55-3ab246fc64c8,1780634747,0.0
fs_writes_bytes_rate,minikube,kube-scheduler-minikube,kube-system,/kubepods/burstable/pod1c7123a121598343200ffd5b015ca580,1780634747,0.0
fs_writes_bytes_rate,minikube,shippingservice-55656785c7-lk4mx,boutique,/kubepods/burstable/pod1df51271-c9ea-47fa-8fb2-cf15bbc7c216,1780634747,0.0
fs_writes_bytes_rate,minikube,chaos-controller-manager-659785674d-29q42,chaos-testing,/kubepods/burstable/pod21ab858c-cee8-438c-8682-c786dc3dc044,1780634747,0.0
fs_writes_bytes_rate,minikube,chaos-controller-manager-659785674d-fjb2r,chaos-testing,/kubepods/burstable/pod2569141a-4d05-422e-bcf2-2f01e2f5056d,1780634747,0.0
fs_writes_bytes_rate,minikube,coredns-7d764666f9-hxxb8,kube-system,/kubepods/burstable/pod596c18fb-891c-4e87-9b11-83d99dd6d264,1780634747,0.0
fs_writes_bytes_rate,minikube,recommendationservice-6f8f67d69-fhrns,boutique,/kubepods/burstable/pod5ded7b1a-44d9-4178-8596-57a9e25f6171,1780634747,0.0
fs_writes_bytes_rate,minikube,etcd-minikube,kube-system,/kubepods/burstable/pod5ff8e3b06bbaa8cb7ebc2bf531e48a2f,1780634747,80296.395395255
fs_writes_bytes_rate,minikube,emailservice-7466dc585-sv4wh,boutique,/kubepods/burstable/pod6116940a-da83-4761-97dc-892a207b789e,1780634747,0.0
fs_writes_bytes_rate,minikube,cartservice-546c548494-cb4lb,boutique,/kubepods/burstable/pod6ec732c5-cf34-4e25-a3ce-ff4b44ce8d19,1780634747,0.0
fs_writes_bytes_rate,minikube,kube-controller-manager-minikube,kube-system,/kubepods/burstable/pod740363cf4388c2d0df59fc97f96b889c,1780634747,0.0
fs_writes_bytes_rate,minikube,chaos-dashboard-5b77585c6c-zm7f4,chaos-testing,/kubepods/burstable/pod7d3e8284-7c72-4577-a8fb-79d957f69104,1780634747,0.0
fs_writes_bytes_rate,minikube,chaos-dns-server-6bccb5bb76-gscmn,chaos-testing,/kubepods/burstable/pod8a82a436-ef3f-4750-8f39-dbfde680d0b8,1780634747,0.0
fs_writes_bytes_rate,minikube,coredns-7d764666f9-gmlgd,kube-system,/kubepods/burstable/pod9289fad3-6e91-4617-b97d-6da4631c2f35,1780634747,0.0
fs_writes_bytes_rate,minikube,adservice-8576649cff-5bvst,boutique,/kubepods/burstable/pod9d685cd3-17df-43af-a26e-7743c006902d,1780634747,0.0
fs_writes_bytes_rate,minikube,kube-apiserver-minikube,kube-system,/kubepods/burstable/poda6dc00f40d27725f15407f95751ce5f7,1780634747,0.0
fs_writes_bytes_rate,minikube,loadgenerator-7dd458dd5b-p2gm5,boutique,/kubepods/burstable/podad2b31a2-cb58-4a8e-9520-6dac05e0ae03,1780634747,0.0
fs_writes_bytes_rate,minikube,alertmanager-monitoring-kube-prometheus-alertmanager-0,monitoring,/kubepods/burstable/podb5fde93f-2f9a-427f-aa16-8a257f179975,1780634747,0.0
fs_writes_bytes_rate,minikube,currencyservice-fd8f5dfb7-js8gr,boutique,/kubepods/burstable/podc827ec2d-8a9d-4e1c-8017-62c3901eccb4,1780634747,0.0
fs_writes_bytes_rate,minikube,redis-cart-6899b65948-ms767,boutique,/kubepods/burstable/podd425db0f-53f9-4bec-9ee1-49e4ced03bb6,1780634747,0.0
fs_writes_bytes_rate,minikube,chaos-controller-manager-659785674d-wbwg8,chaos-testing,/kubepods/burstable/podd7abbfc2-2af5-4b28-b438-3ebef4bafcce,1780634747,0.0
fs_writes_bytes_rate,minikube,paymentservice-6b76dfb449-n8mm2,boutique,/kubepods/burstable/podd9986049-5066-4a99-a156-0bc7b2391961,1780634747,0.0
fs_writes_bytes_rate,minikube,checkoutservice-75b9cd684f-mxb57,boutique,/kubepods/burstable/pod899228c2-a2b5-44fd-93be-9c372e37e8b5,1780634747,0.0
fs_writes_bytes_rate,minikube,frontend-694b9f76cd-pskf5,boutique,/kubepods/burstable/pod4d235b9f-a410-4f2c-99da-80b42ecf7d86,1780634747,0.0
fs_writes_bytes_rate,minikube,productcatalogservice-fb49fc9cc-vbqbl,boutique,/kubepods/burstable/pod9b723af0-e450-462a-a20e-b721d0610cf7,1780634747,0.0
fs_reads_total,minikube,kube-proxy-fshvh,kube-system,/kubepods/besteffort/pod2f4efb93-ee48-4c37-b1e1-6f2e54a917c7,1780634747,519.0
fs_reads_total,minikube,monitoring-kube-state-metrics-868694bc4b-689cm,monitoring,/kubepods/besteffort/pod59c52cc8-67e3-4946-aac6-7ff0ef74285f,1780634747,522.0
fs_reads_total,minikube,prometheus-monitoring-kube-prometheus-prometheus-0,monitoring,/kubepods/besteffort/pod6bff50b8-f988-4ff2-a8c1-8f95f2c25189,1780634747,2656.0
fs_reads_total,minikube,storage-provisioner,kube-system,/kubepods/besteffort/pod9bffcac8-a0cd-49a4-ad59-cdbf60a579cb,1780634747,270.0
fs_reads_total,minikube,monitoring-grafana-6f66955c48-hlrcn,monitoring,/kubepods/besteffort/pod9d3fe3f0-8989-47b4-8478-0ae7be66df8d,1780634747,5859.0
fs_reads_total,minikube,chaos-daemon-n6ghj,chaos-testing,/kubepods/besteffort/poda051be83-a7cd-43e4-83d3-76f3c90e8474,1780634747,476.0
fs_reads_total,minikube,monitoring-kube-prometheus-operator-556b56cc6d-n6dg9,monitoring,/kubepods/besteffort/podc8122519-a592-495f-9353-00a2f23fdf80,1780634747,527.0
fs_reads_total,minikube,monitoring-prometheus-node-exporter-pdw8p,monitoring,/kubepods/besteffort/podd35abb3b-34f0-40fa-af55-3ab246fc64c8,1780634747,191.0
fs_reads_total,minikube,kube-scheduler-minikube,kube-system,/kubepods/burstable/pod1c7123a121598343200ffd5b015ca580,1780634747,462.0
fs_reads_total,minikube,shippingservice-55656785c7-lk4mx,boutique,/kubepods/burstable/pod1df51271-c9ea-47fa-8fb2-cf15bbc7c216,1780634747,156.0
fs_reads_total,minikube,chaos-controller-manager-659785674d-29q42,chaos-testing,/kubepods/burstable/pod21ab858c-cee8-438c-8682-c786dc3dc044,1780634747,140.0
fs_reads_total,minikube,chaos-controller-manager-659785674d-fjb2r,chaos-testing,/kubepods/burstable/pod2569141a-4d05-422e-bcf2-2f01e2f5056d,1780634747,4.0
fs_reads_total,minikube,coredns-7d764666f9-hxxb8,kube-system,/kubepods/burstable/pod596c18fb-891c-4e87-9b11-83d99dd6d264,1780634747,330.0
fs_reads_total,minikube,recommendationservice-6f8f67d69-fhrns,boutique,/kubepods/burstable/pod5ded7b1a-44d9-4178-8596-57a9e25f6171,1780634747,907.0
fs_reads_total,minikube,etcd-minikube,kube-system,/kubepods/burstable/pod5ff8e3b06bbaa8cb7ebc2bf531e48a2f,1780634747,1643.0
fs_reads_total,minikube,emailservice-7466dc585-sv4wh,boutique,/kubepods/burstable/pod6116940a-da83-4761-97dc-892a207b789e,1780634747,920.0
fs_reads_total,minikube,cartservice-546c548494-cb4lb,boutique,/kubepods/burstable/pod6ec732c5-cf34-4e25-a3ce-ff4b44ce8d19,1780634747,313.0
fs_reads_total,minikube,kube-controller-manager-minikube,kube-system,/kubepods/burstable/pod740363cf4388c2d0df59fc97f96b889c,1780634747,691.0
fs_reads_total,minikube,chaos-dashboard-5b77585c6c-zm7f4,chaos-testing,/kubepods/burstable/pod7d3e8284-7c72-4577-a8fb-79d957f69104,1780634747,741.0
fs_reads_total,minikube,chaos-dns-server-6bccb5bb76-gscmn,chaos-testing,/kubepods/burstable/pod8a82a436-ef3f-4750-8f39-dbfde680d0b8,1780634747,416.0
fs_reads_total,minikube,coredns-7d764666f9-gmlgd,kube-system,/kubepods/burstable/pod9289fad3-6e91-4617-b97d-6da4631c2f35,1780634747,498.0
fs_reads_total,minikube,adservice-8576649cff-5bvst,boutique,/kubepods/burstable/pod9d685cd3-17df-43af-a26e-7743c006902d,1780634747,1967.0
fs_reads_total,minikube,kube-apiserver-minikube,kube-system,/kubepods/burstable/poda6dc00f40d27725f15407f95751ce5f7,1780634747,892.0
fs_reads_total,minikube,loadgenerator-7dd458dd5b-p2gm5,boutique,/kubepods/burstable/podad2b31a2-cb58-4a8e-9520-6dac05e0ae03,1780634747,1158.0
fs_reads_total,minikube,alertmanager-monitoring-kube-prometheus-alertmanager-0,monitoring,/kubepods/burstable/podb5fde93f-2f9a-427f-aa16-8a257f179975,1780634747,640.0
fs_reads_total,minikube,currencyservice-fd8f5dfb7-js8gr,boutique,/kubepods/burstable/podc827ec2d-8a9d-4e1c-8017-62c3901eccb4,1780634747,875.0
fs_reads_total,minikube,redis-cart-6899b65948-ms767,boutique,/kubepods/burstable/podd425db0f-53f9-4bec-9ee1-49e4ced03bb6,1780634747,250.0
fs_reads_total,minikube,chaos-controller-manager-659785674d-wbwg8,chaos-testing,/kubepods/burstable/podd7abbfc2-2af5-4b28-b438-3ebef4bafcce,1780634747,562.0
fs_reads_total,minikube,paymentservice-6b76dfb449-n8mm2,boutique,/kubepods/burstable/podd9986049-5066-4a99-a156-0bc7b2391961,1780634747,727.0
fs_reads_total,minikube,checkoutservice-75b9cd684f-mxb57,boutique,/kubepods/burstable/pod899228c2-a2b5-44fd-93be-9c372e37e8b5,1780634747,173.0
fs_reads_total,minikube,frontend-694b9f76cd-pskf5,boutique,/kubepods/burstable/pod4d235b9f-a410-4f2c-99da-80b42ecf7d86,1780634747,211.0
fs_reads_total,minikube,productcatalogservice-fb49fc9cc-vbqbl,boutique,/kubepods/burstable/pod9b723af0-e450-462a-a20e-b721d0610cf7,1780634747,222.0
fs_writes_total,minikube,kube-proxy-fshvh,kube-system,/kubepods/besteffort/pod2f4efb93-ee48-4c37-b1e1-6f2e54a917c7,1780634747,0.0
fs_writes_total,minikube,monitoring-kube-state-metrics-868694bc4b-689cm,monitoring,/kubepods/besteffort/pod59c52cc8-67e3-4946-aac6-7ff0ef74285f,1780634747,0.0
fs_writes_total,minikube,prometheus-monitoring-kube-prometheus-prometheus-0,monitoring,/kubepods/besteffort/pod6bff50b8-f988-4ff2-a8c1-8f95f2c25189,1780634747,30.0
fs_writes_total,minikube,storage-provisioner,kube-system,/kubepods/besteffort/pod9bffcac8-a0cd-49a4-ad59-cdbf60a579cb,1780634747,0.0
fs_writes_total,minikube,monitoring-grafana-6f66955c48-hlrcn,monitoring,/kubepods/besteffort/pod9d3fe3f0-8989-47b4-8478-0ae7be66df8d,1780634747,74.0
fs_writes_total,minikube,chaos-daemon-n6ghj,chaos-testing,/kubepods/besteffort/poda051be83-a7cd-43e4-83d3-76f3c90e8474,1780634747,0.0
fs_writes_total,minikube,monitoring-kube-prometheus-operator-556b56cc6d-n6dg9,monitoring,/kubepods/besteffort/podc8122519-a592-495f-9353-00a2f23fdf80,1780634747,0.0
fs_writes_total,minikube,monitoring-prometheus-node-exporter-pdw8p,monitoring,/kubepods/besteffort/podd35abb3b-34f0-40fa-af55-3ab246fc64c8,1780634747,0.0
fs_writes_total,minikube,kube-scheduler-minikube,kube-system,/kubepods/burstable/pod1c7123a121598343200ffd5b015ca580,1780634747,0.0
fs_writes_total,minikube,shippingservice-55656785c7-lk4mx,boutique,/kubepods/burstable/pod1df51271-c9ea-47fa-8fb2-cf15bbc7c216,1780634747,0.0
fs_writes_total,minikube,chaos-controller-manager-659785674d-29q42,chaos-testing,/kubepods/burstable/pod21ab858c-cee8-438c-8682-c786dc3dc044,1780634747,0.0
fs_writes_total,minikube,chaos-controller-manager-659785674d-fjb2r,chaos-testing,/kubepods/burstable/pod2569141a-4d05-422e-bcf2-2f01e2f5056d,1780634747,0.0
fs_writes_total,minikube,coredns-7d764666f9-hxxb8,kube-system,/kubepods/burstable/pod596c18fb-891c-4e87-9b11-83d99dd6d264,1780634747,0.0
fs_writes_total,minikube,recommendationservice-6f8f67d69-fhrns,boutique,/kubepods/burstable/pod5ded7b1a-44d9-4178-8596-57a9e25f6171,1780634747,0.0
fs_writes_total,minikube,etcd-minikube,kube-system,/kubepods/burstable/pod5ff8e3b06bbaa8cb7ebc2bf531e48a2f,1780634747,3016.0
fs_writes_total,minikube,emailservice-7466dc585-sv4wh,boutique,/kubepods/burstable/pod6116940a-da83-4761-97dc-892a207b789e,1780634747,0.0
fs_writes_total,minikube,cartservice-546c548494-cb4lb,boutique,/kubepods/burstable/pod6ec732c5-cf34-4e25-a3ce-ff4b44ce8d19,1780634747,0.0
fs_writes_total,minikube,kube-controller-manager-minikube,kube-system,/kubepods/burstable/pod740363cf4388c2d0df59fc97f96b889c,1780634747,0.0
fs_writes_total,minikube,chaos-dashboard-5b77585c6c-zm7f4,chaos-testing,/kubepods/burstable/pod7d3e8284-7c72-4577-a8fb-79d957f69104,1780634747,0.0
fs_writes_total,minikube,chaos-dns-server-6bccb5bb76-gscmn,chaos-testing,/kubepods/burstable/pod8a82a436-ef3f-4750-8f39-dbfde680d0b8,1780634747,0.0
fs_writes_total,minikube,coredns-7d764666f9-gmlgd,kube-system,/kubepods/burstable/pod9289fad3-6e91-4617-b97d-6da4631c2f35,1780634747,0.0
fs_writes_total,minikube,adservice-8576649cff-5bvst,boutique,/kubepods/burstable/pod9d685cd3-17df-43af-a26e-7743c006902d,1780634747,0.0
fs_writes_total,minikube,kube-apiserver-minikube,kube-system,/kubepods/burstable/poda6dc00f40d27725f15407f95751ce5f7,1780634747,0.0
fs_writes_total,minikube,loadgenerator-7dd458dd5b-p2gm5,boutique,/kubepods/burstable/podad2b31a2-cb58-4a8e-9520-6dac05e0ae03,1780634747,0.0
fs_writes_total,minikube,alertmanager-monitoring-kube-prometheus-alertmanager-0,monitoring,/kubepods/burstable/podb5fde93f-2f9a-427f-aa16-8a257f179975,1780634747,0.0
fs_writes_total,minikube,currencyservice-fd8f5dfb7-js8gr,boutique,/kubepods/burstable/podc827ec2d-8a9d-4e1c-8017-62c3901eccb4,1780634747,0.0
fs_writes_total,minikube,redis-cart-6899b65948-ms767,boutique,/kubepods/burstable/podd425db0f-53f9-4bec-9ee1-49e4ced03bb6,1780634747,0.0
fs_writes_total,minikube,chaos-controller-manager-659785674d-wbwg8,chaos-testing,/kubepods/burstable/podd7abbfc2-2af5-4b28-b438-3ebef4bafcce,1780634747,0.0
fs_writes_total,minikube,paymentservice-6b76dfb449-n8mm2,boutique,/kubepods/burstable/podd9986049-5066-4a99-a156-0bc7b2391961,1780634747,0.0
fs_writes_total,minikube,checkoutservice-75b9cd684f-mxb57,boutique,/kubepods/burstable/pod899228c2-a2b5-44fd-93be-9c372e37e8b5,1780634747,0.0
fs_writes_total,minikube,frontend-694b9f76cd-pskf5,boutique,/kubepods/burstable/pod4d235b9f-a410-4f2c-99da-80b42ecf7d86,1780634747,0.0
fs_writes_total,minikube,productcatalogservice-fb49fc9cc-vbqbl,boutique,/kubepods/burstable/pod9b723af0-e450-462a-a20e-b721d0610cf7,1780634747,0.0
pod_status_phase_Pending,,productcatalogservice-fb49fc9cc-vbqbl,boutique,kube-state-metrics,1780634747,0.0
pod_status_phase_Succeeded,,productcatalogservice-fb49fc9cc-vbqbl,boutique,kube-state-metrics,1780634747,0.0
pod_status_phase_Failed,,productcatalogservice-fb49fc9cc-vbqbl,boutique,kube-state-metrics,1780634747,0.0
pod_status_phase_Unknown,,productcatalogservice-fb49fc9cc-vbqbl,boutique,kube-state-metrics,1780634747,0.0
pod_status_phase_Running,,productcatalogservice-fb49fc9cc-vbqbl,boutique,kube-state-metrics,1780634747,1.0
pod_status_phase_Pending,,redis-cart-6899b65948-ms767,boutique,kube-state-metrics,1780634747,0.0
pod_status_phase_Succeeded,,redis-cart-6899b65948-ms767,boutique,kube-state-metrics,1780634747,0.0
pod_status_phase_Failed,,redis-cart-6899b65948-ms767,boutique,kube-state-metrics,1780634747,0.0
pod_status_phase_Unknown,,redis-cart-6899b65948-ms767,boutique,kube-state-metrics,1780634747,0.0
pod_status_phase_Running,,redis-cart-6899b65948-ms767,boutique,kube-state-metrics,1780634747,1.0
pod_status_phase_Pending,,kube-controller-manager-minikube,kube-system,kube-state-metrics,1780634747,0.0
pod_status_phase_Succeeded,,kube-controller-manager-minikube,kube-system,kube-state-metrics,1780634747,0.0
pod_status_phase_Failed,,kube-controller-manager-minikube,kube-system,kube-state-metrics,1780634747,0.0
pod_status_phase_Unknown,,kube-controller-manager-minikube,kube-system,kube-state-metrics,1780634747,0.0
pod_status_phase_Running,,kube-controller-manager-minikube,kube-system,kube-state-metrics,1780634747,1.0
pod_status_phase_Pending,,currencyservice-fd8f5dfb7-js8gr,boutique,kube-state-metrics,1780634747,0.0
pod_status_phase_Succeeded,,currencyservice-fd8f5dfb7-js8gr,boutique,kube-state-metrics,1780634747,0.0
pod_status_phase_Failed,,currencyservice-fd8f5dfb7-js8gr,boutique,kube-state-metrics,1780634747,0.0
pod_status_phase_Unknown,,currencyservice-fd8f5dfb7-js8gr,boutique,kube-state-metrics,1780634747,0.0
pod_status_phase_Running,,currencyservice-fd8f5dfb7-js8gr,boutique,kube-state-metrics,1780634747,1.0
pod_status_phase_Pending,,kube-proxy-fshvh,kube-system,kube-state-metrics,1780634747,0.0
pod_status_phase_Succeeded,,kube-proxy-fshvh,kube-system,kube-state-metrics,1780634747,0.0
pod_status_phase_Failed,,kube-proxy-fshvh,kube-system,kube-state-metrics,1780634747,0.0
pod_status_phase_Unknown,,kube-proxy-fshvh,kube-system,kube-state-metrics,1780634747,0.0
pod_status_phase_Running,,kube-proxy-fshvh,kube-system,kube-state-metrics,1780634747,1.0
pod_status_phase_Pending,,chaos-controller-manager-659785674d-29q42,chaos-testing,kube-state-metrics,1780634747,0.0
pod_status_phase_Succeeded,,chaos-controller-manager-659785674d-29q42,chaos-testing,kube-state-metrics,1780634747,0.0
pod_status_phase_Failed,,chaos-controller-manager-659785674d-29q42,chaos-testing,kube-state-metrics,1780634747,0.0
pod_status_phase_Unknown,,chaos-controller-manager-659785674d-29q42,chaos-testing,kube-state-metrics,1780634747,0.0
pod_status_phase_Running,,chaos-controller-manager-659785674d-29q42,chaos-testing,kube-state-metrics,1780634747,1.0
pod_status_phase_Pending,,frontend-694b9f76cd-pskf5,boutique,kube-state-metrics,1780634747,0.0
pod_status_phase_Succeeded,,frontend-694b9f76cd-pskf5,boutique,kube-state-metrics,1780634747,0.0
pod_status_phase_Failed,,frontend-694b9f76cd-pskf5,boutique,kube-state-metrics,1780634747,0.0
pod_status_phase_Unknown,,frontend-694b9f76cd-pskf5,boutique,kube-state-metrics,1780634747,0.0
pod_status_phase_Running,,frontend-694b9f76cd-pskf5,boutique,kube-state-metrics,1780634747,1.0
pod_status_phase_Pending,,monitoring-kube-state-metrics-868694bc4b-689cm,monitoring,kube-state-metrics,1780634747,0.0
pod_status_phase_Succeeded,,monitoring-kube-state-metrics-868694bc4b-689cm,monitoring,kube-state-metrics,1780634747,0.0
pod_status_phase_Failed,,monitoring-kube-state-metrics-868694bc4b-689cm,monitoring,kube-state-metrics,1780634747,0.0
pod_status_phase_Unknown,,monitoring-kube-state-metrics-868694bc4b-689cm,monitoring,kube-state-metrics,1780634747,0.0
pod_status_phase_Running,,monitoring-kube-state-metrics-868694bc4b-689cm,monitoring,kube-state-metrics,1780634747,1.0
pod_status_phase_Pending,,chaos-controller-manager-659785674d-wbwg8,chaos-testing,kube-state-metrics,1780634747,0.0
pod_status_phase_Succeeded,,chaos-controller-manager-659785674d-wbwg8,chaos-testing,kube-state-metrics,1780634747,0.0
pod_status_phase_Failed,,chaos-controller-manager-659785674d-wbwg8,chaos-testing,kube-state-metrics,1780634747,0.0
pod_status_phase_Unknown,,chaos-controller-manager-659785674d-wbwg8,chaos-testing,kube-state-metrics,1780634747,0.0
pod_status_phase_Running,,chaos-controller-manager-659785674d-wbwg8,chaos-testing,kube-state-metrics,1780634747,1.0
pod_status_phase_Pending,,chaos-controller-manager-659785674d-fjb2r,chaos-testing,kube-state-metrics,1780634747,0.0
pod_status_phase_Succeeded,,chaos-controller-manager-659785674d-fjb2r,chaos-testing,kube-state-metrics,1780634747,0.0
pod_status_phase_Failed,,chaos-controller-manager-659785674d-fjb2r,chaos-testing,kube-state-metrics,1780634747,0.0
pod_status_phase_Unknown,,chaos-controller-manager-659785674d-fjb2r,chaos-testing,kube-state-metrics,1780634747,0.0
pod_status_phase_Running,,chaos-controller-manager-659785674d-fjb2r,chaos-testing,kube-state-metrics,1780634747,1.0
pod_status_phase_Pending,,paymentservice-6b76dfb449-n8mm2,boutique,kube-state-metrics,1780634747,0.0
pod_status_phase_Succeeded,,paymentservice-6b76dfb449-n8mm2,boutique,kube-state-metrics,1780634747,0.0
pod_status_phase_Failed,,paymentservice-6b76dfb449-n8mm2,boutique,kube-state-metrics,1780634747,0.0
pod_status_phase_Unknown,,paymentservice-6b76dfb449-n8mm2,boutique,kube-state-metrics,1780634747,0.0
pod_status_phase_Running,,paymentservice-6b76dfb449-n8mm2,boutique,kube-state-metrics,1780634747,1.0
pod_status_phase_Pending,,adservice-8576649cff-5bvst,boutique,kube-state-metrics,1780634747,0.0
pod_status_phase_Succeeded,,adservice-8576649cff-5bvst,boutique,kube-state-metrics,1780634747,0.0
pod_status_phase_Failed,,adservice-8576649cff-5bvst,boutique,kube-state-metrics,1780634747,0.0
pod_status_phase_Unknown,,adservice-8576649cff-5bvst,boutique,kube-state-metrics,1780634747,0.0
pod_status_phase_Running,,adservice-8576649cff-5bvst,boutique,kube-state-metrics,1780634747,1.0
pod_status_phase_Pending,,cartservice-546c548494-cb4lb,boutique,kube-state-metrics,1780634747,0.0
pod_status_phase_Succeeded,,cartservice-546c548494-cb4lb,boutique,kube-state-metrics,1780634747,0.0
pod_status_phase_Failed,,cartservice-546c548494-cb4lb,boutique,kube-state-metrics,1780634747,0.0
pod_status_phase_Unknown,,cartservice-546c548494-cb4lb,boutique,kube-state-metrics,1780634747,0.0
pod_status_phase_Running,,cartservice-546c548494-cb4lb,boutique,kube-state-metrics,1780634747,1.0
pod_status_phase_Pending,,monitoring-prometheus-node-exporter-pdw8p,monitoring,kube-state-metrics,1780634747,0.0
pod_status_phase_Succeeded,,monitoring-prometheus-node-exporter-pdw8p,monitoring,kube-state-metrics,1780634747,0.0
pod_status_phase_Failed,,monitoring-prometheus-node-exporter-pdw8p,monitoring,kube-state-metrics,1780634747,0.0
pod_status_phase_Unknown,,monitoring-prometheus-node-exporter-pdw8p,monitoring,kube-state-metrics,1780634747,0.0
pod_status_phase_Running,,monitoring-prometheus-node-exporter-pdw8p,monitoring,kube-state-metrics,1780634747,1.0
pod_status_phase_Pending,,etcd-minikube,kube-system,kube-state-metrics,1780634747,0.0
pod_status_phase_Succeeded,,etcd-minikube,kube-system,kube-state-metrics,1780634747,0.0
pod_status_phase_Failed,,etcd-minikube,kube-system,kube-state-metrics,1780634747,0.0
pod_status_phase_Unknown,,etcd-minikube,kube-system,kube-state-metrics,1780634747,0.0
pod_status_phase_Running,,etcd-minikube,kube-system,kube-state-metrics,1780634747,1.0
pod_status_phase_Pending,,coredns-7d764666f9-hxxb8,kube-system,kube-state-metrics,1780634747,0.0
pod_status_phase_Succeeded,,coredns-7d764666f9-hxxb8,kube-system,kube-state-metrics,1780634747,0.0
pod_status_phase_Failed,,coredns-7d764666f9-hxxb8,kube-system,kube-state-metrics,1780634747,0.0
pod_status_phase_Unknown,,coredns-7d764666f9-hxxb8,kube-system,kube-state-metrics,1780634747,0.0
pod_status_phase_Running,,coredns-7d764666f9-hxxb8,kube-system,kube-state-metrics,1780634747,1.0
pod_status_phase_Pending,,chaos-dns-server-6bccb5bb76-gscmn,chaos-testing,kube-state-metrics,1780634747,0.0
pod_status_phase_Succeeded,,chaos-dns-server-6bccb5bb76-gscmn,chaos-testing,kube-state-metrics,1780634747,0.0
pod_status_phase_Failed,,chaos-dns-server-6bccb5bb76-gscmn,chaos-testing,kube-state-metrics,1780634747,0.0
pod_status_phase_Unknown,,chaos-dns-server-6bccb5bb76-gscmn,chaos-testing,kube-state-metrics,1780634747,0.0
pod_status_phase_Running,,chaos-dns-server-6bccb5bb76-gscmn,chaos-testing,kube-state-metrics,1780634747,1.0
pod_status_phase_Pending,,kube-apiserver-minikube,kube-system,kube-state-metrics,1780634747,0.0
pod_status_phase_Succeeded,,kube-apiserver-minikube,kube-system,kube-state-metrics,1780634747,0.0
pod_status_phase_Failed,,kube-apiserver-minikube,kube-system,kube-state-metrics,1780634747,0.0
pod_status_phase_Unknown,,kube-apiserver-minikube,kube-system,kube-state-metrics,1780634747,0.0
pod_status_phase_Running,,kube-apiserver-minikube,kube-system,kube-state-metrics,1780634747,1.0
pod_status_phase_Pending,,prometheus-monitoring-kube-prometheus-prometheus-0,monitoring,kube-state-metrics,1780634747,0.0
pod_status_phase_Succeeded,,prometheus-monitoring-kube-prometheus-prometheus-0,monitoring,kube-state-metrics,1780634747,0.0
pod_status_phase_Failed,,prometheus-monitoring-kube-prometheus-prometheus-0,monitoring,kube-state-metrics,1780634747,0.0
pod_status_phase_Unknown,,prometheus-monitoring-kube-prometheus-prometheus-0,monitoring,kube-state-metrics,1780634747,0.0
pod_status_phase_Running,,prometheus-monitoring-kube-prometheus-prometheus-0,monitoring,kube-state-metrics,1780634747,1.0
pod_status_phase_Pending,,storage-provisioner,kube-system,kube-state-metrics,1780634747,0.0
pod_status_phase_Succeeded,,storage-provisioner,kube-system,kube-state-metrics,1780634747,0.0
pod_status_phase_Failed,,storage-provisioner,kube-system,kube-state-metrics,1780634747,0.0
pod_status_phase_Unknown,,storage-provisioner,kube-system,kube-state-metrics,1780634747,0.0
pod_status_phase_Running,,storage-provisioner,kube-system,kube-state-metrics,1780634747,1.0
pod_status_phase_Pending,,loadgenerator-7dd458dd5b-p2gm5,boutique,kube-state-metrics,1780634747,0.0
pod_status_phase_Succeeded,,loadgenerator-7dd458dd5b-p2gm5,boutique,kube-state-metrics,1780634747,0.0
pod_status_phase_Failed,,loadgenerator-7dd458dd5b-p2gm5,boutique,kube-state-metrics,1780634747,0.0
pod_status_phase_Unknown,,loadgenerator-7dd458dd5b-p2gm5,boutique,kube-state-metrics,1780634747,0.0
pod_status_phase_Running,,loadgenerator-7dd458dd5b-p2gm5,boutique,kube-state-metrics,1780634747,1.0
pod_status_phase_Pending,,alertmanager-monitoring-kube-prometheus-alertmanager-0,monitoring,kube-state-metrics,1780634747,0.0
pod_status_phase_Succeeded,,alertmanager-monitoring-kube-prometheus-alertmanager-0,monitoring,kube-state-metrics,1780634747,0.0
pod_status_phase_Failed,,alertmanager-monitoring-kube-prometheus-alertmanager-0,monitoring,kube-state-metrics,1780634747,0.0
pod_status_phase_Unknown,,alertmanager-monitoring-kube-prometheus-alertmanager-0,monitoring,kube-state-metrics,1780634747,0.0
pod_status_phase_Running,,alertmanager-monitoring-kube-prometheus-alertmanager-0,monitoring,kube-state-metrics,1780634747,1.0
pod_status_phase_Pending,,shippingservice-55656785c7-lk4mx,boutique,kube-state-metrics,1780634747,0.0
pod_status_phase_Succeeded,,shippingservice-55656785c7-lk4mx,boutique,kube-state-metrics,1780634747,0.0
pod_status_phase_Failed,,shippingservice-55656785c7-lk4mx,boutique,kube-state-metrics,1780634747,0.0
pod_status_phase_Unknown,,shippingservice-55656785c7-lk4mx,boutique,kube-state-metrics,1780634747,0.0
pod_status_phase_Running,,shippingservice-55656785c7-lk4mx,boutique,kube-state-metrics,1780634747,1.0
pod_status_phase_Pending,,chaos-dashboard-5b77585c6c-zm7f4,chaos-testing,kube-state-metrics,1780634747,0.0
pod_status_phase_Succeeded,,chaos-dashboard-5b77585c6c-zm7f4,chaos-testing,kube-state-metrics,1780634747,0.0
pod_status_phase_Failed,,chaos-dashboard-5b77585c6c-zm7f4,chaos-testing,kube-state-metrics,1780634747,0.0
pod_status_phase_Unknown,,chaos-dashboard-5b77585c6c-zm7f4,chaos-testing,kube-state-metrics,1780634747,0.0
pod_status_phase_Running,,chaos-dashboard-5b77585c6c-zm7f4,chaos-testing,kube-state-metrics,1780634747,1.0
pod_status_phase_Pending,,monitoring-grafana-6f66955c48-hlrcn,monitoring,kube-state-metrics,1780634747,0.0
pod_status_phase_Succeeded,,monitoring-grafana-6f66955c48-hlrcn,monitoring,kube-state-metrics,1780634747,0.0
pod_status_phase_Failed,,monitoring-grafana-6f66955c48-hlrcn,monitoring,kube-state-metrics,1780634747,0.0
pod_status_phase_Unknown,,monitoring-grafana-6f66955c48-hlrcn,monitoring,kube-state-metrics,1780634747,0.0
pod_status_phase_Running,,monitoring-grafana-6f66955c48-hlrcn,monitoring,kube-state-metrics,1780634747,1.0
pod_status_phase_Pending,,coredns-7d764666f9-gmlgd,kube-system,kube-state-metrics,1780634747,0.0
pod_status_phase_Succeeded,,coredns-7d764666f9-gmlgd,kube-system,kube-state-metrics,1780634747,0.0
pod_status_phase_Failed,,coredns-7d764666f9-gmlgd,kube-system,kube-state-metrics,1780634747,0.0
pod_status_phase_Unknown,,coredns-7d764666f9-gmlgd,kube-system,kube-state-metrics,1780634747,0.0
pod_status_phase_Running,,coredns-7d764666f9-gmlgd,kube-system,kube-state-metrics,1780634747,1.0
pod_status_phase_Pending,,checkoutservice-75b9cd684f-mxb57,boutique,kube-state-metrics,1780634747,0.0
pod_status_phase_Succeeded,,checkoutservice-75b9cd684f-mxb57,boutique,kube-state-metrics,1780634747,0.0
pod_status_phase_Failed,,checkoutservice-75b9cd684f-mxb57,boutique,kube-state-metrics,1780634747,0.0
pod_status_phase_Unknown,,checkoutservice-75b9cd684f-mxb57,boutique,kube-state-metrics,1780634747,0.0
pod_status_phase_Running,,checkoutservice-75b9cd684f-mxb57,boutique,kube-state-metrics,1780634747,1.0
pod_status_phase_Pending,,kube-scheduler-minikube,kube-system,kube-state-metrics,1780634747,0.0
pod_status_phase_Succeeded,,kube-scheduler-minikube,kube-system,kube-state-metrics,1780634747,0.0
pod_status_phase_Failed,,kube-scheduler-minikube,kube-system,kube-state-metrics,1780634747,0.0
pod_status_phase_Unknown,,kube-scheduler-minikube,kube-system,kube-state-metrics,1780634747,0.0
pod_status_phase_Running,,kube-scheduler-minikube,kube-system,kube-state-metrics,1780634747,1.0
pod_status_phase_Pending,,emailservice-7466dc585-sv4wh,boutique,kube-state-metrics,1780634747,0.0
pod_status_phase_Succeeded,,emailservice-7466dc585-sv4wh,boutique,kube-state-metrics,1780634747,0.0
pod_status_phase_Failed,,emailservice-7466dc585-sv4wh,boutique,kube-state-metrics,1780634747,0.0
pod_status_phase_Unknown,,emailservice-7466dc585-sv4wh,boutique,kube-state-metrics,1780634747,0.0
pod_status_phase_Running,,emailservice-7466dc585-sv4wh,boutique,kube-state-metrics,1780634747,1.0
pod_status_phase_Pending,,monitoring-kube-prometheus-operator-556b56cc6d-n6dg9,monitoring,kube-state-metrics,1780634747,0.0
pod_status_phase_Succeeded,,monitoring-kube-prometheus-operator-556b56cc6d-n6dg9,monitoring,kube-state-metrics,1780634747,0.0
pod_status_phase_Failed,,monitoring-kube-prometheus-operator-556b56cc6d-n6dg9,monitoring,kube-state-metrics,1780634747,0.0
pod_status_phase_Unknown,,monitoring-kube-prometheus-operator-556b56cc6d-n6dg9,monitoring,kube-state-metrics,1780634747,0.0
pod_status_phase_Running,,monitoring-kube-prometheus-operator-556b56cc6d-n6dg9,monitoring,kube-state-metrics,1780634747,1.0
pod_status_phase_Pending,,recommendationservice-6f8f67d69-fhrns,boutique,kube-state-metrics,1780634747,0.0
pod_status_phase_Succeeded,,recommendationservice-6f8f67d69-fhrns,boutique,kube-state-metrics,1780634747,0.0
pod_status_phase_Failed,,recommendationservice-6f8f67d69-fhrns,boutique,kube-state-metrics,1780634747,0.0
pod_status_phase_Unknown,,recommendationservice-6f8f67d69-fhrns,boutique,kube-state-metrics,1780634747,0.0
pod_status_phase_Running,,recommendationservice-6f8f67d69-fhrns,boutique,kube-state-metrics,1780634747,1.0
pod_status_phase_Pending,,chaos-daemon-n6ghj,chaos-testing,kube-state-metrics,1780634747,0.0
pod_status_phase_Succeeded,,chaos-daemon-n6ghj,chaos-testing,kube-state-metrics,1780634747,0.0
pod_status_phase_Failed,,chaos-daemon-n6ghj,chaos-testing,kube-state-metrics,1780634747,0.0
pod_status_phase_Unknown,,chaos-daemon-n6ghj,chaos-testing,kube-state-metrics,1780634747,0.0
pod_status_phase_Running,,chaos-daemon-n6ghj,chaos-testing,kube-state-metrics,1780634747,1.0
pod_restarts,,productcatalogservice-fb49fc9cc-vbqbl,boutique,server,1780634747,1.0
pod_restarts,,redis-cart-6899b65948-ms767,boutique,redis,1780634747,6.0
pod_restarts,,kube-controller-manager-minikube,kube-system,kube-controller-manager,1780634747,8.0
pod_restarts,,currencyservice-fd8f5dfb7-js8gr,boutique,server,1780634747,11.0
pod_restarts,,kube-proxy-fshvh,kube-system,kube-proxy,1780634747,7.0
pod_restarts,,chaos-controller-manager-659785674d-29q42,chaos-testing,chaos-mesh,1780634747,5.0
pod_restarts,,frontend-694b9f76cd-pskf5,boutique,server,1780634747,1.0
pod_restarts,,monitoring-kube-state-metrics-868694bc4b-689cm,monitoring,kube-state-metrics,1780634747,6.0
pod_restarts,,chaos-controller-manager-659785674d-wbwg8,chaos-testing,chaos-mesh,1780634747,5.0
pod_restarts,,chaos-controller-manager-659785674d-fjb2r,chaos-testing,chaos-mesh,1780634747,5.0
pod_restarts,,paymentservice-6b76dfb449-n8mm2,boutique,server,1780634747,9.0
pod_restarts,,adservice-8576649cff-5bvst,boutique,server,1780634747,8.0
pod_restarts,,cartservice-546c548494-cb4lb,boutique,server,1780634747,6.0
pod_restarts,,monitoring-prometheus-node-exporter-pdw8p,monitoring,node-exporter,1780634747,6.0
pod_restarts,,etcd-minikube,kube-system,etcd,1780634747,7.0
pod_restarts,,coredns-7d764666f9-hxxb8,kube-system,coredns,1780634747,7.0
pod_restarts,,chaos-dns-server-6bccb5bb76-gscmn,chaos-testing,chaos-dns-server,1780634747,5.0
pod_restarts,,kube-apiserver-minikube,kube-system,kube-apiserver,1780634747,7.0
pod_restarts,,prometheus-monitoring-kube-prometheus-prometheus-0,monitoring,config-reloader,1780634747,6.0
pod_restarts,,prometheus-monitoring-kube-prometheus-prometheus-0,monitoring,prometheus,1780634747,6.0
pod_restarts,,storage-provisioner,kube-system,storage-provisioner,1780634747,10.0
pod_restarts,,loadgenerator-7dd458dd5b-p2gm5,boutique,main,1780634747,5.0
pod_restarts,,alertmanager-monitoring-kube-prometheus-alertmanager-0,monitoring,alertmanager,1780634747,6.0
pod_restarts,,alertmanager-monitoring-kube-prometheus-alertmanager-0,monitoring,config-reloader,1780634747,6.0
pod_restarts,,shippingservice-55656785c7-lk4mx,boutique,server,1780634747,8.0
pod_restarts,,chaos-dashboard-5b77585c6c-zm7f4,chaos-testing,chaos-dashboard,1780634747,5.0
pod_restarts,,monitoring-grafana-6f66955c48-hlrcn,monitoring,grafana,1780634747,6.0
pod_restarts,,monitoring-grafana-6f66955c48-hlrcn,monitoring,grafana-sc-dashboard,1780634747,6.0
pod_restarts,,monitoring-grafana-6f66955c48-hlrcn,monitoring,grafana-sc-datasources,1780634747,6.0
pod_restarts,,coredns-7d764666f9-gmlgd,kube-system,coredns,1780634747,7.0
pod_restarts,,checkoutservice-75b9cd684f-mxb57,boutique,server,1780634747,1.0
pod_restarts,,kube-scheduler-minikube,kube-system,kube-scheduler,1780634747,7.0
pod_restarts,,emailservice-7466dc585-sv4wh,boutique,server,1780634747,13.0
pod_restarts,,monitoring-kube-prometheus-operator-556b56cc6d-n6dg9,monitoring,kube-prometheus-stack,1780634747,6.0
pod_restarts,,recommendationservice-6f8f67d69-fhrns,boutique,server,1780634747,12.0
pod_restarts,,chaos-daemon-n6ghj,chaos-testing,chaos-daemon,1780634747,5.0
cpu_rate,minikube,kube-proxy-fshvh,kube-system,/kubepods/besteffort/pod2f4efb93-ee48-4c37-b1e1-6f2e54a917c7,1780634761,0.0006893202965453727
cpu_rate,minikube,monitoring-kube-state-metrics-868694bc4b-689cm,monitoring,/kubepods/besteffort/pod59c52cc8-67e3-4946-aac6-7ff0ef74285f,1780634761,0.0006504045056694916
cpu_rate,minikube,prometheus-monitoring-kube-prometheus-prometheus-0,monitoring,/kubepods/besteffort/pod6bff50b8-f988-4ff2-a8c1-8f95f2c25189,1780634761,0.013456667210706708
cpu_rate,minikube,storage-provisioner,kube-system,/kubepods/besteffort/pod9bffcac8-a0cd-49a4-ad59-cdbf60a579cb,1780634761,0.0010946310319534698
cpu_rate,minikube,monitoring-grafana-6f66955c48-hlrcn,monitoring,/kubepods/besteffort/pod9d3fe3f0-8989-47b4-8478-0ae7be66df8d,1780634761,0.006039249086888879
cpu_rate,minikube,chaos-daemon-n6ghj,chaos-testing,/kubepods/besteffort/poda051be83-a7cd-43e4-83d3-76f3c90e8474,1780634761,5.115732344413403e-07
cpu_rate,minikube,monitoring-kube-prometheus-operator-556b56cc6d-n6dg9,monitoring,/kubepods/besteffort/podc8122519-a592-495f-9353-00a2f23fdf80,1780634761,0.0017904033803798564
cpu_rate,minikube,monitoring-prometheus-node-exporter-pdw8p,monitoring,/kubepods/besteffort/podd35abb3b-34f0-40fa-af55-3ab246fc64c8,1780634761,0.0008135857171990581
cpu_rate,minikube,kube-scheduler-minikube,kube-system,/kubepods/burstable/pod1c7123a121598343200ffd5b015ca580,1780634761,0.00361733881380735
cpu_rate,minikube,shippingservice-55656785c7-lk4mx,boutique,/kubepods/burstable/pod1df51271-c9ea-47fa-8fb2-cf15bbc7c216,1780634761,0.0006170970094821299
cpu_rate,minikube,chaos-controller-manager-659785674d-29q42,chaos-testing,/kubepods/burstable/pod21ab858c-cee8-438c-8682-c786dc3dc044,1780634761,0.0002483833333333332
cpu_rate,minikube,chaos-controller-manager-659785674d-fjb2r,chaos-testing,/kubepods/burstable/pod2569141a-4d05-422e-bcf2-2f01e2f5056d,1780634761,0.00023753903407495988
cpu_rate,minikube,coredns-7d764666f9-hxxb8,kube-system,/kubepods/burstable/pod596c18fb-891c-4e87-9b11-83d99dd6d264,1780634761,0.0015567714060469172
cpu_rate,minikube,recommendationservice-6f8f67d69-fhrns,boutique,/kubepods/burstable/pod5ded7b1a-44d9-4178-8596-57a9e25f6171,1780634761,0.003991624633431086
cpu_rate,minikube,etcd-minikube,kube-system,/kubepods/burstable/pod5ff8e3b06bbaa8cb7ebc2bf531e48a2f,1780634761,0.019714525957096645
cpu_rate,minikube,emailservice-7466dc585-sv4wh,boutique,/kubepods/burstable/pod6116940a-da83-4761-97dc-892a207b789e,1780634761,0.006636057879585382
cpu_rate,minikube,cartservice-546c548494-cb4lb,boutique,/kubepods/burstable/pod6ec732c5-cf34-4e25-a3ce-ff4b44ce8d19,1780634761,0.015690093476107066
cpu_rate,minikube,kube-controller-manager-minikube,kube-system,/kubepods/burstable/pod740363cf4388c2d0df59fc97f96b889c,1780634761,0.011990968187950892
cpu_rate,minikube,chaos-dashboard-5b77585c6c-zm7f4,chaos-testing,/kubepods/burstable/pod7d3e8284-7c72-4577-a8fb-79d957f69104,1780634761,0.0009976854734919252
cpu_rate,minikube,chaos-dns-server-6bccb5bb76-gscmn,chaos-testing,/kubepods/burstable/pod8a82a436-ef3f-4750-8f39-dbfde680d0b8,1780634761,0.0013049598611111109
cpu_rate,minikube,coredns-7d764666f9-gmlgd,kube-system,/kubepods/burstable/pod9289fad3-6e91-4617-b97d-6da4631c2f35,1780634761,0.001525296722368723
cpu_rate,minikube,adservice-8576649cff-5bvst,boutique,/kubepods/burstable/pod9d685cd3-17df-43af-a26e-7743c006902d,1780634761,0.007313039999999997
cpu_rate,minikube,kube-apiserver-minikube,kube-system,/kubepods/burstable/poda6dc00f40d27725f15407f95751ce5f7,1780634761,0.030220089048553632
cpu_rate,minikube,loadgenerator-7dd458dd5b-p2gm5,boutique,/kubepods/burstable/podad2b31a2-cb58-4a8e-9520-6dac05e0ae03,1780634761,0.010370073211481375
cpu_rate,minikube,alertmanager-monitoring-kube-prometheus-alertmanager-0,monitoring,/kubepods/burstable/podb5fde93f-2f9a-427f-aa16-8a257f179975,1780634761,0.002058206604239135
cpu_rate,minikube,currencyservice-fd8f5dfb7-js8gr,boutique,/kubepods/burstable/podc827ec2d-8a9d-4e1c-8017-62c3901eccb4,1780634761,0.0066096916666666655
cpu_rate,minikube,redis-cart-6899b65948-ms767,boutique,/kubepods/burstable/podd425db0f-53f9-4bec-9ee1-49e4ced03bb6,1780634761,0.0012487421674279321
cpu_rate,minikube,chaos-controller-manager-659785674d-wbwg8,chaos-testing,/kubepods/burstable/podd7abbfc2-2af5-4b28-b438-3ebef4bafcce,1780634761,0.0028564218258132212
cpu_rate,minikube,paymentservice-6b76dfb449-n8mm2,boutique,/kubepods/burstable/podd9986049-5066-4a99-a156-0bc7b2391961,1780634761,0.003958721538299159
cpu_rate,minikube,checkoutservice-75b9cd684f-mxb57,boutique,/kubepods/burstable/pod899228c2-a2b5-44fd-93be-9c372e37e8b5,1780634761,0.0004301834117122319
cpu_rate,minikube,frontend-694b9f76cd-pskf5,boutique,/kubepods/burstable/pod4d235b9f-a410-4f2c-99da-80b42ecf7d86,1780634761,0.0068800417716124
cpu_rate,minikube,productcatalogservice-fb49fc9cc-vbqbl,boutique,/kubepods/burstable/pod9b723af0-e450-462a-a20e-b721d0610cf7,1780634761,0.003023344574809669
memory_working_set,minikube,kube-proxy-fshvh,kube-system,/kubepods/besteffort/pod2f4efb93-ee48-4c37-b1e1-6f2e54a917c7,1780634761,37208064.0
memory_working_set,minikube,monitoring-kube-state-metrics-868694bc4b-689cm,monitoring,/kubepods/besteffort/pod59c52cc8-67e3-4946-aac6-7ff0ef74285f,1780634761,39542784.0
memory_working_set,minikube,prometheus-monitoring-kube-prometheus-prometheus-0,monitoring,/kubepods/besteffort/pod6bff50b8-f988-4ff2-a8c1-8f95f2c25189,1780634761,250187776.0
memory_working_set,minikube,storage-provisioner,kube-system,/kubepods/besteffort/pod9bffcac8-a0cd-49a4-ad59-cdbf60a579cb,1780634761,17977344.0
memory_working_set,minikube,monitoring-grafana-6f66955c48-hlrcn,monitoring,/kubepods/besteffort/pod9d3fe3f0-8989-47b4-8478-0ae7be66df8d,1780634761,429842432.0
memory_working_set,minikube,chaos-daemon-n6ghj,chaos-testing,/kubepods/besteffort/poda051be83-a7cd-43e4-83d3-76f3c90e8474,1780634761,24850432.0
memory_working_set,minikube,monitoring-kube-prometheus-operator-556b56cc6d-n6dg9,monitoring,/kubepods/besteffort/podc8122519-a592-495f-9353-00a2f23fdf80,1780634761,40562688.0
memory_working_set,minikube,monitoring-prometheus-node-exporter-pdw8p,monitoring,/kubepods/besteffort/podd35abb3b-34f0-40fa-af55-3ab246fc64c8,1780634761,16773120.0
memory_working_set,minikube,kube-scheduler-minikube,kube-system,/kubepods/burstable/pod1c7123a121598343200ffd5b015ca580,1780634761,38940672.0
memory_working_set,minikube,shippingservice-55656785c7-lk4mx,boutique,/kubepods/burstable/pod1df51271-c9ea-47fa-8fb2-cf15bbc7c216,1780634761,12570624.0
memory_working_set,minikube,chaos-controller-manager-659785674d-29q42,chaos-testing,/kubepods/burstable/pod21ab858c-cee8-438c-8682-c786dc3dc044,1780634761,19451904.0
memory_working_set,minikube,chaos-controller-manager-659785674d-fjb2r,chaos-testing,/kubepods/burstable/pod2569141a-4d05-422e-bcf2-2f01e2f5056d,1780634761,15876096.0
memory_working_set,minikube,coredns-7d764666f9-hxxb8,kube-system,/kubepods/burstable/pod596c18fb-891c-4e87-9b11-83d99dd6d264,1780634761,25468928.0
memory_working_set,minikube,recommendationservice-6f8f67d69-fhrns,boutique,/kubepods/burstable/pod5ded7b1a-44d9-4178-8596-57a9e25f6171,1780634761,52006912.0
memory_working_set,minikube,etcd-minikube,kube-system,/kubepods/burstable/pod5ff8e3b06bbaa8cb7ebc2bf531e48a2f,1780634761,93814784.0
memory_working_set,minikube,emailservice-7466dc585-sv4wh,boutique,/kubepods/burstable/pod6116940a-da83-4761-97dc-892a207b789e,1780634761,52035584.0
memory_working_set,minikube,cartservice-546c548494-cb4lb,boutique,/kubepods/burstable/pod6ec732c5-cf34-4e25-a3ce-ff4b44ce8d19,1780634761,47235072.0
memory_working_set,minikube,kube-controller-manager-minikube,kube-system,/kubepods/burstable/pod740363cf4388c2d0df59fc97f96b889c,1780634761,109686784.0
memory_working_set,minikube,chaos-dashboard-5b77585c6c-zm7f4,chaos-testing,/kubepods/burstable/pod7d3e8284-7c72-4577-a8fb-79d957f69104,1780634761,51322880.0
memory_working_set,minikube,chaos-dns-server-6bccb5bb76-gscmn,chaos-testing,/kubepods/burstable/pod8a82a436-ef3f-4750-8f39-dbfde680d0b8,1780634761,27684864.0
memory_working_set,minikube,coredns-7d764666f9-gmlgd,kube-system,/kubepods/burstable/pod9289fad3-6e91-4617-b97d-6da4631c2f35,1780634761,34828288.0
memory_working_set,minikube,adservice-8576649cff-5bvst,boutique,/kubepods/burstable/pod9d685cd3-17df-43af-a26e-7743c006902d,1780634761,93237248.0
memory_working_set,minikube,kube-apiserver-minikube,kube-system,/kubepods/burstable/poda6dc00f40d27725f15407f95751ce5f7,1780634761,545099776.0
memory_working_set,minikube,loadgenerator-7dd458dd5b-p2gm5,boutique,/kubepods/burstable/podad2b31a2-cb58-4a8e-9520-6dac05e0ae03,1780634761,63356928.0
memory_working_set,minikube,alertmanager-monitoring-kube-prometheus-alertmanager-0,monitoring,/kubepods/burstable/podb5fde93f-2f9a-427f-aa16-8a257f179975,1780634761,39682048.0
memory_working_set,minikube,currencyservice-fd8f5dfb7-js8gr,boutique,/kubepods/burstable/podc827ec2d-8a9d-4e1c-8017-62c3901eccb4,1780634761,39219200.0
memory_working_set,minikube,redis-cart-6899b65948-ms767,boutique,/kubepods/burstable/podd425db0f-53f9-4bec-9ee1-49e4ced03bb6,1780634761,12496896.0
memory_working_set,minikube,chaos-controller-manager-659785674d-wbwg8,chaos-testing,/kubepods/burstable/podd7abbfc2-2af5-4b28-b438-3ebef4bafcce,1780634761,53846016.0
memory_working_set,minikube,paymentservice-6b76dfb449-n8mm2,boutique,/kubepods/burstable/podd9986049-5066-4a99-a156-0bc7b2391961,1780634761,33435648.0
memory_working_set,minikube,checkoutservice-75b9cd684f-mxb57,boutique,/kubepods/burstable/pod899228c2-a2b5-44fd-93be-9c372e37e8b5,1780634761,13230080.0
memory_working_set,minikube,frontend-694b9f76cd-pskf5,boutique,/kubepods/burstable/pod4d235b9f-a410-4f2c-99da-80b42ecf7d86,1780634761,18141184.0
memory_working_set,minikube,productcatalogservice-fb49fc9cc-vbqbl,boutique,/kubepods/burstable/pod9b723af0-e450-462a-a20e-b721d0610cf7,1780634761,15392768.0
memory_rss,minikube,kube-proxy-fshvh,kube-system,/kubepods/besteffort/pod2f4efb93-ee48-4c37-b1e1-6f2e54a917c7,1780634761,17940480.0
memory_rss,minikube,monitoring-kube-state-metrics-868694bc4b-689cm,monitoring,/kubepods/besteffort/pod59c52cc8-67e3-4946-aac6-7ff0ef74285f,1780634761,21131264.0
memory_rss,minikube,prometheus-monitoring-kube-prometheus-prometheus-0,monitoring,/kubepods/besteffort/pod6bff50b8-f988-4ff2-a8c1-8f95f2c25189,1780634761,201654272.0
memory_rss,minikube,storage-provisioner,kube-system,/kubepods/besteffort/pod9bffcac8-a0cd-49a4-ad59-cdbf60a579cb,1780634761,9003008.0
memory_rss,minikube,monitoring-grafana-6f66955c48-hlrcn,monitoring,/kubepods/besteffort/pod9d3fe3f0-8989-47b4-8478-0ae7be66df8d,1780634761,308391936.0
memory_rss,minikube,chaos-daemon-n6ghj,chaos-testing,/kubepods/besteffort/poda051be83-a7cd-43e4-83d3-76f3c90e8474,1780634761,8101888.0
memory_rss,minikube,monitoring-kube-prometheus-operator-556b56cc6d-n6dg9,monitoring,/kubepods/besteffort/podc8122519-a592-495f-9353-00a2f23fdf80,1780634761,21745664.0
memory_rss,minikube,monitoring-prometheus-node-exporter-pdw8p,monitoring,/kubepods/besteffort/podd35abb3b-34f0-40fa-af55-3ab246fc64c8,1780634761,9949184.0
memory_rss,minikube,kube-scheduler-minikube,kube-system,/kubepods/burstable/pod1c7123a121598343200ffd5b015ca580,1780634761,22982656.0
memory_rss,minikube,shippingservice-55656785c7-lk4mx,boutique,/kubepods/burstable/pod1df51271-c9ea-47fa-8fb2-cf15bbc7c216,1780634761,7168000.0
memory_rss,minikube,chaos-controller-manager-659785674d-29q42,chaos-testing,/kubepods/burstable/pod21ab858c-cee8-438c-8682-c786dc3dc044,1780634761,14901248.0
memory_rss,minikube,chaos-controller-manager-659785674d-fjb2r,chaos-testing,/kubepods/burstable/pod2569141a-4d05-422e-bcf2-2f01e2f5056d,1780634761,14393344.0
memory_rss,minikube,coredns-7d764666f9-hxxb8,kube-system,/kubepods/burstable/pod596c18fb-891c-4e87-9b11-83d99dd6d264,1780634761,14884864.0
memory_rss,minikube,recommendationservice-6f8f67d69-fhrns,boutique,/kubepods/burstable/pod5ded7b1a-44d9-4178-8596-57a9e25f6171,1780634761,41271296.0
memory_rss,minikube,etcd-minikube,kube-system,/kubepods/burstable/pod5ff8e3b06bbaa8cb7ebc2bf531e48a2f,1780634761,61513728.0
memory_rss,minikube,emailservice-7466dc585-sv4wh,boutique,/kubepods/burstable/pod6116940a-da83-4761-97dc-892a207b789e,1780634761,42352640.0
memory_rss,minikube,cartservice-546c548494-cb4lb,boutique,/kubepods/burstable/pod6ec732c5-cf34-4e25-a3ce-ff4b44ce8d19,1780634761,15851520.0
memory_rss,minikube,kube-controller-manager-minikube,kube-system,/kubepods/burstable/pod740363cf4388c2d0df59fc97f96b889c,1780634761,83042304.0
memory_rss,minikube,chaos-dashboard-5b77585c6c-zm7f4,chaos-testing,/kubepods/burstable/pod7d3e8284-7c72-4577-a8fb-79d957f69104,1780634761,32137216.0
memory_rss,minikube,chaos-dns-server-6bccb5bb76-gscmn,chaos-testing,/kubepods/burstable/pod8a82a436-ef3f-4750-8f39-dbfde680d0b8,1780634761,12283904.0
memory_rss,minikube,coredns-7d764666f9-gmlgd,kube-system,/kubepods/burstable/pod9289fad3-6e91-4617-b97d-6da4631c2f35,1780634761,14692352.0
memory_rss,minikube,adservice-8576649cff-5bvst,boutique,/kubepods/burstable/pod9d685cd3-17df-43af-a26e-7743c006902d,1780634761,76644352.0
memory_rss,minikube,kube-apiserver-minikube,kube-system,/kubepods/burstable/poda6dc00f40d27725f15407f95751ce5f7,1780634761,510365696.0
memory_rss,minikube,loadgenerator-7dd458dd5b-p2gm5,boutique,/kubepods/burstable/podad2b31a2-cb58-4a8e-9520-6dac05e0ae03,1780634761,54923264.0
memory_rss,minikube,alertmanager-monitoring-kube-prometheus-alertmanager-0,monitoring,/kubepods/burstable/podb5fde93f-2f9a-427f-aa16-8a257f179975,1780634761,23404544.0
memory_rss,minikube,currencyservice-fd8f5dfb7-js8gr,boutique,/kubepods/burstable/podc827ec2d-8a9d-4e1c-8017-62c3901eccb4,1780634761,16875520.0
memory_rss,minikube,redis-cart-6899b65948-ms767,boutique,/kubepods/burstable/podd425db0f-53f9-4bec-9ee1-49e4ced03bb6,1780634761,5562368.0
memory_rss,minikube,chaos-controller-manager-659785674d-wbwg8,chaos-testing,/kubepods/burstable/podd7abbfc2-2af5-4b28-b438-3ebef4bafcce,1780634761,26271744.0
memory_rss,minikube,paymentservice-6b76dfb449-n8mm2,boutique,/kubepods/burstable/podd9986049-5066-4a99-a156-0bc7b2391961,1780634761,14073856.0
memory_rss,minikube,checkoutservice-75b9cd684f-mxb57,boutique,/kubepods/burstable/pod899228c2-a2b5-44fd-93be-9c372e37e8b5,1780634761,7274496.0
memory_rss,minikube,frontend-694b9f76cd-pskf5,boutique,/kubepods/burstable/pod4d235b9f-a410-4f2c-99da-80b42ecf7d86,1780634761,11378688.0
memory_rss,minikube,productcatalogservice-fb49fc9cc-vbqbl,boutique,/kubepods/burstable/pod9b723af0-e450-462a-a20e-b721d0610cf7,1780634761,8335360.0
fs_reads_bytes_rate,minikube,kube-proxy-fshvh,kube-system,/kubepods/besteffort/pod2f4efb93-ee48-4c37-b1e1-6f2e54a917c7,1780634761,2784.5750861468428
fs_reads_bytes_rate,minikube,monitoring-kube-state-metrics-868694bc4b-689cm,monitoring,/kubepods/besteffort/pod59c52cc8-67e3-4946-aac6-7ff0ef74285f,1780634761,1444.5501277105086
fs_reads_bytes_rate,minikube,prometheus-monitoring-kube-prometheus-prometheus-0,monitoring,/kubepods/besteffort/pod6bff50b8-f988-4ff2-a8c1-8f95f2c25189,1780634761,302121.66289724637
fs_reads_bytes_rate,minikube,storage-provisioner,kube-system,/kubepods/besteffort/pod9bffcac8-a0cd-49a4-ad59-cdbf60a579cb,1780634761,6220.358068948418
fs_reads_bytes_rate,minikube,monitoring-grafana-6f66955c48-hlrcn,monitoring,/kubepods/besteffort/pod9d3fe3f0-8989-47b4-8478-0ae7be66df8d,1780634761,19751.822222222218
fs_reads_bytes_rate,minikube,chaos-daemon-n6ghj,chaos-testing,/kubepods/besteffort/poda051be83-a7cd-43e4-83d3-76f3c90e8474,1780634761,0.0
fs_reads_bytes_rate,minikube,monitoring-kube-prometheus-operator-556b56cc6d-n6dg9,monitoring,/kubepods/besteffort/podc8122519-a592-495f-9353-00a2f23fdf80,1780634761,847.5344136609166
fs_reads_bytes_rate,minikube,monitoring-prometheus-node-exporter-pdw8p,monitoring,/kubepods/besteffort/podd35abb3b-34f0-40fa-af55-3ab246fc64c8,1780634761,7290.012792228259
fs_reads_bytes_rate,minikube,kube-scheduler-minikube,kube-system,/kubepods/burstable/pod1c7123a121598343200ffd5b015ca580,1780634761,0.0
fs_reads_bytes_rate,minikube,shippingservice-55656785c7-lk4mx,boutique,/kubepods/burstable/pod1df51271-c9ea-47fa-8fb2-cf15bbc7c216,1780634761,8644.123510819354
fs_reads_bytes_rate,minikube,chaos-controller-manager-659785674d-29q42,chaos-testing,/kubepods/burstable/pod21ab858c-cee8-438c-8682-c786dc3dc044,1780634761,0.0
fs_reads_bytes_rate,minikube,chaos-controller-manager-659785674d-fjb2r,chaos-testing,/kubepods/burstable/pod2569141a-4d05-422e-bcf2-2f01e2f5056d,1780634761,0.0
fs_reads_bytes_rate,minikube,coredns-7d764666f9-hxxb8,kube-system,/kubepods/burstable/pod596c18fb-891c-4e87-9b11-83d99dd6d264,1780634761,3185.645789063243
fs_reads_bytes_rate,minikube,recommendationservice-6f8f67d69-fhrns,boutique,/kubepods/burstable/pod5ded7b1a-44d9-4178-8596-57a9e25f6171,1780634761,3219.1436950146626
fs_reads_bytes_rate,minikube,etcd-minikube,kube-system,/kubepods/burstable/pod5ff8e3b06bbaa8cb7ebc2bf531e48a2f,1780634761,4213.185360046896
fs_reads_bytes_rate,minikube,emailservice-7466dc585-sv4wh,boutique,/kubepods/burstable/pod6116940a-da83-4761-97dc-892a207b789e,1780634761,133792.366963412
fs_reads_bytes_rate,minikube,cartservice-546c548494-cb4lb,boutique,/kubepods/burstable/pod6ec732c5-cf34-4e25-a3ce-ff4b44ce8d19,1780634761,25535.788397777207
fs_reads_bytes_rate,minikube,kube-controller-manager-minikube,kube-system,/kubepods/burstable/pod740363cf4388c2d0df59fc97f96b889c,1780634761,45.67197796683876
fs_reads_bytes_rate,minikube,chaos-dashboard-5b77585c6c-zm7f4,chaos-testing,/kubepods/burstable/pod7d3e8284-7c72-4577-a8fb-79d957f69104,1780634761,0.0
fs_reads_bytes_rate,minikube,chaos-dns-server-6bccb5bb76-gscmn,chaos-testing,/kubepods/burstable/pod8a82a436-ef3f-4750-8f39-dbfde680d0b8,1780634761,44.83935603061494
fs_reads_bytes_rate,minikube,coredns-7d764666f9-gmlgd,kube-system,/kubepods/burstable/pod9289fad3-6e91-4617-b97d-6da4631c2f35,1780634761,1864.9756212897144
fs_reads_bytes_rate,minikube,adservice-8576649cff-5bvst,boutique,/kubepods/burstable/pod9d685cd3-17df-43af-a26e-7743c006902d,1780634761,21258.24
fs_reads_bytes_rate,minikube,kube-apiserver-minikube,kube-system,/kubepods/burstable/poda6dc00f40d27725f15407f95751ce5f7,1780634761,1437.5911196713516
fs_reads_bytes_rate,minikube,loadgenerator-7dd458dd5b-p2gm5,boutique,/kubepods/burstable/podad2b31a2-cb58-4a8e-9520-6dac05e0ae03,1780634761,385679.36
fs_reads_bytes_rate,minikube,alertmanager-monitoring-kube-prometheus-alertmanager-0,monitoring,/kubepods/burstable/podb5fde93f-2f9a-427f-aa16-8a257f179975,1780634761,223215.7523784877
fs_reads_bytes_rate,minikube,currencyservice-fd8f5dfb7-js8gr,boutique,/kubepods/burstable/podc827ec2d-8a9d-4e1c-8017-62c3901eccb4,1780634761,3703.4666666666662
fs_reads_bytes_rate,minikube,redis-cart-6899b65948-ms767,boutique,/kubepods/burstable/podd425db0f-53f9-4bec-9ee1-49e4ced03bb6,1780634761,0.0
fs_reads_bytes_rate,minikube,chaos-controller-manager-659785674d-wbwg8,chaos-testing,/kubepods/burstable/podd7abbfc2-2af5-4b28-b438-3ebef4bafcce,1780634761,21189.171038824763
fs_reads_bytes_rate,minikube,paymentservice-6b76dfb449-n8mm2,boutique,/kubepods/burstable/podd9986049-5066-4a99-a156-0bc7b2391961,1780634761,76717.22046843666
fs_reads_bytes_rate,minikube,checkoutservice-75b9cd684f-mxb57,boutique,/kubepods/burstable/pod899228c2-a2b5-44fd-93be-9c372e37e8b5,1780634761,1628.6704421791371
fs_reads_bytes_rate,minikube,frontend-694b9f76cd-pskf5,boutique,/kubepods/burstable/pod4d235b9f-a410-4f2c-99da-80b42ecf7d86,1780634761,4266.438544720603
fs_reads_bytes_rate,minikube,productcatalogservice-fb49fc9cc-vbqbl,boutique,/kubepods/burstable/pod9b723af0-e450-462a-a20e-b721d0610cf7,1780634761,4714.796340798482
fs_writes_bytes_rate,minikube,kube-proxy-fshvh,kube-system,/kubepods/besteffort/pod2f4efb93-ee48-4c37-b1e1-6f2e54a917c7,1780634761,0.0
fs_writes_bytes_rate,minikube,monitoring-kube-state-metrics-868694bc4b-689cm,monitoring,/kubepods/besteffort/pod59c52cc8-67e3-4946-aac6-7ff0ef74285f,1780634761,0.0
fs_writes_bytes_rate,minikube,prometheus-monitoring-kube-prometheus-prometheus-0,monitoring,/kubepods/besteffort/pod6bff50b8-f988-4ff2-a8c1-8f95f2c25189,1780634761,9774.032925303301
fs_writes_bytes_rate,minikube,storage-provisioner,kube-system,/kubepods/besteffort/pod9bffcac8-a0cd-49a4-ad59-cdbf60a579cb,1780634761,0.0
fs_writes_bytes_rate,minikube,monitoring-grafana-6f66955c48-hlrcn,monitoring,/kubepods/besteffort/pod9d3fe3f0-8989-47b4-8478-0ae7be66df8d,1780634761,716.7999999999998
fs_writes_bytes_rate,minikube,chaos-daemon-n6ghj,chaos-testing,/kubepods/besteffort/poda051be83-a7cd-43e4-83d3-76f3c90e8474,1780634761,0.0
fs_writes_bytes_rate,minikube,monitoring-kube-prometheus-operator-556b56cc6d-n6dg9,monitoring,/kubepods/besteffort/podc8122519-a592-495f-9353-00a2f23fdf80,1780634761,0.0
fs_writes_bytes_rate,minikube,monitoring-prometheus-node-exporter-pdw8p,monitoring,/kubepods/besteffort/podd35abb3b-34f0-40fa-af55-3ab246fc64c8,1780634761,0.0
fs_writes_bytes_rate,minikube,kube-scheduler-minikube,kube-system,/kubepods/burstable/pod1c7123a121598343200ffd5b015ca580,1780634761,0.0
fs_writes_bytes_rate,minikube,shippingservice-55656785c7-lk4mx,boutique,/kubepods/burstable/pod1df51271-c9ea-47fa-8fb2-cf15bbc7c216,1780634761,0.0
fs_writes_bytes_rate,minikube,chaos-controller-manager-659785674d-29q42,chaos-testing,/kubepods/burstable/pod21ab858c-cee8-438c-8682-c786dc3dc044,1780634761,0.0
fs_writes_bytes_rate,minikube,chaos-controller-manager-659785674d-fjb2r,chaos-testing,/kubepods/burstable/pod2569141a-4d05-422e-bcf2-2f01e2f5056d,1780634761,0.0
fs_writes_bytes_rate,minikube,coredns-7d764666f9-hxxb8,kube-system,/kubepods/burstable/pod596c18fb-891c-4e87-9b11-83d99dd6d264,1780634761,0.0
fs_writes_bytes_rate,minikube,recommendationservice-6f8f67d69-fhrns,boutique,/kubepods/burstable/pod5ded7b1a-44d9-4178-8596-57a9e25f6171,1780634761,0.0
fs_writes_bytes_rate,minikube,etcd-minikube,kube-system,/kubepods/burstable/pod5ff8e3b06bbaa8cb7ebc2bf531e48a2f,1780634761,68965.17997034224
fs_writes_bytes_rate,minikube,emailservice-7466dc585-sv4wh,boutique,/kubepods/burstable/pod6116940a-da83-4761-97dc-892a207b789e,1780634761,0.0
fs_writes_bytes_rate,minikube,cartservice-546c548494-cb4lb,boutique,/kubepods/burstable/pod6ec732c5-cf34-4e25-a3ce-ff4b44ce8d19,1780634761,0.0
fs_writes_bytes_rate,minikube,kube-controller-manager-minikube,kube-system,/kubepods/burstable/pod740363cf4388c2d0df59fc97f96b889c,1780634761,0.0
fs_writes_bytes_rate,minikube,chaos-dashboard-5b77585c6c-zm7f4,chaos-testing,/kubepods/burstable/pod7d3e8284-7c72-4577-a8fb-79d957f69104,1780634761,0.0
fs_writes_bytes_rate,minikube,chaos-dns-server-6bccb5bb76-gscmn,chaos-testing,/kubepods/burstable/pod8a82a436-ef3f-4750-8f39-dbfde680d0b8,1780634761,0.0
fs_writes_bytes_rate,minikube,coredns-7d764666f9-gmlgd,kube-system,/kubepods/burstable/pod9289fad3-6e91-4617-b97d-6da4631c2f35,1780634761,0.0
fs_writes_bytes_rate,minikube,adservice-8576649cff-5bvst,boutique,/kubepods/burstable/pod9d685cd3-17df-43af-a26e-7743c006902d,1780634761,0.0
fs_writes_bytes_rate,minikube,kube-apiserver-minikube,kube-system,/kubepods/burstable/poda6dc00f40d27725f15407f95751ce5f7,1780634761,0.0
fs_writes_bytes_rate,minikube,loadgenerator-7dd458dd5b-p2gm5,boutique,/kubepods/burstable/podad2b31a2-cb58-4a8e-9520-6dac05e0ae03,1780634761,0.0
fs_writes_bytes_rate,minikube,alertmanager-monitoring-kube-prometheus-alertmanager-0,monitoring,/kubepods/burstable/podb5fde93f-2f9a-427f-aa16-8a257f179975,1780634761,0.0
fs_writes_bytes_rate,minikube,currencyservice-fd8f5dfb7-js8gr,boutique,/kubepods/burstable/podc827ec2d-8a9d-4e1c-8017-62c3901eccb4,1780634761,0.0
fs_writes_bytes_rate,minikube,redis-cart-6899b65948-ms767,boutique,/kubepods/burstable/podd425db0f-53f9-4bec-9ee1-49e4ced03bb6,1780634761,0.0
fs_writes_bytes_rate,minikube,chaos-controller-manager-659785674d-wbwg8,chaos-testing,/kubepods/burstable/podd7abbfc2-2af5-4b28-b438-3ebef4bafcce,1780634761,0.0
fs_writes_bytes_rate,minikube,paymentservice-6b76dfb449-n8mm2,boutique,/kubepods/burstable/podd9986049-5066-4a99-a156-0bc7b2391961,1780634761,0.0
fs_writes_bytes_rate,minikube,checkoutservice-75b9cd684f-mxb57,boutique,/kubepods/burstable/pod899228c2-a2b5-44fd-93be-9c372e37e8b5,1780634761,0.0
fs_writes_bytes_rate,minikube,frontend-694b9f76cd-pskf5,boutique,/kubepods/burstable/pod4d235b9f-a410-4f2c-99da-80b42ecf7d86,1780634761,0.0
fs_writes_bytes_rate,minikube,productcatalogservice-fb49fc9cc-vbqbl,boutique,/kubepods/burstable/pod9b723af0-e450-462a-a20e-b721d0610cf7,1780634761,0.0
fs_reads_total,minikube,kube-proxy-fshvh,kube-system,/kubepods/besteffort/pod2f4efb93-ee48-4c37-b1e1-6f2e54a917c7,1780634761,519.0
fs_reads_total,minikube,monitoring-kube-state-metrics-868694bc4b-689cm,monitoring,/kubepods/besteffort/pod59c52cc8-67e3-4946-aac6-7ff0ef74285f,1780634761,522.0
fs_reads_total,minikube,prometheus-monitoring-kube-prometheus-prometheus-0,monitoring,/kubepods/besteffort/pod6bff50b8-f988-4ff2-a8c1-8f95f2c25189,1780634761,2656.0
fs_reads_total,minikube,storage-provisioner,kube-system,/kubepods/besteffort/pod9bffcac8-a0cd-49a4-ad59-cdbf60a579cb,1780634761,270.0
fs_reads_total,minikube,monitoring-grafana-6f66955c48-hlrcn,monitoring,/kubepods/besteffort/pod9d3fe3f0-8989-47b4-8478-0ae7be66df8d,1780634761,5859.0
fs_reads_total,minikube,chaos-daemon-n6ghj,chaos-testing,/kubepods/besteffort/poda051be83-a7cd-43e4-83d3-76f3c90e8474,1780634761,476.0
fs_reads_total,minikube,monitoring-kube-prometheus-operator-556b56cc6d-n6dg9,monitoring,/kubepods/besteffort/podc8122519-a592-495f-9353-00a2f23fdf80,1780634761,527.0
fs_reads_total,minikube,monitoring-prometheus-node-exporter-pdw8p,monitoring,/kubepods/besteffort/podd35abb3b-34f0-40fa-af55-3ab246fc64c8,1780634761,191.0
fs_reads_total,minikube,kube-scheduler-minikube,kube-system,/kubepods/burstable/pod1c7123a121598343200ffd5b015ca580,1780634761,462.0
fs_reads_total,minikube,shippingservice-55656785c7-lk4mx,boutique,/kubepods/burstable/pod1df51271-c9ea-47fa-8fb2-cf15bbc7c216,1780634761,156.0
fs_reads_total,minikube,chaos-controller-manager-659785674d-29q42,chaos-testing,/kubepods/burstable/pod21ab858c-cee8-438c-8682-c786dc3dc044,1780634761,140.0
fs_reads_total,minikube,chaos-controller-manager-659785674d-fjb2r,chaos-testing,/kubepods/burstable/pod2569141a-4d05-422e-bcf2-2f01e2f5056d,1780634761,4.0
fs_reads_total,minikube,coredns-7d764666f9-hxxb8,kube-system,/kubepods/burstable/pod596c18fb-891c-4e87-9b11-83d99dd6d264,1780634761,330.0
fs_reads_total,minikube,recommendationservice-6f8f67d69-fhrns,boutique,/kubepods/burstable/pod5ded7b1a-44d9-4178-8596-57a9e25f6171,1780634761,907.0
fs_reads_total,minikube,etcd-minikube,kube-system,/kubepods/burstable/pod5ff8e3b06bbaa8cb7ebc2bf531e48a2f,1780634761,1643.0
fs_reads_total,minikube,emailservice-7466dc585-sv4wh,boutique,/kubepods/burstable/pod6116940a-da83-4761-97dc-892a207b789e,1780634761,920.0
fs_reads_total,minikube,cartservice-546c548494-cb4lb,boutique,/kubepods/burstable/pod6ec732c5-cf34-4e25-a3ce-ff4b44ce8d19,1780634761,313.0
fs_reads_total,minikube,kube-controller-manager-minikube,kube-system,/kubepods/burstable/pod740363cf4388c2d0df59fc97f96b889c,1780634761,691.0
fs_reads_total,minikube,chaos-dashboard-5b77585c6c-zm7f4,chaos-testing,/kubepods/burstable/pod7d3e8284-7c72-4577-a8fb-79d957f69104,1780634761,741.0
fs_reads_total,minikube,chaos-dns-server-6bccb5bb76-gscmn,chaos-testing,/kubepods/burstable/pod8a82a436-ef3f-4750-8f39-dbfde680d0b8,1780634761,416.0
fs_reads_total,minikube,coredns-7d764666f9-gmlgd,kube-system,/kubepods/burstable/pod9289fad3-6e91-4617-b97d-6da4631c2f35,1780634761,498.0
fs_reads_total,minikube,adservice-8576649cff-5bvst,boutique,/kubepods/burstable/pod9d685cd3-17df-43af-a26e-7743c006902d,1780634761,1967.0
fs_reads_total,minikube,kube-apiserver-minikube,kube-system,/kubepods/burstable/poda6dc00f40d27725f15407f95751ce5f7,1780634761,892.0
fs_reads_total,minikube,loadgenerator-7dd458dd5b-p2gm5,boutique,/kubepods/burstable/podad2b31a2-cb58-4a8e-9520-6dac05e0ae03,1780634761,1158.0
fs_reads_total,minikube,alertmanager-monitoring-kube-prometheus-alertmanager-0,monitoring,/kubepods/burstable/podb5fde93f-2f9a-427f-aa16-8a257f179975,1780634761,640.0
fs_reads_total,minikube,currencyservice-fd8f5dfb7-js8gr,boutique,/kubepods/burstable/podc827ec2d-8a9d-4e1c-8017-62c3901eccb4,1780634761,876.0
fs_reads_total,minikube,redis-cart-6899b65948-ms767,boutique,/kubepods/burstable/podd425db0f-53f9-4bec-9ee1-49e4ced03bb6,1780634761,250.0
fs_reads_total,minikube,chaos-controller-manager-659785674d-wbwg8,chaos-testing,/kubepods/burstable/podd7abbfc2-2af5-4b28-b438-3ebef4bafcce,1780634761,562.0
fs_reads_total,minikube,paymentservice-6b76dfb449-n8mm2,boutique,/kubepods/burstable/podd9986049-5066-4a99-a156-0bc7b2391961,1780634761,727.0
fs_reads_total,minikube,checkoutservice-75b9cd684f-mxb57,boutique,/kubepods/burstable/pod899228c2-a2b5-44fd-93be-9c372e37e8b5,1780634761,173.0
fs_reads_total,minikube,frontend-694b9f76cd-pskf5,boutique,/kubepods/burstable/pod4d235b9f-a410-4f2c-99da-80b42ecf7d86,1780634761,211.0
fs_reads_total,minikube,productcatalogservice-fb49fc9cc-vbqbl,boutique,/kubepods/burstable/pod9b723af0-e450-462a-a20e-b721d0610cf7,1780634761,224.0
fs_writes_total,minikube,kube-proxy-fshvh,kube-system,/kubepods/besteffort/pod2f4efb93-ee48-4c37-b1e1-6f2e54a917c7,1780634761,0.0
fs_writes_total,minikube,monitoring-kube-state-metrics-868694bc4b-689cm,monitoring,/kubepods/besteffort/pod59c52cc8-67e3-4946-aac6-7ff0ef74285f,1780634761,0.0
fs_writes_total,minikube,prometheus-monitoring-kube-prometheus-prometheus-0,monitoring,/kubepods/besteffort/pod6bff50b8-f988-4ff2-a8c1-8f95f2c25189,1780634761,30.0
fs_writes_total,minikube,storage-provisioner,kube-system,/kubepods/besteffort/pod9bffcac8-a0cd-49a4-ad59-cdbf60a579cb,1780634761,0.0
fs_writes_total,minikube,monitoring-grafana-6f66955c48-hlrcn,monitoring,/kubepods/besteffort/pod9d3fe3f0-8989-47b4-8478-0ae7be66df8d,1780634761,78.0
fs_writes_total,minikube,chaos-daemon-n6ghj,chaos-testing,/kubepods/besteffort/poda051be83-a7cd-43e4-83d3-76f3c90e8474,1780634761,0.0
fs_writes_total,minikube,monitoring-kube-prometheus-operator-556b56cc6d-n6dg9,monitoring,/kubepods/besteffort/podc8122519-a592-495f-9353-00a2f23fdf80,1780634761,0.0
fs_writes_total,minikube,monitoring-prometheus-node-exporter-pdw8p,monitoring,/kubepods/besteffort/podd35abb3b-34f0-40fa-af55-3ab246fc64c8,1780634761,0.0
fs_writes_total,minikube,kube-scheduler-minikube,kube-system,/kubepods/burstable/pod1c7123a121598343200ffd5b015ca580,1780634761,0.0
fs_writes_total,minikube,shippingservice-55656785c7-lk4mx,boutique,/kubepods/burstable/pod1df51271-c9ea-47fa-8fb2-cf15bbc7c216,1780634761,0.0
fs_writes_total,minikube,chaos-controller-manager-659785674d-29q42,chaos-testing,/kubepods/burstable/pod21ab858c-cee8-438c-8682-c786dc3dc044,1780634761,0.0
fs_writes_total,minikube,chaos-controller-manager-659785674d-fjb2r,chaos-testing,/kubepods/burstable/pod2569141a-4d05-422e-bcf2-2f01e2f5056d,1780634761,0.0
fs_writes_total,minikube,coredns-7d764666f9-hxxb8,kube-system,/kubepods/burstable/pod596c18fb-891c-4e87-9b11-83d99dd6d264,1780634761,0.0
fs_writes_total,minikube,recommendationservice-6f8f67d69-fhrns,boutique,/kubepods/burstable/pod5ded7b1a-44d9-4178-8596-57a9e25f6171,1780634761,0.0
fs_writes_total,minikube,etcd-minikube,kube-system,/kubepods/burstable/pod5ff8e3b06bbaa8cb7ebc2bf531e48a2f,1780634761,3016.0
fs_writes_total,minikube,emailservice-7466dc585-sv4wh,boutique,/kubepods/burstable/pod6116940a-da83-4761-97dc-892a207b789e,1780634761,0.0
fs_writes_total,minikube,cartservice-546c548494-cb4lb,boutique,/kubepods/burstable/pod6ec732c5-cf34-4e25-a3ce-ff4b44ce8d19,1780634761,0.0
fs_writes_total,minikube,kube-controller-manager-minikube,kube-system,/kubepods/burstable/pod740363cf4388c2d0df59fc97f96b889c,1780634761,0.0
fs_writes_total,minikube,chaos-dashboard-5b77585c6c-zm7f4,chaos-testing,/kubepods/burstable/pod7d3e8284-7c72-4577-a8fb-79d957f69104,1780634761,0.0
fs_writes_total,minikube,chaos-dns-server-6bccb5bb76-gscmn,chaos-testing,/kubepods/burstable/pod8a82a436-ef3f-4750-8f39-dbfde680d0b8,1780634761,0.0
fs_writes_total,minikube,coredns-7d764666f9-gmlgd,kube-system,/kubepods/burstable/pod9289fad3-6e91-4617-b97d-6da4631c2f35,1780634761,0.0
fs_writes_total,minikube,adservice-8576649cff-5bvst,boutique,/kubepods/burstable/pod9d685cd3-17df-43af-a26e-7743c006902d,1780634761,0.0
fs_writes_total,minikube,kube-apiserver-minikube,kube-system,/kubepods/burstable/poda6dc00f40d27725f15407f95751ce5f7,1780634761,0.0
fs_writes_total,minikube,loadgenerator-7dd458dd5b-p2gm5,boutique,/kubepods/burstable/podad2b31a2-cb58-4a8e-9520-6dac05e0ae03,1780634761,0.0
fs_writes_total,minikube,alertmanager-monitoring-kube-prometheus-alertmanager-0,monitoring,/kubepods/burstable/podb5fde93f-2f9a-427f-aa16-8a257f179975,1780634761,0.0
fs_writes_total,minikube,currencyservice-fd8f5dfb7-js8gr,boutique,/kubepods/burstable/podc827ec2d-8a9d-4e1c-8017-62c3901eccb4,1780634761,0.0
fs_writes_total,minikube,redis-cart-6899b65948-ms767,boutique,/kubepods/burstable/podd425db0f-53f9-4bec-9ee1-49e4ced03bb6,1780634761,0.0
fs_writes_total,minikube,chaos-controller-manager-659785674d-wbwg8,chaos-testing,/kubepods/burstable/podd7abbfc2-2af5-4b28-b438-3ebef4bafcce,1780634761,0.0
fs_writes_total,minikube,paymentservice-6b76dfb449-n8mm2,boutique,/kubepods/burstable/podd9986049-5066-4a99-a156-0bc7b2391961,1780634761,0.0
fs_writes_total,minikube,checkoutservice-75b9cd684f-mxb57,boutique,/kubepods/burstable/pod899228c2-a2b5-44fd-93be-9c372e37e8b5,1780634761,0.0
fs_writes_total,minikube,frontend-694b9f76cd-pskf5,boutique,/kubepods/burstable/pod4d235b9f-a410-4f2c-99da-80b42ecf7d86,1780634761,0.0
fs_writes_total,minikube,productcatalogservice-fb49fc9cc-vbqbl,boutique,/kubepods/burstable/pod9b723af0-e450-462a-a20e-b721d0610cf7,1780634761,0.0
pod_status_phase_Pending,,productcatalogservice-fb49fc9cc-vbqbl,boutique,kube-state-metrics,1780634761,0.0
pod_status_phase_Succeeded,,productcatalogservice-fb49fc9cc-vbqbl,boutique,kube-state-metrics,1780634761,0.0
pod_status_phase_Failed,,productcatalogservice-fb49fc9cc-vbqbl,boutique,kube-state-metrics,1780634761,0.0
pod_status_phase_Unknown,,productcatalogservice-fb49fc9cc-vbqbl,boutique,kube-state-metrics,1780634761,0.0
pod_status_phase_Running,,productcatalogservice-fb49fc9cc-vbqbl,boutique,kube-state-metrics,1780634761,1.0
pod_status_phase_Pending,,redis-cart-6899b65948-ms767,boutique,kube-state-metrics,1780634761,0.0
pod_status_phase_Succeeded,,redis-cart-6899b65948-ms767,boutique,kube-state-metrics,1780634761,0.0
pod_status_phase_Failed,,redis-cart-6899b65948-ms767,boutique,kube-state-metrics,1780634761,0.0
pod_status_phase_Unknown,,redis-cart-6899b65948-ms767,boutique,kube-state-metrics,1780634761,0.0
pod_status_phase_Running,,redis-cart-6899b65948-ms767,boutique,kube-state-metrics,1780634761,1.0
pod_status_phase_Pending,,kube-controller-manager-minikube,kube-system,kube-state-metrics,1780634761,0.0
pod_status_phase_Succeeded,,kube-controller-manager-minikube,kube-system,kube-state-metrics,1780634761,0.0
pod_status_phase_Failed,,kube-controller-manager-minikube,kube-system,kube-state-metrics,1780634761,0.0
pod_status_phase_Unknown,,kube-controller-manager-minikube,kube-system,kube-state-metrics,1780634761,0.0
pod_status_phase_Running,,kube-controller-manager-minikube,kube-system,kube-state-metrics,1780634761,1.0
pod_status_phase_Pending,,currencyservice-fd8f5dfb7-js8gr,boutique,kube-state-metrics,1780634761,0.0
pod_status_phase_Succeeded,,currencyservice-fd8f5dfb7-js8gr,boutique,kube-state-metrics,1780634761,0.0
pod_status_phase_Failed,,currencyservice-fd8f5dfb7-js8gr,boutique,kube-state-metrics,1780634761,0.0
pod_status_phase_Unknown,,currencyservice-fd8f5dfb7-js8gr,boutique,kube-state-metrics,1780634761,0.0
pod_status_phase_Running,,currencyservice-fd8f5dfb7-js8gr,boutique,kube-state-metrics,1780634761,1.0
pod_status_phase_Pending,,kube-proxy-fshvh,kube-system,kube-state-metrics,1780634761,0.0
pod_status_phase_Succeeded,,kube-proxy-fshvh,kube-system,kube-state-metrics,1780634761,0.0
pod_status_phase_Failed,,kube-proxy-fshvh,kube-system,kube-state-metrics,1780634761,0.0
pod_status_phase_Unknown,,kube-proxy-fshvh,kube-system,kube-state-metrics,1780634761,0.0
pod_status_phase_Running,,kube-proxy-fshvh,kube-system,kube-state-metrics,1780634761,1.0
pod_status_phase_Pending,,chaos-controller-manager-659785674d-29q42,chaos-testing,kube-state-metrics,1780634761,0.0
pod_status_phase_Succeeded,,chaos-controller-manager-659785674d-29q42,chaos-testing,kube-state-metrics,1780634761,0.0
pod_status_phase_Failed,,chaos-controller-manager-659785674d-29q42,chaos-testing,kube-state-metrics,1780634761,0.0
pod_status_phase_Unknown,,chaos-controller-manager-659785674d-29q42,chaos-testing,kube-state-metrics,1780634761,0.0
pod_status_phase_Running,,chaos-controller-manager-659785674d-29q42,chaos-testing,kube-state-metrics,1780634761,1.0
pod_status_phase_Pending,,frontend-694b9f76cd-pskf5,boutique,kube-state-metrics,1780634761,0.0
pod_status_phase_Succeeded,,frontend-694b9f76cd-pskf5,boutique,kube-state-metrics,1780634761,0.0
pod_status_phase_Failed,,frontend-694b9f76cd-pskf5,boutique,kube-state-metrics,1780634761,0.0
pod_status_phase_Unknown,,frontend-694b9f76cd-pskf5,boutique,kube-state-metrics,1780634761,0.0
pod_status_phase_Running,,frontend-694b9f76cd-pskf5,boutique,kube-state-metrics,1780634761,1.0
pod_status_phase_Pending,,monitoring-kube-state-metrics-868694bc4b-689cm,monitoring,kube-state-metrics,1780634761,0.0
pod_status_phase_Succeeded,,monitoring-kube-state-metrics-868694bc4b-689cm,monitoring,kube-state-metrics,1780634761,0.0
pod_status_phase_Failed,,monitoring-kube-state-metrics-868694bc4b-689cm,monitoring,kube-state-metrics,1780634761,0.0
pod_status_phase_Unknown,,monitoring-kube-state-metrics-868694bc4b-689cm,monitoring,kube-state-metrics,1780634761,0.0
pod_status_phase_Running,,monitoring-kube-state-metrics-868694bc4b-689cm,monitoring,kube-state-metrics,1780634761,1.0
pod_status_phase_Pending,,chaos-controller-manager-659785674d-wbwg8,chaos-testing,kube-state-metrics,1780634761,0.0
pod_status_phase_Succeeded,,chaos-controller-manager-659785674d-wbwg8,chaos-testing,kube-state-metrics,1780634761,0.0
pod_status_phase_Failed,,chaos-controller-manager-659785674d-wbwg8,chaos-testing,kube-state-metrics,1780634761,0.0
pod_status_phase_Unknown,,chaos-controller-manager-659785674d-wbwg8,chaos-testing,kube-state-metrics,1780634761,0.0
pod_status_phase_Running,,chaos-controller-manager-659785674d-wbwg8,chaos-testing,kube-state-metrics,1780634761,1.0
pod_status_phase_Pending,,chaos-controller-manager-659785674d-fjb2r,chaos-testing,kube-state-metrics,1780634761,0.0
pod_status_phase_Succeeded,,chaos-controller-manager-659785674d-fjb2r,chaos-testing,kube-state-metrics,1780634761,0.0
pod_status_phase_Failed,,chaos-controller-manager-659785674d-fjb2r,chaos-testing,kube-state-metrics,1780634761,0.0
pod_status_phase_Unknown,,chaos-controller-manager-659785674d-fjb2r,chaos-testing,kube-state-metrics,1780634761,0.0
pod_status_phase_Running,,chaos-controller-manager-659785674d-fjb2r,chaos-testing,kube-state-metrics,1780634761,1.0
pod_status_phase_Pending,,paymentservice-6b76dfb449-n8mm2,boutique,kube-state-metrics,1780634761,0.0
pod_status_phase_Succeeded,,paymentservice-6b76dfb449-n8mm2,boutique,kube-state-metrics,1780634761,0.0
pod_status_phase_Failed,,paymentservice-6b76dfb449-n8mm2,boutique,kube-state-metrics,1780634761,0.0
pod_status_phase_Unknown,,paymentservice-6b76dfb449-n8mm2,boutique,kube-state-metrics,1780634761,0.0
pod_status_phase_Running,,paymentservice-6b76dfb449-n8mm2,boutique,kube-state-metrics,1780634761,1.0
pod_status_phase_Pending,,adservice-8576649cff-5bvst,boutique,kube-state-metrics,1780634761,0.0
pod_status_phase_Succeeded,,adservice-8576649cff-5bvst,boutique,kube-state-metrics,1780634761,0.0
pod_status_phase_Failed,,adservice-8576649cff-5bvst,boutique,kube-state-metrics,1780634761,0.0
pod_status_phase_Unknown,,adservice-8576649cff-5bvst,boutique,kube-state-metrics,1780634761,0.0
pod_status_phase_Running,,adservice-8576649cff-5bvst,boutique,kube-state-metrics,1780634761,1.0
pod_status_phase_Pending,,cartservice-546c548494-cb4lb,boutique,kube-state-metrics,1780634761,0.0
pod_status_phase_Succeeded,,cartservice-546c548494-cb4lb,boutique,kube-state-metrics,1780634761,0.0
pod_status_phase_Failed,,cartservice-546c548494-cb4lb,boutique,kube-state-metrics,1780634761,0.0
pod_status_phase_Unknown,,cartservice-546c548494-cb4lb,boutique,kube-state-metrics,1780634761,0.0
pod_status_phase_Running,,cartservice-546c548494-cb4lb,boutique,kube-state-metrics,1780634761,1.0
pod_status_phase_Pending,,monitoring-prometheus-node-exporter-pdw8p,monitoring,kube-state-metrics,1780634761,0.0
pod_status_phase_Succeeded,,monitoring-prometheus-node-exporter-pdw8p,monitoring,kube-state-metrics,1780634761,0.0
pod_status_phase_Failed,,monitoring-prometheus-node-exporter-pdw8p,monitoring,kube-state-metrics,1780634761,0.0
pod_status_phase_Unknown,,monitoring-prometheus-node-exporter-pdw8p,monitoring,kube-state-metrics,1780634761,0.0
pod_status_phase_Running,,monitoring-prometheus-node-exporter-pdw8p,monitoring,kube-state-metrics,1780634761,1.0
pod_status_phase_Pending,,etcd-minikube,kube-system,kube-state-metrics,1780634761,0.0
pod_status_phase_Succeeded,,etcd-minikube,kube-system,kube-state-metrics,1780634761,0.0
pod_status_phase_Failed,,etcd-minikube,kube-system,kube-state-metrics,1780634761,0.0
pod_status_phase_Unknown,,etcd-minikube,kube-system,kube-state-metrics,1780634761,0.0
pod_status_phase_Running,,etcd-minikube,kube-system,kube-state-metrics,1780634761,1.0
pod_status_phase_Pending,,coredns-7d764666f9-hxxb8,kube-system,kube-state-metrics,1780634761,0.0
pod_status_phase_Succeeded,,coredns-7d764666f9-hxxb8,kube-system,kube-state-metrics,1780634761,0.0
pod_status_phase_Failed,,coredns-7d764666f9-hxxb8,kube-system,kube-state-metrics,1780634761,0.0
pod_status_phase_Unknown,,coredns-7d764666f9-hxxb8,kube-system,kube-state-metrics,1780634761,0.0
pod_status_phase_Running,,coredns-7d764666f9-hxxb8,kube-system,kube-state-metrics,1780634761,1.0
pod_status_phase_Pending,,chaos-dns-server-6bccb5bb76-gscmn,chaos-testing,kube-state-metrics,1780634761,0.0
pod_status_phase_Succeeded,,chaos-dns-server-6bccb5bb76-gscmn,chaos-testing,kube-state-metrics,1780634761,0.0
pod_status_phase_Failed,,chaos-dns-server-6bccb5bb76-gscmn,chaos-testing,kube-state-metrics,1780634761,0.0
pod_status_phase_Unknown,,chaos-dns-server-6bccb5bb76-gscmn,chaos-testing,kube-state-metrics,1780634761,0.0
pod_status_phase_Running,,chaos-dns-server-6bccb5bb76-gscmn,chaos-testing,kube-state-metrics,1780634761,1.0
pod_status_phase_Pending,,kube-apiserver-minikube,kube-system,kube-state-metrics,1780634761,0.0
pod_status_phase_Succeeded,,kube-apiserver-minikube,kube-system,kube-state-metrics,1780634761,0.0
pod_status_phase_Failed,,kube-apiserver-minikube,kube-system,kube-state-metrics,1780634761,0.0
pod_status_phase_Unknown,,kube-apiserver-minikube,kube-system,kube-state-metrics,1780634761,0.0
pod_status_phase_Running,,kube-apiserver-minikube,kube-system,kube-state-metrics,1780634761,1.0
pod_status_phase_Pending,,prometheus-monitoring-kube-prometheus-prometheus-0,monitoring,kube-state-metrics,1780634761,0.0
pod_status_phase_Succeeded,,prometheus-monitoring-kube-prometheus-prometheus-0,monitoring,kube-state-metrics,1780634761,0.0
pod_status_phase_Failed,,prometheus-monitoring-kube-prometheus-prometheus-0,monitoring,kube-state-metrics,1780634761,0.0
pod_status_phase_Unknown,,prometheus-monitoring-kube-prometheus-prometheus-0,monitoring,kube-state-metrics,1780634761,0.0
pod_status_phase_Running,,prometheus-monitoring-kube-prometheus-prometheus-0,monitoring,kube-state-metrics,1780634761,1.0
pod_status_phase_Pending,,storage-provisioner,kube-system,kube-state-metrics,1780634761,0.0
pod_status_phase_Succeeded,,storage-provisioner,kube-system,kube-state-metrics,1780634761,0.0
pod_status_phase_Failed,,storage-provisioner,kube-system,kube-state-metrics,1780634761,0.0
pod_status_phase_Unknown,,storage-provisioner,kube-system,kube-state-metrics,1780634761,0.0
pod_status_phase_Running,,storage-provisioner,kube-system,kube-state-metrics,1780634761,1.0
pod_status_phase_Pending,,loadgenerator-7dd458dd5b-p2gm5,boutique,kube-state-metrics,1780634761,0.0
pod_status_phase_Succeeded,,loadgenerator-7dd458dd5b-p2gm5,boutique,kube-state-metrics,1780634761,0.0
pod_status_phase_Failed,,loadgenerator-7dd458dd5b-p2gm5,boutique,kube-state-metrics,1780634761,0.0
pod_status_phase_Unknown,,loadgenerator-7dd458dd5b-p2gm5,boutique,kube-state-metrics,1780634761,0.0
pod_status_phase_Running,,loadgenerator-7dd458dd5b-p2gm5,boutique,kube-state-metrics,1780634761,1.0
pod_status_phase_Pending,,alertmanager-monitoring-kube-prometheus-alertmanager-0,monitoring,kube-state-metrics,1780634761,0.0
pod_status_phase_Succeeded,,alertmanager-monitoring-kube-prometheus-alertmanager-0,monitoring,kube-state-metrics,1780634761,0.0
pod_status_phase_Failed,,alertmanager-monitoring-kube-prometheus-alertmanager-0,monitoring,kube-state-metrics,1780634761,0.0
pod_status_phase_Unknown,,alertmanager-monitoring-kube-prometheus-alertmanager-0,monitoring,kube-state-metrics,1780634761,0.0
pod_status_phase_Running,,alertmanager-monitoring-kube-prometheus-alertmanager-0,monitoring,kube-state-metrics,1780634761,1.0
pod_status_phase_Pending,,shippingservice-55656785c7-lk4mx,boutique,kube-state-metrics,1780634761,0.0
pod_status_phase_Succeeded,,shippingservice-55656785c7-lk4mx,boutique,kube-state-metrics,1780634761,0.0
pod_status_phase_Failed,,shippingservice-55656785c7-lk4mx,boutique,kube-state-metrics,1780634761,0.0
pod_status_phase_Unknown,,shippingservice-55656785c7-lk4mx,boutique,kube-state-metrics,1780634761,0.0
pod_status_phase_Running,,shippingservice-55656785c7-lk4mx,boutique,kube-state-metrics,1780634761,1.0
pod_status_phase_Pending,,chaos-dashboard-5b77585c6c-zm7f4,chaos-testing,kube-state-metrics,1780634761,0.0
pod_status_phase_Succeeded,,chaos-dashboard-5b77585c6c-zm7f4,chaos-testing,kube-state-metrics,1780634761,0.0
pod_status_phase_Failed,,chaos-dashboard-5b77585c6c-zm7f4,chaos-testing,kube-state-metrics,1780634761,0.0
pod_status_phase_Unknown,,chaos-dashboard-5b77585c6c-zm7f4,chaos-testing,kube-state-metrics,1780634761,0.0
pod_status_phase_Running,,chaos-dashboard-5b77585c6c-zm7f4,chaos-testing,kube-state-metrics,1780634761,1.0
pod_status_phase_Pending,,monitoring-grafana-6f66955c48-hlrcn,monitoring,kube-state-metrics,1780634761,0.0
pod_status_phase_Succeeded,,monitoring-grafana-6f66955c48-hlrcn,monitoring,kube-state-metrics,1780634761,0.0
pod_status_phase_Failed,,monitoring-grafana-6f66955c48-hlrcn,monitoring,kube-state-metrics,1780634761,0.0
pod_status_phase_Unknown,,monitoring-grafana-6f66955c48-hlrcn,monitoring,kube-state-metrics,1780634761,0.0
pod_status_phase_Running,,monitoring-grafana-6f66955c48-hlrcn,monitoring,kube-state-metrics,1780634761,1.0
pod_status_phase_Pending,,coredns-7d764666f9-gmlgd,kube-system,kube-state-metrics,1780634761,0.0
pod_status_phase_Succeeded,,coredns-7d764666f9-gmlgd,kube-system,kube-state-metrics,1780634761,0.0
pod_status_phase_Failed,,coredns-7d764666f9-gmlgd,kube-system,kube-state-metrics,1780634761,0.0
pod_status_phase_Unknown,,coredns-7d764666f9-gmlgd,kube-system,kube-state-metrics,1780634761,0.0
pod_status_phase_Running,,coredns-7d764666f9-gmlgd,kube-system,kube-state-metrics,1780634761,1.0
pod_status_phase_Pending,,checkoutservice-75b9cd684f-mxb57,boutique,kube-state-metrics,1780634761,0.0
pod_status_phase_Succeeded,,checkoutservice-75b9cd684f-mxb57,boutique,kube-state-metrics,1780634761,0.0
pod_status_phase_Failed,,checkoutservice-75b9cd684f-mxb57,boutique,kube-state-metrics,1780634761,0.0
pod_status_phase_Unknown,,checkoutservice-75b9cd684f-mxb57,boutique,kube-state-metrics,1780634761,0.0
pod_status_phase_Running,,checkoutservice-75b9cd684f-mxb57,boutique,kube-state-metrics,1780634761,1.0
pod_status_phase_Pending,,kube-scheduler-minikube,kube-system,kube-state-metrics,1780634761,0.0
pod_status_phase_Succeeded,,kube-scheduler-minikube,kube-system,kube-state-metrics,1780634761,0.0
pod_status_phase_Failed,,kube-scheduler-minikube,kube-system,kube-state-metrics,1780634761,0.0
pod_status_phase_Unknown,,kube-scheduler-minikube,kube-system,kube-state-metrics,1780634761,0.0
pod_status_phase_Running,,kube-scheduler-minikube,kube-system,kube-state-metrics,1780634761,1.0
pod_status_phase_Pending,,emailservice-7466dc585-sv4wh,boutique,kube-state-metrics,1780634761,0.0
pod_status_phase_Succeeded,,emailservice-7466dc585-sv4wh,boutique,kube-state-metrics,1780634761,0.0
pod_status_phase_Failed,,emailservice-7466dc585-sv4wh,boutique,kube-state-metrics,1780634761,0.0
pod_status_phase_Unknown,,emailservice-7466dc585-sv4wh,boutique,kube-state-metrics,1780634761,0.0
pod_status_phase_Running,,emailservice-7466dc585-sv4wh,boutique,kube-state-metrics,1780634761,1.0
pod_status_phase_Pending,,monitoring-kube-prometheus-operator-556b56cc6d-n6dg9,monitoring,kube-state-metrics,1780634761,0.0
pod_status_phase_Succeeded,,monitoring-kube-prometheus-operator-556b56cc6d-n6dg9,monitoring,kube-state-metrics,1780634761,0.0
pod_status_phase_Failed,,monitoring-kube-prometheus-operator-556b56cc6d-n6dg9,monitoring,kube-state-metrics,1780634761,0.0
pod_status_phase_Unknown,,monitoring-kube-prometheus-operator-556b56cc6d-n6dg9,monitoring,kube-state-metrics,1780634761,0.0
pod_status_phase_Running,,monitoring-kube-prometheus-operator-556b56cc6d-n6dg9,monitoring,kube-state-metrics,1780634761,1.0
pod_status_phase_Pending,,recommendationservice-6f8f67d69-fhrns,boutique,kube-state-metrics,1780634761,0.0
pod_status_phase_Succeeded,,recommendationservice-6f8f67d69-fhrns,boutique,kube-state-metrics,1780634761,0.0
pod_status_phase_Failed,,recommendationservice-6f8f67d69-fhrns,boutique,kube-state-metrics,1780634761,0.0
pod_status_phase_Unknown,,recommendationservice-6f8f67d69-fhrns,boutique,kube-state-metrics,1780634761,0.0
pod_status_phase_Running,,recommendationservice-6f8f67d69-fhrns,boutique,kube-state-metrics,1780634761,1.0
pod_status_phase_Pending,,chaos-daemon-n6ghj,chaos-testing,kube-state-metrics,1780634761,0.0
pod_status_phase_Succeeded,,chaos-daemon-n6ghj,chaos-testing,kube-state-metrics,1780634761,0.0
pod_status_phase_Failed,,chaos-daemon-n6ghj,chaos-testing,kube-state-metrics,1780634761,0.0
pod_status_phase_Unknown,,chaos-daemon-n6ghj,chaos-testing,kube-state-metrics,1780634761,0.0
pod_status_phase_Running,,chaos-daemon-n6ghj,chaos-testing,kube-state-metrics,1780634761,1.0
pod_restarts,,productcatalogservice-fb49fc9cc-vbqbl,boutique,server,1780634761,1.0
pod_restarts,,redis-cart-6899b65948-ms767,boutique,redis,1780634761,6.0
pod_restarts,,kube-controller-manager-minikube,kube-system,kube-controller-manager,1780634761,8.0
pod_restarts,,currencyservice-fd8f5dfb7-js8gr,boutique,server,1780634761,11.0
pod_restarts,,kube-proxy-fshvh,kube-system,kube-proxy,1780634761,7.0
pod_restarts,,chaos-controller-manager-659785674d-29q42,chaos-testing,chaos-mesh,1780634761,5.0
pod_restarts,,frontend-694b9f76cd-pskf5,boutique,server,1780634761,1.0
pod_restarts,,monitoring-kube-state-metrics-868694bc4b-689cm,monitoring,kube-state-metrics,1780634761,6.0
pod_restarts,,chaos-controller-manager-659785674d-wbwg8,chaos-testing,chaos-mesh,1780634761,5.0
pod_restarts,,chaos-controller-manager-659785674d-fjb2r,chaos-testing,chaos-mesh,1780634761,5.0
pod_restarts,,paymentservice-6b76dfb449-n8mm2,boutique,server,1780634761,9.0
pod_restarts,,adservice-8576649cff-5bvst,boutique,server,1780634761,8.0
pod_restarts,,cartservice-546c548494-cb4lb,boutique,server,1780634761,6.0
pod_restarts,,monitoring-prometheus-node-exporter-pdw8p,monitoring,node-exporter,1780634761,6.0
pod_restarts,,etcd-minikube,kube-system,etcd,1780634761,7.0
pod_restarts,,coredns-7d764666f9-hxxb8,kube-system,coredns,1780634761,7.0
pod_restarts,,chaos-dns-server-6bccb5bb76-gscmn,chaos-testing,chaos-dns-server,1780634761,5.0
pod_restarts,,kube-apiserver-minikube,kube-system,kube-apiserver,1780634761,7.0
pod_restarts,,prometheus-monitoring-kube-prometheus-prometheus-0,monitoring,config-reloader,1780634761,6.0
pod_restarts,,prometheus-monitoring-kube-prometheus-prometheus-0,monitoring,prometheus,1780634761,6.0
pod_restarts,,storage-provisioner,kube-system,storage-provisioner,1780634761,10.0
pod_restarts,,loadgenerator-7dd458dd5b-p2gm5,boutique,main,1780634761,5.0
pod_restarts,,alertmanager-monitoring-kube-prometheus-alertmanager-0,monitoring,alertmanager,1780634761,6.0
pod_restarts,,alertmanager-monitoring-kube-prometheus-alertmanager-0,monitoring,config-reloader,1780634761,6.0
pod_restarts,,shippingservice-55656785c7-lk4mx,boutique,server,1780634761,8.0
pod_restarts,,chaos-dashboard-5b77585c6c-zm7f4,chaos-testing,chaos-dashboard,1780634761,5.0
pod_restarts,,monitoring-grafana-6f66955c48-hlrcn,monitoring,grafana,1780634761,6.0
pod_restarts,,monitoring-grafana-6f66955c48-hlrcn,monitoring,grafana-sc-dashboard,1780634761,6.0
pod_restarts,,monitoring-grafana-6f66955c48-hlrcn,monitoring,grafana-sc-datasources,1780634761,6.0
pod_restarts,,coredns-7d764666f9-gmlgd,kube-system,coredns,1780634761,7.0
pod_restarts,,checkoutservice-75b9cd684f-mxb57,boutique,server,1780634761,1.0
pod_restarts,,kube-scheduler-minikube,kube-system,kube-scheduler,1780634761,7.0
pod_restarts,,emailservice-7466dc585-sv4wh,boutique,server,1780634761,13.0
pod_restarts,,monitoring-kube-prometheus-operator-556b56cc6d-n6dg9,monitoring,kube-prometheus-stack,1780634761,6.0
pod_restarts,,recommendationservice-6f8f67d69-fhrns,boutique,server,1780634761,12.0
pod_restarts,,chaos-daemon-n6ghj,chaos-testing,chaos-daemon,1780634761,5.0
cpu_rate,minikube,kube-proxy-fshvh,kube-system,/kubepods/besteffort/pod2f4efb93-ee48-4c37-b1e1-6f2e54a917c7,1780634776,0.0007406620219021939
cpu_rate,minikube,monitoring-kube-state-metrics-868694bc4b-689cm,monitoring,/kubepods/besteffort/pod59c52cc8-67e3-4946-aac6-7ff0ef74285f,1780634776,0.0006308199190435842
cpu_rate,minikube,prometheus-monitoring-kube-prometheus-prometheus-0,monitoring,/kubepods/besteffort/pod6bff50b8-f988-4ff2-a8c1-8f95f2c25189,1780634776,0.013983243921475642
cpu_rate,minikube,storage-provisioner,kube-system,/kubepods/besteffort/pod9bffcac8-a0cd-49a4-ad59-cdbf60a579cb,1780634776,0.0009994393139841691
cpu_rate,minikube,monitoring-grafana-6f66955c48-hlrcn,monitoring,/kubepods/besteffort/pod9d3fe3f0-8989-47b4-8478-0ae7be66df8d,1780634776,0.006116931542854007
cpu_rate,minikube,chaos-daemon-n6ghj,chaos-testing,/kubepods/besteffort/poda051be83-a7cd-43e4-83d3-76f3c90e8474,1780634776,4.7221487665742216e-07
cpu_rate,minikube,monitoring-kube-prometheus-operator-556b56cc6d-n6dg9,monitoring,/kubepods/besteffort/podc8122519-a592-495f-9353-00a2f23fdf80,1780634776,0.0016984400125533731
cpu_rate,minikube,monitoring-prometheus-node-exporter-pdw8p,monitoring,/kubepods/besteffort/podd35abb3b-34f0-40fa-af55-3ab246fc64c8,1780634776,0.0008320365650332497
cpu_rate,minikube,kube-scheduler-minikube,kube-system,/kubepods/burstable/pod1c7123a121598343200ffd5b015ca580,1780634776,0.0035648268019594117
cpu_rate,minikube,shippingservice-55656785c7-lk4mx,boutique,/kubepods/burstable/pod1df51271-c9ea-47fa-8fb2-cf15bbc7c216,1780634776,0.0005855170333466317
cpu_rate,minikube,chaos-controller-manager-659785674d-29q42,chaos-testing,/kubepods/burstable/pod21ab858c-cee8-438c-8682-c786dc3dc044,1780634776,0.00035487871603136954
cpu_rate,minikube,chaos-controller-manager-659785674d-fjb2r,chaos-testing,/kubepods/burstable/pod2569141a-4d05-422e-bcf2-2f01e2f5056d,1780634776,0.00027382604501924177
cpu_rate,minikube,coredns-7d764666f9-hxxb8,kube-system,/kubepods/burstable/pod596c18fb-891c-4e87-9b11-83d99dd6d264,1780634776,0.0016920608023922252
cpu_rate,minikube,recommendationservice-6f8f67d69-fhrns,boutique,/kubepods/burstable/pod5ded7b1a-44d9-4178-8596-57a9e25f6171,1780634776,0.00402046066822013
cpu_rate,minikube,etcd-minikube,kube-system,/kubepods/burstable/pod5ff8e3b06bbaa8cb7ebc2bf531e48a2f,1780634776,0.016037939893451054
cpu_rate,minikube,emailservice-7466dc585-sv4wh,boutique,/kubepods/burstable/pod6116940a-da83-4761-97dc-892a207b789e,1780634776,0.0010600901053217822
cpu_rate,minikube,cartservice-546c548494-cb4lb,boutique,/kubepods/burstable/pod6ec732c5-cf34-4e25-a3ce-ff4b44ce8d19,1780634776,0.013924288537895088
cpu_rate,minikube,kube-controller-manager-minikube,kube-system,/kubepods/burstable/pod740363cf4388c2d0df59fc97f96b889c,1780634776,0.011904029612969729
cpu_rate,minikube,chaos-dashboard-5b77585c6c-zm7f4,chaos-testing,/kubepods/burstable/pod7d3e8284-7c72-4577-a8fb-79d957f69104,1780634776,0.0008907347664170393
cpu_rate,minikube,chaos-dns-server-6bccb5bb76-gscmn,chaos-testing,/kubepods/burstable/pod8a82a436-ef3f-4750-8f39-dbfde680d0b8,1780634776,0.0013458224569614962
cpu_rate,minikube,coredns-7d764666f9-gmlgd,kube-system,/kubepods/burstable/pod9289fad3-6e91-4617-b97d-6da4631c2f35,1780634776,0.0016737896128948863
cpu_rate,minikube,adservice-8576649cff-5bvst,boutique,/kubepods/burstable/pod9d685cd3-17df-43af-a26e-7743c006902d,1780634776,0.008977368675401881
cpu_rate,minikube,kube-apiserver-minikube,kube-system,/kubepods/burstable/poda6dc00f40d27725f15407f95751ce5f7,1780634776,0.0351317615143373
cpu_rate,minikube,loadgenerator-7dd458dd5b-p2gm5,boutique,/kubepods/burstable/podad2b31a2-cb58-4a8e-9520-6dac05e0ae03,1780634776,0.010552483573138687
cpu_rate,minikube,alertmanager-monitoring-kube-prometheus-alertmanager-0,monitoring,/kubepods/burstable/podb5fde93f-2f9a-427f-aa16-8a257f179975,1780634776,0.0005962025445189111
cpu_rate,minikube,currencyservice-fd8f5dfb7-js8gr,boutique,/kubepods/burstable/podc827ec2d-8a9d-4e1c-8017-62c3901eccb4,1780634776,0.007855267665743288
cpu_rate,minikube,redis-cart-6899b65948-ms767,boutique,/kubepods/burstable/podd425db0f-53f9-4bec-9ee1-49e4ced03bb6,1780634776,0.0013930759660626918
cpu_rate,minikube,chaos-controller-manager-659785674d-wbwg8,chaos-testing,/kubepods/burstable/podd7abbfc2-2af5-4b28-b438-3ebef4bafcce,1780634776,0.0020462403685261193
cpu_rate,minikube,paymentservice-6b76dfb449-n8mm2,boutique,/kubepods/burstable/podd9986049-5066-4a99-a156-0bc7b2391961,1780634776,0.000958397218668516
cpu_rate,minikube,checkoutservice-75b9cd684f-mxb57,boutique,/kubepods/burstable/pod899228c2-a2b5-44fd-93be-9c372e37e8b5,1780634776,0.00041479509022819647
cpu_rate,minikube,frontend-694b9f76cd-pskf5,boutique,/kubepods/burstable/pod4d235b9f-a410-4f2c-99da-80b42ecf7d86,1780634776,0.007564555861469352
cpu_rate,minikube,productcatalogservice-fb49fc9cc-vbqbl,boutique,/kubepods/burstable/pod9b723af0-e450-462a-a20e-b721d0610cf7,1780634776,0.0033647719144941674
memory_working_set,minikube,kube-proxy-fshvh,kube-system,/kubepods/besteffort/pod2f4efb93-ee48-4c37-b1e1-6f2e54a917c7,1780634776,38309888.0
memory_working_set,minikube,monitoring-kube-state-metrics-868694bc4b-689cm,monitoring,/kubepods/besteffort/pod59c52cc8-67e3-4946-aac6-7ff0ef74285f,1780634776,39809024.0
memory_working_set,minikube,prometheus-monitoring-kube-prometheus-prometheus-0,monitoring,/kubepods/besteffort/pod6bff50b8-f988-4ff2-a8c1-8f95f2c25189,1780634776,261877760.0
memory_working_set,minikube,storage-provisioner,kube-system,/kubepods/besteffort/pod9bffcac8-a0cd-49a4-ad59-cdbf60a579cb,1780634776,18079744.0
memory_working_set,minikube,monitoring-grafana-6f66955c48-hlrcn,monitoring,/kubepods/besteffort/pod9d3fe3f0-8989-47b4-8478-0ae7be66df8d,1780634776,432263168.0
memory_working_set,minikube,chaos-daemon-n6ghj,chaos-testing,/kubepods/besteffort/poda051be83-a7cd-43e4-83d3-76f3c90e8474,1780634776,25141248.0
memory_working_set,minikube,monitoring-kube-prometheus-operator-556b56cc6d-n6dg9,monitoring,/kubepods/besteffort/podc8122519-a592-495f-9353-00a2f23fdf80,1780634776,41463808.0
memory_working_set,minikube,monitoring-prometheus-node-exporter-pdw8p,monitoring,/kubepods/besteffort/podd35abb3b-34f0-40fa-af55-3ab246fc64c8,1780634776,16924672.0
memory_working_set,minikube,kube-scheduler-minikube,kube-system,/kubepods/burstable/pod1c7123a121598343200ffd5b015ca580,1780634776,39616512.0
memory_working_set,minikube,shippingservice-55656785c7-lk4mx,boutique,/kubepods/burstable/pod1df51271-c9ea-47fa-8fb2-cf15bbc7c216,1780634776,13004800.0
memory_working_set,minikube,chaos-controller-manager-659785674d-29q42,chaos-testing,/kubepods/burstable/pod21ab858c-cee8-438c-8682-c786dc3dc044,1780634776,19476480.0
memory_working_set,minikube,chaos-controller-manager-659785674d-fjb2r,chaos-testing,/kubepods/burstable/pod2569141a-4d05-422e-bcf2-2f01e2f5056d,1780634776,15785984.0
memory_working_set,minikube,coredns-7d764666f9-hxxb8,kube-system,/kubepods/burstable/pod596c18fb-891c-4e87-9b11-83d99dd6d264,1780634776,25931776.0
memory_working_set,minikube,recommendationservice-6f8f67d69-fhrns,boutique,/kubepods/burstable/pod5ded7b1a-44d9-4178-8596-57a9e25f6171,1780634776,52002816.0
memory_working_set,minikube,etcd-minikube,kube-system,/kubepods/burstable/pod5ff8e3b06bbaa8cb7ebc2bf531e48a2f,1780634776,94470144.0
memory_working_set,minikube,emailservice-7466dc585-sv4wh,boutique,/kubepods/burstable/pod6116940a-da83-4761-97dc-892a207b789e,1780634776,52035584.0
memory_working_set,minikube,cartservice-546c548494-cb4lb,boutique,/kubepods/burstable/pod6ec732c5-cf34-4e25-a3ce-ff4b44ce8d19,1780634776,47796224.0
memory_working_set,minikube,kube-controller-manager-minikube,kube-system,/kubepods/burstable/pod740363cf4388c2d0df59fc97f96b889c,1780634776,110321664.0
memory_working_set,minikube,chaos-dashboard-5b77585c6c-zm7f4,chaos-testing,/kubepods/burstable/pod7d3e8284-7c72-4577-a8fb-79d957f69104,1780634776,51302400.0
memory_working_set,minikube,chaos-dns-server-6bccb5bb76-gscmn,chaos-testing,/kubepods/burstable/pod8a82a436-ef3f-4750-8f39-dbfde680d0b8,1780634776,27873280.0
memory_working_set,minikube,coredns-7d764666f9-gmlgd,kube-system,/kubepods/burstable/pod9289fad3-6e91-4617-b97d-6da4631c2f35,1780634776,35262464.0
memory_working_set,minikube,adservice-8576649cff-5bvst,boutique,/kubepods/burstable/pod9d685cd3-17df-43af-a26e-7743c006902d,1780634776,96727040.0
memory_working_set,minikube,kube-apiserver-minikube,kube-system,/kubepods/burstable/poda6dc00f40d27725f15407f95751ce5f7,1780634776,574808064.0
memory_working_set,minikube,loadgenerator-7dd458dd5b-p2gm5,boutique,/kubepods/burstable/podad2b31a2-cb58-4a8e-9520-6dac05e0ae03,1780634776,63856640.0
memory_working_set,minikube,alertmanager-monitoring-kube-prometheus-alertmanager-0,monitoring,/kubepods/burstable/podb5fde93f-2f9a-427f-aa16-8a257f179975,1780634776,41512960.0
memory_working_set,minikube,currencyservice-fd8f5dfb7-js8gr,boutique,/kubepods/burstable/podc827ec2d-8a9d-4e1c-8017-62c3901eccb4,1780634776,39620608.0
memory_working_set,minikube,redis-cart-6899b65948-ms767,boutique,/kubepods/burstable/podd425db0f-53f9-4bec-9ee1-49e4ced03bb6,1780634776,12644352.0
memory_working_set,minikube,chaos-controller-manager-659785674d-wbwg8,chaos-testing,/kubepods/burstable/podd7abbfc2-2af5-4b28-b438-3ebef4bafcce,1780634776,54521856.0
memory_working_set,minikube,paymentservice-6b76dfb449-n8mm2,boutique,/kubepods/burstable/podd9986049-5066-4a99-a156-0bc7b2391961,1780634776,34070528.0
memory_working_set,minikube,checkoutservice-75b9cd684f-mxb57,boutique,/kubepods/burstable/pod899228c2-a2b5-44fd-93be-9c372e37e8b5,1780634776,13389824.0
memory_working_set,minikube,frontend-694b9f76cd-pskf5,boutique,/kubepods/burstable/pod4d235b9f-a410-4f2c-99da-80b42ecf7d86,1780634776,18882560.0
memory_working_set,minikube,productcatalogservice-fb49fc9cc-vbqbl,boutique,/kubepods/burstable/pod9b723af0-e450-462a-a20e-b721d0610cf7,1780634776,15720448.0
memory_rss,minikube,kube-proxy-fshvh,kube-system,/kubepods/besteffort/pod2f4efb93-ee48-4c37-b1e1-6f2e54a917c7,1780634776,18735104.0
memory_rss,minikube,monitoring-kube-state-metrics-868694bc4b-689cm,monitoring,/kubepods/besteffort/pod59c52cc8-67e3-4946-aac6-7ff0ef74285f,1780634776,21131264.0
memory_rss,minikube,prometheus-monitoring-kube-prometheus-prometheus-0,monitoring,/kubepods/besteffort/pod6bff50b8-f988-4ff2-a8c1-8f95f2c25189,1780634776,213737472.0
memory_rss,minikube,storage-provisioner,kube-system,/kubepods/besteffort/pod9bffcac8-a0cd-49a4-ad59-cdbf60a579cb,1780634776,9019392.0
memory_rss,minikube,monitoring-grafana-6f66955c48-hlrcn,monitoring,/kubepods/besteffort/pod9d3fe3f0-8989-47b4-8478-0ae7be66df8d,1780634776,308391936.0
memory_rss,minikube,chaos-daemon-n6ghj,chaos-testing,/kubepods/besteffort/poda051be83-a7cd-43e4-83d3-76f3c90e8474,1780634776,8101888.0
memory_rss,minikube,monitoring-kube-prometheus-operator-556b56cc6d-n6dg9,monitoring,/kubepods/besteffort/podc8122519-a592-495f-9353-00a2f23fdf80,1780634776,21614592.0
memory_rss,minikube,monitoring-prometheus-node-exporter-pdw8p,monitoring,/kubepods/besteffort/podd35abb3b-34f0-40fa-af55-3ab246fc64c8,1780634776,9949184.0
memory_rss,minikube,kube-scheduler-minikube,kube-system,/kubepods/burstable/pod1c7123a121598343200ffd5b015ca580,1780634776,23085056.0
memory_rss,minikube,shippingservice-55656785c7-lk4mx,boutique,/kubepods/burstable/pod1df51271-c9ea-47fa-8fb2-cf15bbc7c216,1780634776,7274496.0
memory_rss,minikube,chaos-controller-manager-659785674d-29q42,chaos-testing,/kubepods/burstable/pod21ab858c-cee8-438c-8682-c786dc3dc044,1780634776,15147008.0
memory_rss,minikube,chaos-controller-manager-659785674d-fjb2r,chaos-testing,/kubepods/burstable/pod2569141a-4d05-422e-bcf2-2f01e2f5056d,1780634776,14565376.0
memory_rss,minikube,coredns-7d764666f9-hxxb8,kube-system,/kubepods/burstable/pod596c18fb-891c-4e87-9b11-83d99dd6d264,1780634776,15290368.0
memory_rss,minikube,recommendationservice-6f8f67d69-fhrns,boutique,/kubepods/burstable/pod5ded7b1a-44d9-4178-8596-57a9e25f6171,1780634776,41271296.0
memory_rss,minikube,etcd-minikube,kube-system,/kubepods/burstable/pod5ff8e3b06bbaa8cb7ebc2bf531e48a2f,1780634776,62758912.0
memory_rss,minikube,emailservice-7466dc585-sv4wh,boutique,/kubepods/burstable/pod6116940a-da83-4761-97dc-892a207b789e,1780634776,42352640.0
memory_rss,minikube,cartservice-546c548494-cb4lb,boutique,/kubepods/burstable/pod6ec732c5-cf34-4e25-a3ce-ff4b44ce8d19,1780634776,16408576.0
memory_rss,minikube,kube-controller-manager-minikube,kube-system,/kubepods/burstable/pod740363cf4388c2d0df59fc97f96b889c,1780634776,83058688.0
memory_rss,minikube,chaos-dashboard-5b77585c6c-zm7f4,chaos-testing,/kubepods/burstable/pod7d3e8284-7c72-4577-a8fb-79d957f69104,1780634776,32137216.0
memory_rss,minikube,chaos-dns-server-6bccb5bb76-gscmn,chaos-testing,/kubepods/burstable/pod8a82a436-ef3f-4750-8f39-dbfde680d0b8,1780634776,12410880.0
memory_rss,minikube,coredns-7d764666f9-gmlgd,kube-system,/kubepods/burstable/pod9289fad3-6e91-4617-b97d-6da4631c2f35,1780634776,14782464.0
memory_rss,minikube,adservice-8576649cff-5bvst,boutique,/kubepods/burstable/pod9d685cd3-17df-43af-a26e-7743c006902d,1780634776,80384000.0
memory_rss,minikube,kube-apiserver-minikube,kube-system,/kubepods/burstable/poda6dc00f40d27725f15407f95751ce5f7,1780634776,537784320.0
memory_rss,minikube,loadgenerator-7dd458dd5b-p2gm5,boutique,/kubepods/burstable/podad2b31a2-cb58-4a8e-9520-6dac05e0ae03,1780634776,54923264.0
memory_rss,minikube,alertmanager-monitoring-kube-prometheus-alertmanager-0,monitoring,/kubepods/burstable/podb5fde93f-2f9a-427f-aa16-8a257f179975,1780634776,24825856.0
memory_rss,minikube,currencyservice-fd8f5dfb7-js8gr,boutique,/kubepods/burstable/podc827ec2d-8a9d-4e1c-8017-62c3901eccb4,1780634776,17215488.0
memory_rss,minikube,redis-cart-6899b65948-ms767,boutique,/kubepods/burstable/podd425db0f-53f9-4bec-9ee1-49e4ced03bb6,1780634776,5562368.0
memory_rss,minikube,chaos-controller-manager-659785674d-wbwg8,chaos-testing,/kubepods/burstable/podd7abbfc2-2af5-4b28-b438-3ebef4bafcce,1780634776,26353664.0
memory_rss,minikube,paymentservice-6b76dfb449-n8mm2,boutique,/kubepods/burstable/podd9986049-5066-4a99-a156-0bc7b2391961,1780634776,14311424.0
memory_rss,minikube,checkoutservice-75b9cd684f-mxb57,boutique,/kubepods/burstable/pod899228c2-a2b5-44fd-93be-9c372e37e8b5,1780634776,7331840.0
memory_rss,minikube,frontend-694b9f76cd-pskf5,boutique,/kubepods/burstable/pod4d235b9f-a410-4f2c-99da-80b42ecf7d86,1780634776,11608064.0
memory_rss,minikube,productcatalogservice-fb49fc9cc-vbqbl,boutique,/kubepods/burstable/pod9b723af0-e450-462a-a20e-b721d0610cf7,1780634776,8568832.0
fs_reads_bytes_rate,minikube,kube-proxy-fshvh,kube-system,/kubepods/besteffort/pod2f4efb93-ee48-4c37-b1e1-6f2e54a917c7,1780634776,2771.7616111169355
fs_reads_bytes_rate,minikube,monitoring-kube-state-metrics-868694bc4b-689cm,monitoring,/kubepods/besteffort/pod59c52cc8-67e3-4946-aac6-7ff0ef74285f,1780634776,1272.408924032759
fs_reads_bytes_rate,minikube,prometheus-monitoring-kube-prometheus-prometheus-0,monitoring,/kubepods/besteffort/pod6bff50b8-f988-4ff2-a8c1-8f95f2c25189,1780634776,257332.898623749
fs_reads_bytes_rate,minikube,storage-provisioner,kube-system,/kubepods/besteffort/pod9bffcac8-a0cd-49a4-ad59-cdbf60a579cb,1780634776,0.0
fs_reads_bytes_rate,minikube,monitoring-grafana-6f66955c48-hlrcn,monitoring,/kubepods/besteffort/pod9d3fe3f0-8989-47b4-8478-0ae7be66df8d,1780634776,19340.628518510894
fs_reads_bytes_rate,minikube,chaos-daemon-n6ghj,chaos-testing,/kubepods/besteffort/poda051be83-a7cd-43e4-83d3-76f3c90e8474,1780634776,0.0
fs_reads_bytes_rate,minikube,monitoring-kube-prometheus-operator-556b56cc6d-n6dg9,monitoring,/kubepods/besteffort/podc8122519-a592-495f-9353-00a2f23fdf80,1780634776,701.1943122795079
fs_reads_bytes_rate,minikube,monitoring-prometheus-node-exporter-pdw8p,monitoring,/kubepods/besteffort/podd35abb3b-34f0-40fa-af55-3ab246fc64c8,1780634776,7535.616412104022
fs_reads_bytes_rate,minikube,kube-scheduler-minikube,kube-system,/kubepods/burstable/pod1c7123a121598343200ffd5b015ca580,1780634776,0.0
fs_reads_bytes_rate,minikube,shippingservice-55656785c7-lk4mx,boutique,/kubepods/burstable/pod1df51271-c9ea-47fa-8fb2-cf15bbc7c216,1780634776,956.55304615205
fs_reads_bytes_rate,minikube,chaos-controller-manager-659785674d-29q42,chaos-testing,/kubepods/burstable/pod21ab858c-cee8-438c-8682-c786dc3dc044,1780634776,0.0
fs_reads_bytes_rate,minikube,chaos-controller-manager-659785674d-fjb2r,chaos-testing,/kubepods/burstable/pod2569141a-4d05-422e-bcf2-2f01e2f5056d,1780634776,0.0
fs_reads_bytes_rate,minikube,coredns-7d764666f9-hxxb8,kube-system,/kubepods/burstable/pod596c18fb-891c-4e87-9b11-83d99dd6d264,1780634776,3184.5302766010464
fs_reads_bytes_rate,minikube,recommendationservice-6f8f67d69-fhrns,boutique,/kubepods/burstable/pod5ded7b1a-44d9-4178-8596-57a9e25f6171,1780634776,2377.2489843296576
fs_reads_bytes_rate,minikube,etcd-minikube,kube-system,/kubepods/burstable/pod5ff8e3b06bbaa8cb7ebc2bf531e48a2f,1780634776,642.556982248594
fs_reads_bytes_rate,minikube,emailservice-7466dc585-sv4wh,boutique,/kubepods/burstable/pod6116940a-da83-4761-97dc-892a207b789e,1780634776,0.0
fs_reads_bytes_rate,minikube,cartservice-546c548494-cb4lb,boutique,/kubepods/burstable/pod6ec732c5-cf34-4e25-a3ce-ff4b44ce8d19,1780634776,21779.993353273516
fs_reads_bytes_rate,minikube,kube-controller-manager-minikube,kube-system,/kubepods/burstable/pod740363cf4388c2d0df59fc97f96b889c,1780634776,38.38440633492644
fs_reads_bytes_rate,minikube,chaos-dashboard-5b77585c6c-zm7f4,chaos-testing,/kubepods/burstable/pod7d3e8284-7c72-4577-a8fb-79d957f69104,1780634776,0.0
fs_reads_bytes_rate,minikube,chaos-dns-server-6bccb5bb76-gscmn,chaos-testing,/kubepods/burstable/pod8a82a436-ef3f-4750-8f39-dbfde680d0b8,1780634776,159.2080953263654
fs_reads_bytes_rate,minikube,coredns-7d764666f9-gmlgd,kube-system,/kubepods/burstable/pod9289fad3-6e91-4617-b97d-6da4631c2f35,1780634776,1792.0789125657523
fs_reads_bytes_rate,minikube,adservice-8576649cff-5bvst,boutique,/kubepods/burstable/pod9d685cd3-17df-43af-a26e-7743c006902d,1780634776,19794.476206107356
fs_reads_bytes_rate,minikube,kube-apiserver-minikube,kube-system,/kubepods/burstable/poda6dc00f40d27725f15407f95751ce5f7,1780634776,8740.718981917456
fs_reads_bytes_rate,minikube,loadgenerator-7dd458dd5b-p2gm5,boutique,/kubepods/burstable/podad2b31a2-cb58-4a8e-9520-6dac05e0ae03,1780634776,360225.80464386457
fs_reads_bytes_rate,minikube,alertmanager-monitoring-kube-prometheus-alertmanager-0,monitoring,/kubepods/burstable/podb5fde93f-2f9a-427f-aa16-8a257f179975,1780634776,64983.47384800009
fs_reads_bytes_rate,minikube,currencyservice-fd8f5dfb7-js8gr,boutique,/kubepods/burstable/podc827ec2d-8a9d-4e1c-8017-62c3901eccb4,1780634776,3728.702733919989
fs_reads_bytes_rate,minikube,redis-cart-6899b65948-ms767,boutique,/kubepods/burstable/podd425db0f-53f9-4bec-9ee1-49e4ced03bb6,1780634776,0.0
fs_reads_bytes_rate,minikube,chaos-controller-manager-659785674d-wbwg8,chaos-testing,/kubepods/burstable/podd7abbfc2-2af5-4b28-b438-3ebef4bafcce,1780634776,0.0
fs_reads_bytes_rate,minikube,paymentservice-6b76dfb449-n8mm2,boutique,/kubepods/burstable/podd9986049-5066-4a99-a156-0bc7b2391961,1780634776,4800.140629119994
fs_reads_bytes_rate,minikube,checkoutservice-75b9cd684f-mxb57,boutique,/kubepods/burstable/pod899228c2-a2b5-44fd-93be-9c372e37e8b5,1780634776,1694.698761948208
fs_reads_bytes_rate,minikube,frontend-694b9f76cd-pskf5,boutique,/kubepods/burstable/pod4d235b9f-a410-4f2c-99da-80b42ecf7d86,1780634776,4748.297348210404
fs_reads_bytes_rate,minikube,productcatalogservice-fb49fc9cc-vbqbl,boutique,/kubepods/burstable/pod9b723af0-e450-462a-a20e-b721d0610cf7,1780634776,2154.0769035318804
fs_writes_bytes_rate,minikube,kube-proxy-fshvh,kube-system,/kubepods/besteffort/pod2f4efb93-ee48-4c37-b1e1-6f2e54a917c7,1780634776,0.0
fs_writes_bytes_rate,minikube,monitoring-kube-state-metrics-868694bc4b-689cm,monitoring,/kubepods/besteffort/pod59c52cc8-67e3-4946-aac6-7ff0ef74285f,1780634776,0.0
fs_writes_bytes_rate,minikube,prometheus-monitoring-kube-prometheus-prometheus-0,monitoring,/kubepods/besteffort/pod6bff50b8-f988-4ff2-a8c1-8f95f2c25189,1780634776,10126.738520209057
fs_writes_bytes_rate,minikube,storage-provisioner,kube-system,/kubepods/besteffort/pod9bffcac8-a0cd-49a4-ad59-cdbf60a579cb,1780634776,0.0
fs_writes_bytes_rate,minikube,monitoring-grafana-6f66955c48-hlrcn,monitoring,/kubepods/besteffort/pod9d3fe3f0-8989-47b4-8478-0ae7be66df8d,1780634776,700.4464534868339
fs_writes_bytes_rate,minikube,chaos-daemon-n6ghj,chaos-testing,/kubepods/besteffort/poda051be83-a7cd-43e4-83d3-76f3c90e8474,1780634776,0.0
fs_writes_bytes_rate,minikube,monitoring-kube-prometheus-operator-556b56cc6d-n6dg9,monitoring,/kubepods/besteffort/podc8122519-a592-495f-9353-00a2f23fdf80,1780634776,0.0
fs_writes_bytes_rate,minikube,monitoring-prometheus-node-exporter-pdw8p,monitoring,/kubepods/besteffort/podd35abb3b-34f0-40fa-af55-3ab246fc64c8,1780634776,0.0
fs_writes_bytes_rate,minikube,kube-scheduler-minikube,kube-system,/kubepods/burstable/pod1c7123a121598343200ffd5b015ca580,1780634776,0.0
fs_writes_bytes_rate,minikube,shippingservice-55656785c7-lk4mx,boutique,/kubepods/burstable/pod1df51271-c9ea-47fa-8fb2-cf15bbc7c216,1780634776,0.0
fs_writes_bytes_rate,minikube,chaos-controller-manager-659785674d-29q42,chaos-testing,/kubepods/burstable/pod21ab858c-cee8-438c-8682-c786dc3dc044,1780634776,0.0
fs_writes_bytes_rate,minikube,chaos-controller-manager-659785674d-fjb2r,chaos-testing,/kubepods/burstable/pod2569141a-4d05-422e-bcf2-2f01e2f5056d,1780634776,0.0
fs_writes_bytes_rate,minikube,coredns-7d764666f9-hxxb8,kube-system,/kubepods/burstable/pod596c18fb-891c-4e87-9b11-83d99dd6d264,1780634776,0.0
fs_writes_bytes_rate,minikube,recommendationservice-6f8f67d69-fhrns,boutique,/kubepods/burstable/pod5ded7b1a-44d9-4178-8596-57a9e25f6171,1780634776,0.0
fs_writes_bytes_rate,minikube,etcd-minikube,kube-system,/kubepods/burstable/pod5ff8e3b06bbaa8cb7ebc2bf531e48a2f,1780634776,35460.10686517169
fs_writes_bytes_rate,minikube,emailservice-7466dc585-sv4wh,boutique,/kubepods/burstable/pod6116940a-da83-4761-97dc-892a207b789e,1780634776,0.0
fs_writes_bytes_rate,minikube,cartservice-546c548494-cb4lb,boutique,/kubepods/burstable/pod6ec732c5-cf34-4e25-a3ce-ff4b44ce8d19,1780634776,0.0
fs_writes_bytes_rate,minikube,kube-controller-manager-minikube,kube-system,/kubepods/burstable/pod740363cf4388c2d0df59fc97f96b889c,1780634776,0.0
fs_writes_bytes_rate,minikube,chaos-dashboard-5b77585c6c-zm7f4,chaos-testing,/kubepods/burstable/pod7d3e8284-7c72-4577-a8fb-79d957f69104,1780634776,0.0
fs_writes_bytes_rate,minikube,chaos-dns-server-6bccb5bb76-gscmn,chaos-testing,/kubepods/burstable/pod8a82a436-ef3f-4750-8f39-dbfde680d0b8,1780634776,0.0
fs_writes_bytes_rate,minikube,coredns-7d764666f9-gmlgd,kube-system,/kubepods/burstable/pod9289fad3-6e91-4617-b97d-6da4631c2f35,1780634776,0.0
fs_writes_bytes_rate,minikube,adservice-8576649cff-5bvst,boutique,/kubepods/burstable/pod9d685cd3-17df-43af-a26e-7743c006902d,1780634776,0.0
fs_writes_bytes_rate,minikube,kube-apiserver-minikube,kube-system,/kubepods/burstable/poda6dc00f40d27725f15407f95751ce5f7,1780634776,0.0
fs_writes_bytes_rate,minikube,loadgenerator-7dd458dd5b-p2gm5,boutique,/kubepods/burstable/podad2b31a2-cb58-4a8e-9520-6dac05e0ae03,1780634776,0.0
fs_writes_bytes_rate,minikube,alertmanager-monitoring-kube-prometheus-alertmanager-0,monitoring,/kubepods/burstable/podb5fde93f-2f9a-427f-aa16-8a257f179975,1780634776,0.0
fs_writes_bytes_rate,minikube,currencyservice-fd8f5dfb7-js8gr,boutique,/kubepods/burstable/podc827ec2d-8a9d-4e1c-8017-62c3901eccb4,1780634776,0.0
fs_writes_bytes_rate,minikube,redis-cart-6899b65948-ms767,boutique,/kubepods/burstable/podd425db0f-53f9-4bec-9ee1-49e4ced03bb6,1780634776,0.0
fs_writes_bytes_rate,minikube,chaos-controller-manager-659785674d-wbwg8,chaos-testing,/kubepods/burstable/podd7abbfc2-2af5-4b28-b438-3ebef4bafcce,1780634776,0.0
fs_writes_bytes_rate,minikube,paymentservice-6b76dfb449-n8mm2,boutique,/kubepods/burstable/podd9986049-5066-4a99-a156-0bc7b2391961,1780634776,0.0
fs_writes_bytes_rate,minikube,checkoutservice-75b9cd684f-mxb57,boutique,/kubepods/burstable/pod899228c2-a2b5-44fd-93be-9c372e37e8b5,1780634776,0.0
fs_writes_bytes_rate,minikube,frontend-694b9f76cd-pskf5,boutique,/kubepods/burstable/pod4d235b9f-a410-4f2c-99da-80b42ecf7d86,1780634776,0.0
fs_writes_bytes_rate,minikube,productcatalogservice-fb49fc9cc-vbqbl,boutique,/kubepods/burstable/pod9b723af0-e450-462a-a20e-b721d0610cf7,1780634776,0.0
fs_reads_total,minikube,kube-proxy-fshvh,kube-system,/kubepods/besteffort/pod2f4efb93-ee48-4c37-b1e1-6f2e54a917c7,1780634776,521.0
fs_reads_total,minikube,monitoring-kube-state-metrics-868694bc4b-689cm,monitoring,/kubepods/besteffort/pod59c52cc8-67e3-4946-aac6-7ff0ef74285f,1780634776,522.0
fs_reads_total,minikube,prometheus-monitoring-kube-prometheus-prometheus-0,monitoring,/kubepods/besteffort/pod6bff50b8-f988-4ff2-a8c1-8f95f2c25189,1780634776,2662.0
fs_reads_total,minikube,storage-provisioner,kube-system,/kubepods/besteffort/pod9bffcac8-a0cd-49a4-ad59-cdbf60a579cb,1780634776,270.0
fs_reads_total,minikube,monitoring-grafana-6f66955c48-hlrcn,monitoring,/kubepods/besteffort/pod9d3fe3f0-8989-47b4-8478-0ae7be66df8d,1780634776,5860.0
fs_reads_total,minikube,chaos-daemon-n6ghj,chaos-testing,/kubepods/besteffort/poda051be83-a7cd-43e4-83d3-76f3c90e8474,1780634776,476.0
fs_reads_total,minikube,monitoring-kube-prometheus-operator-556b56cc6d-n6dg9,monitoring,/kubepods/besteffort/podc8122519-a592-495f-9353-00a2f23fdf80,1780634776,527.0
fs_reads_total,minikube,monitoring-prometheus-node-exporter-pdw8p,monitoring,/kubepods/besteffort/podd35abb3b-34f0-40fa-af55-3ab246fc64c8,1780634776,191.0
fs_reads_total,minikube,kube-scheduler-minikube,kube-system,/kubepods/burstable/pod1c7123a121598343200ffd5b015ca580,1780634776,462.0
fs_reads_total,minikube,shippingservice-55656785c7-lk4mx,boutique,/kubepods/burstable/pod1df51271-c9ea-47fa-8fb2-cf15bbc7c216,1780634776,156.0
fs_reads_total,minikube,chaos-controller-manager-659785674d-29q42,chaos-testing,/kubepods/burstable/pod21ab858c-cee8-438c-8682-c786dc3dc044,1780634776,140.0
fs_reads_total,minikube,chaos-controller-manager-659785674d-fjb2r,chaos-testing,/kubepods/burstable/pod2569141a-4d05-422e-bcf2-2f01e2f5056d,1780634776,4.0
fs_reads_total,minikube,coredns-7d764666f9-hxxb8,kube-system,/kubepods/burstable/pod596c18fb-891c-4e87-9b11-83d99dd6d264,1780634776,330.0
fs_reads_total,minikube,recommendationservice-6f8f67d69-fhrns,boutique,/kubepods/burstable/pod5ded7b1a-44d9-4178-8596-57a9e25f6171,1780634776,907.0
fs_reads_total,minikube,etcd-minikube,kube-system,/kubepods/burstable/pod5ff8e3b06bbaa8cb7ebc2bf531e48a2f,1780634776,1643.0
fs_reads_total,minikube,emailservice-7466dc585-sv4wh,boutique,/kubepods/burstable/pod6116940a-da83-4761-97dc-892a207b789e,1780634776,920.0
fs_reads_total,minikube,cartservice-546c548494-cb4lb,boutique,/kubepods/burstable/pod6ec732c5-cf34-4e25-a3ce-ff4b44ce8d19,1780634776,314.0
fs_reads_total,minikube,kube-controller-manager-minikube,kube-system,/kubepods/burstable/pod740363cf4388c2d0df59fc97f96b889c,1780634776,691.0
fs_reads_total,minikube,chaos-dashboard-5b77585c6c-zm7f4,chaos-testing,/kubepods/burstable/pod7d3e8284-7c72-4577-a8fb-79d957f69104,1780634776,741.0
fs_reads_total,minikube,chaos-dns-server-6bccb5bb76-gscmn,chaos-testing,/kubepods/burstable/pod8a82a436-ef3f-4750-8f39-dbfde680d0b8,1780634776,418.0
fs_reads_total,minikube,coredns-7d764666f9-gmlgd,kube-system,/kubepods/burstable/pod9289fad3-6e91-4617-b97d-6da4631c2f35,1780634776,498.0
fs_reads_total,minikube,adservice-8576649cff-5bvst,boutique,/kubepods/burstable/pod9d685cd3-17df-43af-a26e-7743c006902d,1780634776,1969.0
fs_reads_total,minikube,kube-apiserver-minikube,kube-system,/kubepods/burstable/poda6dc00f40d27725f15407f95751ce5f7,1780634776,946.0
fs_reads_total,minikube,loadgenerator-7dd458dd5b-p2gm5,boutique,/kubepods/burstable/podad2b31a2-cb58-4a8e-9520-6dac05e0ae03,1780634776,1158.0
fs_reads_total,minikube,alertmanager-monitoring-kube-prometheus-alertmanager-0,monitoring,/kubepods/burstable/podb5fde93f-2f9a-427f-aa16-8a257f179975,1780634776,642.0
fs_reads_total,minikube,currencyservice-fd8f5dfb7-js8gr,boutique,/kubepods/burstable/podc827ec2d-8a9d-4e1c-8017-62c3901eccb4,1780634776,876.0
fs_reads_total,minikube,redis-cart-6899b65948-ms767,boutique,/kubepods/burstable/podd425db0f-53f9-4bec-9ee1-49e4ced03bb6,1780634776,250.0
fs_reads_total,minikube,chaos-controller-manager-659785674d-wbwg8,chaos-testing,/kubepods/burstable/podd7abbfc2-2af5-4b28-b438-3ebef4bafcce,1780634776,562.0
fs_reads_total,minikube,paymentservice-6b76dfb449-n8mm2,boutique,/kubepods/burstable/podd9986049-5066-4a99-a156-0bc7b2391961,1780634776,727.0
fs_reads_total,minikube,checkoutservice-75b9cd684f-mxb57,boutique,/kubepods/burstable/pod899228c2-a2b5-44fd-93be-9c372e37e8b5,1780634776,173.0
fs_reads_total,minikube,frontend-694b9f76cd-pskf5,boutique,/kubepods/burstable/pod4d235b9f-a410-4f2c-99da-80b42ecf7d86,1780634776,212.0
fs_reads_total,minikube,productcatalogservice-fb49fc9cc-vbqbl,boutique,/kubepods/burstable/pod9b723af0-e450-462a-a20e-b721d0610cf7,1780634776,225.0
fs_writes_total,minikube,kube-proxy-fshvh,kube-system,/kubepods/besteffort/pod2f4efb93-ee48-4c37-b1e1-6f2e54a917c7,1780634776,0.0
fs_writes_total,minikube,monitoring-kube-state-metrics-868694bc4b-689cm,monitoring,/kubepods/besteffort/pod59c52cc8-67e3-4946-aac6-7ff0ef74285f,1780634776,0.0
fs_writes_total,minikube,prometheus-monitoring-kube-prometheus-prometheus-0,monitoring,/kubepods/besteffort/pod6bff50b8-f988-4ff2-a8c1-8f95f2c25189,1780634776,34.0
fs_writes_total,minikube,storage-provisioner,kube-system,/kubepods/besteffort/pod9bffcac8-a0cd-49a4-ad59-cdbf60a579cb,1780634776,0.0
fs_writes_total,minikube,monitoring-grafana-6f66955c48-hlrcn,monitoring,/kubepods/besteffort/pod9d3fe3f0-8989-47b4-8478-0ae7be66df8d,1780634776,78.0
fs_writes_total,minikube,chaos-daemon-n6ghj,chaos-testing,/kubepods/besteffort/poda051be83-a7cd-43e4-83d3-76f3c90e8474,1780634776,0.0
fs_writes_total,minikube,monitoring-kube-prometheus-operator-556b56cc6d-n6dg9,monitoring,/kubepods/besteffort/podc8122519-a592-495f-9353-00a2f23fdf80,1780634776,0.0
fs_writes_total,minikube,monitoring-prometheus-node-exporter-pdw8p,monitoring,/kubepods/besteffort/podd35abb3b-34f0-40fa-af55-3ab246fc64c8,1780634776,0.0
fs_writes_total,minikube,kube-scheduler-minikube,kube-system,/kubepods/burstable/pod1c7123a121598343200ffd5b015ca580,1780634776,0.0
fs_writes_total,minikube,shippingservice-55656785c7-lk4mx,boutique,/kubepods/burstable/pod1df51271-c9ea-47fa-8fb2-cf15bbc7c216,1780634776,0.0
fs_writes_total,minikube,chaos-controller-manager-659785674d-29q42,chaos-testing,/kubepods/burstable/pod21ab858c-cee8-438c-8682-c786dc3dc044,1780634776,0.0
fs_writes_total,minikube,chaos-controller-manager-659785674d-fjb2r,chaos-testing,/kubepods/burstable/pod2569141a-4d05-422e-bcf2-2f01e2f5056d,1780634776,0.0
fs_writes_total,minikube,coredns-7d764666f9-hxxb8,kube-system,/kubepods/burstable/pod596c18fb-891c-4e87-9b11-83d99dd6d264,1780634776,0.0
fs_writes_total,minikube,recommendationservice-6f8f67d69-fhrns,boutique,/kubepods/burstable/pod5ded7b1a-44d9-4178-8596-57a9e25f6171,1780634776,0.0
fs_writes_total,minikube,etcd-minikube,kube-system,/kubepods/burstable/pod5ff8e3b06bbaa8cb7ebc2bf531e48a2f,1780634776,3250.0
fs_writes_total,minikube,emailservice-7466dc585-sv4wh,boutique,/kubepods/burstable/pod6116940a-da83-4761-97dc-892a207b789e,1780634776,0.0
fs_writes_total,minikube,cartservice-546c548494-cb4lb,boutique,/kubepods/burstable/pod6ec732c5-cf34-4e25-a3ce-ff4b44ce8d19,1780634776,0.0
fs_writes_total,minikube,kube-controller-manager-minikube,kube-system,/kubepods/burstable/pod740363cf4388c2d0df59fc97f96b889c,1780634776,0.0
fs_writes_total,minikube,chaos-dashboard-5b77585c6c-zm7f4,chaos-testing,/kubepods/burstable/pod7d3e8284-7c72-4577-a8fb-79d957f69104,1780634776,0.0
fs_writes_total,minikube,chaos-dns-server-6bccb5bb76-gscmn,chaos-testing,/kubepods/burstable/pod8a82a436-ef3f-4750-8f39-dbfde680d0b8,1780634776,0.0
fs_writes_total,minikube,coredns-7d764666f9-gmlgd,kube-system,/kubepods/burstable/pod9289fad3-6e91-4617-b97d-6da4631c2f35,1780634776,0.0
fs_writes_total,minikube,adservice-8576649cff-5bvst,boutique,/kubepods/burstable/pod9d685cd3-17df-43af-a26e-7743c006902d,1780634776,0.0
fs_writes_total,minikube,kube-apiserver-minikube,kube-system,/kubepods/burstable/poda6dc00f40d27725f15407f95751ce5f7,1780634776,0.0
fs_writes_total,minikube,loadgenerator-7dd458dd5b-p2gm5,boutique,/kubepods/burstable/podad2b31a2-cb58-4a8e-9520-6dac05e0ae03,1780634776,0.0
fs_writes_total,minikube,alertmanager-monitoring-kube-prometheus-alertmanager-0,monitoring,/kubepods/burstable/podb5fde93f-2f9a-427f-aa16-8a257f179975,1780634776,0.0
fs_writes_total,minikube,currencyservice-fd8f5dfb7-js8gr,boutique,/kubepods/burstable/podc827ec2d-8a9d-4e1c-8017-62c3901eccb4,1780634776,0.0
fs_writes_total,minikube,redis-cart-6899b65948-ms767,boutique,/kubepods/burstable/podd425db0f-53f9-4bec-9ee1-49e4ced03bb6,1780634776,0.0
fs_writes_total,minikube,chaos-controller-manager-659785674d-wbwg8,chaos-testing,/kubepods/burstable/podd7abbfc2-2af5-4b28-b438-3ebef4bafcce,1780634776,0.0
fs_writes_total,minikube,paymentservice-6b76dfb449-n8mm2,boutique,/kubepods/burstable/podd9986049-5066-4a99-a156-0bc7b2391961,1780634776,0.0
fs_writes_total,minikube,checkoutservice-75b9cd684f-mxb57,boutique,/kubepods/burstable/pod899228c2-a2b5-44fd-93be-9c372e37e8b5,1780634776,0.0
fs_writes_total,minikube,frontend-694b9f76cd-pskf5,boutique,/kubepods/burstable/pod4d235b9f-a410-4f2c-99da-80b42ecf7d86,1780634776,0.0
fs_writes_total,minikube,productcatalogservice-fb49fc9cc-vbqbl,boutique,/kubepods/burstable/pod9b723af0-e450-462a-a20e-b721d0610cf7,1780634776,0.0
pod_status_phase_Pending,,productcatalogservice-fb49fc9cc-vbqbl,boutique,kube-state-metrics,1780634776,0.0
pod_status_phase_Succeeded,,productcatalogservice-fb49fc9cc-vbqbl,boutique,kube-state-metrics,1780634776,0.0
pod_status_phase_Failed,,productcatalogservice-fb49fc9cc-vbqbl,boutique,kube-state-metrics,1780634776,0.0
pod_status_phase_Unknown,,productcatalogservice-fb49fc9cc-vbqbl,boutique,kube-state-metrics,1780634776,0.0
pod_status_phase_Running,,productcatalogservice-fb49fc9cc-vbqbl,boutique,kube-state-metrics,1780634776,1.0
pod_status_phase_Pending,,redis-cart-6899b65948-ms767,boutique,kube-state-metrics,1780634776,0.0
pod_status_phase_Succeeded,,redis-cart-6899b65948-ms767,boutique,kube-state-metrics,1780634776,0.0
pod_status_phase_Failed,,redis-cart-6899b65948-ms767,boutique,kube-state-metrics,1780634776,0.0
pod_status_phase_Unknown,,redis-cart-6899b65948-ms767,boutique,kube-state-metrics,1780634776,0.0
pod_status_phase_Running,,redis-cart-6899b65948-ms767,boutique,kube-state-metrics,1780634776,1.0
pod_status_phase_Pending,,kube-controller-manager-minikube,kube-system,kube-state-metrics,1780634776,0.0
pod_status_phase_Succeeded,,kube-controller-manager-minikube,kube-system,kube-state-metrics,1780634776,0.0
pod_status_phase_Failed,,kube-controller-manager-minikube,kube-system,kube-state-metrics,1780634776,0.0
pod_status_phase_Unknown,,kube-controller-manager-minikube,kube-system,kube-state-metrics,1780634776,0.0
pod_status_phase_Running,,kube-controller-manager-minikube,kube-system,kube-state-metrics,1780634776,1.0
pod_status_phase_Pending,,currencyservice-fd8f5dfb7-js8gr,boutique,kube-state-metrics,1780634776,0.0
pod_status_phase_Succeeded,,currencyservice-fd8f5dfb7-js8gr,boutique,kube-state-metrics,1780634776,0.0
pod_status_phase_Failed,,currencyservice-fd8f5dfb7-js8gr,boutique,kube-state-metrics,1780634776,0.0
pod_status_phase_Unknown,,currencyservice-fd8f5dfb7-js8gr,boutique,kube-state-metrics,1780634776,0.0
pod_status_phase_Running,,currencyservice-fd8f5dfb7-js8gr,boutique,kube-state-metrics,1780634776,1.0
pod_status_phase_Pending,,kube-proxy-fshvh,kube-system,kube-state-metrics,1780634776,0.0
pod_status_phase_Succeeded,,kube-proxy-fshvh,kube-system,kube-state-metrics,1780634776,0.0
pod_status_phase_Failed,,kube-proxy-fshvh,kube-system,kube-state-metrics,1780634776,0.0
pod_status_phase_Unknown,,kube-proxy-fshvh,kube-system,kube-state-metrics,1780634776,0.0
pod_status_phase_Running,,kube-proxy-fshvh,kube-system,kube-state-metrics,1780634776,1.0
pod_status_phase_Pending,,chaos-controller-manager-659785674d-29q42,chaos-testing,kube-state-metrics,1780634776,0.0
pod_status_phase_Succeeded,,chaos-controller-manager-659785674d-29q42,chaos-testing,kube-state-metrics,1780634776,0.0
pod_status_phase_Failed,,chaos-controller-manager-659785674d-29q42,chaos-testing,kube-state-metrics,1780634776,0.0
pod_status_phase_Unknown,,chaos-controller-manager-659785674d-29q42,chaos-testing,kube-state-metrics,1780634776,0.0
pod_status_phase_Running,,chaos-controller-manager-659785674d-29q42,chaos-testing,kube-state-metrics,1780634776,1.0
pod_status_phase_Pending,,frontend-694b9f76cd-pskf5,boutique,kube-state-metrics,1780634776,0.0
pod_status_phase_Succeeded,,frontend-694b9f76cd-pskf5,boutique,kube-state-metrics,1780634776,0.0
pod_status_phase_Failed,,frontend-694b9f76cd-pskf5,boutique,kube-state-metrics,1780634776,0.0
pod_status_phase_Unknown,,frontend-694b9f76cd-pskf5,boutique,kube-state-metrics,1780634776,0.0
pod_status_phase_Running,,frontend-694b9f76cd-pskf5,boutique,kube-state-metrics,1780634776,1.0
pod_status_phase_Pending,,monitoring-kube-state-metrics-868694bc4b-689cm,monitoring,kube-state-metrics,1780634776,0.0
pod_status_phase_Succeeded,,monitoring-kube-state-metrics-868694bc4b-689cm,monitoring,kube-state-metrics,1780634776,0.0
pod_status_phase_Failed,,monitoring-kube-state-metrics-868694bc4b-689cm,monitoring,kube-state-metrics,1780634776,0.0
pod_status_phase_Unknown,,monitoring-kube-state-metrics-868694bc4b-689cm,monitoring,kube-state-metrics,1780634776,0.0
pod_status_phase_Running,,monitoring-kube-state-metrics-868694bc4b-689cm,monitoring,kube-state-metrics,1780634776,1.0
pod_status_phase_Pending,,chaos-controller-manager-659785674d-wbwg8,chaos-testing,kube-state-metrics,1780634776,0.0
pod_status_phase_Succeeded,,chaos-controller-manager-659785674d-wbwg8,chaos-testing,kube-state-metrics,1780634776,0.0
pod_status_phase_Failed,,chaos-controller-manager-659785674d-wbwg8,chaos-testing,kube-state-metrics,1780634776,0.0
pod_status_phase_Unknown,,chaos-controller-manager-659785674d-wbwg8,chaos-testing,kube-state-metrics,1780634776,0.0
pod_status_phase_Running,,chaos-controller-manager-659785674d-wbwg8,chaos-testing,kube-state-metrics,1780634776,1.0
pod_status_phase_Pending,,chaos-controller-manager-659785674d-fjb2r,chaos-testing,kube-state-metrics,1780634776,0.0
pod_status_phase_Succeeded,,chaos-controller-manager-659785674d-fjb2r,chaos-testing,kube-state-metrics,1780634776,0.0
pod_status_phase_Failed,,chaos-controller-manager-659785674d-fjb2r,chaos-testing,kube-state-metrics,1780634776,0.0
pod_status_phase_Unknown,,chaos-controller-manager-659785674d-fjb2r,chaos-testing,kube-state-metrics,1780634776,0.0
pod_status_phase_Running,,chaos-controller-manager-659785674d-fjb2r,chaos-testing,kube-state-metrics,1780634776,1.0
pod_status_phase_Pending,,paymentservice-6b76dfb449-n8mm2,boutique,kube-state-metrics,1780634776,0.0
pod_status_phase_Succeeded,,paymentservice-6b76dfb449-n8mm2,boutique,kube-state-metrics,1780634776,0.0
pod_status_phase_Failed,,paymentservice-6b76dfb449-n8mm2,boutique,kube-state-metrics,1780634776,0.0
pod_status_phase_Unknown,,paymentservice-6b76dfb449-n8mm2,boutique,kube-state-metrics,1780634776,0.0
pod_status_phase_Running,,paymentservice-6b76dfb449-n8mm2,boutique,kube-state-metrics,1780634776,1.0
pod_status_phase_Pending,,adservice-8576649cff-5bvst,boutique,kube-state-metrics,1780634776,0.0
pod_status_phase_Succeeded,,adservice-8576649cff-5bvst,boutique,kube-state-metrics,1780634776,0.0
pod_status_phase_Failed,,adservice-8576649cff-5bvst,boutique,kube-state-metrics,1780634776,0.0
pod_status_phase_Unknown,,adservice-8576649cff-5bvst,boutique,kube-state-metrics,1780634776,0.0
pod_status_phase_Running,,adservice-8576649cff-5bvst,boutique,kube-state-metrics,1780634776,1.0
pod_status_phase_Pending,,cartservice-546c548494-cb4lb,boutique,kube-state-metrics,1780634776,0.0
pod_status_phase_Succeeded,,cartservice-546c548494-cb4lb,boutique,kube-state-metrics,1780634776,0.0
pod_status_phase_Failed,,cartservice-546c548494-cb4lb,boutique,kube-state-metrics,1780634776,0.0
pod_status_phase_Unknown,,cartservice-546c548494-cb4lb,boutique,kube-state-metrics,1780634776,0.0
pod_status_phase_Running,,cartservice-546c548494-cb4lb,boutique,kube-state-metrics,1780634776,1.0
pod_status_phase_Pending,,monitoring-prometheus-node-exporter-pdw8p,monitoring,kube-state-metrics,1780634776,0.0
pod_status_phase_Succeeded,,monitoring-prometheus-node-exporter-pdw8p,monitoring,kube-state-metrics,1780634776,0.0
pod_status_phase_Failed,,monitoring-prometheus-node-exporter-pdw8p,monitoring,kube-state-metrics,1780634776,0.0
pod_status_phase_Unknown,,monitoring-prometheus-node-exporter-pdw8p,monitoring,kube-state-metrics,1780634776,0.0
pod_status_phase_Running,,monitoring-prometheus-node-exporter-pdw8p,monitoring,kube-state-metrics,1780634776,1.0
pod_status_phase_Pending,,etcd-minikube,kube-system,kube-state-metrics,1780634776,0.0
pod_status_phase_Succeeded,,etcd-minikube,kube-system,kube-state-metrics,1780634776,0.0
pod_status_phase_Failed,,etcd-minikube,kube-system,kube-state-metrics,1780634776,0.0
pod_status_phase_Unknown,,etcd-minikube,kube-system,kube-state-metrics,1780634776,0.0
pod_status_phase_Running,,etcd-minikube,kube-system,kube-state-metrics,1780634776,1.0
pod_status_phase_Pending,,coredns-7d764666f9-hxxb8,kube-system,kube-state-metrics,1780634776,0.0
pod_status_phase_Succeeded,,coredns-7d764666f9-hxxb8,kube-system,kube-state-metrics,1780634776,0.0
pod_status_phase_Failed,,coredns-7d764666f9-hxxb8,kube-system,kube-state-metrics,1780634776,0.0
pod_status_phase_Unknown,,coredns-7d764666f9-hxxb8,kube-system,kube-state-metrics,1780634776,0.0
pod_status_phase_Running,,coredns-7d764666f9-hxxb8,kube-system,kube-state-metrics,1780634776,1.0
pod_status_phase_Pending,,chaos-dns-server-6bccb5bb76-gscmn,chaos-testing,kube-state-metrics,1780634776,0.0
pod_status_phase_Succeeded,,chaos-dns-server-6bccb5bb76-gscmn,chaos-testing,kube-state-metrics,1780634776,0.0
pod_status_phase_Failed,,chaos-dns-server-6bccb5bb76-gscmn,chaos-testing,kube-state-metrics,1780634776,0.0
pod_status_phase_Unknown,,chaos-dns-server-6bccb5bb76-gscmn,chaos-testing,kube-state-metrics,1780634776,0.0
pod_status_phase_Running,,chaos-dns-server-6bccb5bb76-gscmn,chaos-testing,kube-state-metrics,1780634776,1.0
pod_status_phase_Pending,,kube-apiserver-minikube,kube-system,kube-state-metrics,1780634776,0.0
pod_status_phase_Succeeded,,kube-apiserver-minikube,kube-system,kube-state-metrics,1780634776,0.0
pod_status_phase_Failed,,kube-apiserver-minikube,kube-system,kube-state-metrics,1780634776,0.0
pod_status_phase_Unknown,,kube-apiserver-minikube,kube-system,kube-state-metrics,1780634776,0.0
pod_status_phase_Running,,kube-apiserver-minikube,kube-system,kube-state-metrics,1780634776,1.0
pod_status_phase_Pending,,prometheus-monitoring-kube-prometheus-prometheus-0,monitoring,kube-state-metrics,1780634776,0.0
pod_status_phase_Succeeded,,prometheus-monitoring-kube-prometheus-prometheus-0,monitoring,kube-state-metrics,1780634776,0.0
pod_status_phase_Failed,,prometheus-monitoring-kube-prometheus-prometheus-0,monitoring,kube-state-metrics,1780634776,0.0
pod_status_phase_Unknown,,prometheus-monitoring-kube-prometheus-prometheus-0,monitoring,kube-state-metrics,1780634776,0.0
pod_status_phase_Running,,prometheus-monitoring-kube-prometheus-prometheus-0,monitoring,kube-state-metrics,1780634776,1.0
pod_status_phase_Pending,,storage-provisioner,kube-system,kube-state-metrics,1780634776,0.0
pod_status_phase_Succeeded,,storage-provisioner,kube-system,kube-state-metrics,1780634776,0.0
pod_status_phase_Failed,,storage-provisioner,kube-system,kube-state-metrics,1780634776,0.0
pod_status_phase_Unknown,,storage-provisioner,kube-system,kube-state-metrics,1780634776,0.0
pod_status_phase_Running,,storage-provisioner,kube-system,kube-state-metrics,1780634776,1.0
pod_status_phase_Pending,,loadgenerator-7dd458dd5b-p2gm5,boutique,kube-state-metrics,1780634776,0.0
pod_status_phase_Succeeded,,loadgenerator-7dd458dd5b-p2gm5,boutique,kube-state-metrics,1780634776,0.0
pod_status_phase_Failed,,loadgenerator-7dd458dd5b-p2gm5,boutique,kube-state-metrics,1780634776,0.0
pod_status_phase_Unknown,,loadgenerator-7dd458dd5b-p2gm5,boutique,kube-state-metrics,1780634776,0.0
pod_status_phase_Running,,loadgenerator-7dd458dd5b-p2gm5,boutique,kube-state-metrics,1780634776,1.0
pod_status_phase_Pending,,alertmanager-monitoring-kube-prometheus-alertmanager-0,monitoring,kube-state-metrics,1780634776,0.0
pod_status_phase_Succeeded,,alertmanager-monitoring-kube-prometheus-alertmanager-0,monitoring,kube-state-metrics,1780634776,0.0
pod_status_phase_Failed,,alertmanager-monitoring-kube-prometheus-alertmanager-0,monitoring,kube-state-metrics,1780634776,0.0
pod_status_phase_Unknown,,alertmanager-monitoring-kube-prometheus-alertmanager-0,monitoring,kube-state-metrics,1780634776,0.0
pod_status_phase_Running,,alertmanager-monitoring-kube-prometheus-alertmanager-0,monitoring,kube-state-metrics,1780634776,1.0
pod_status_phase_Pending,,shippingservice-55656785c7-lk4mx,boutique,kube-state-metrics,1780634776,0.0
pod_status_phase_Succeeded,,shippingservice-55656785c7-lk4mx,boutique,kube-state-metrics,1780634776,0.0
pod_status_phase_Failed,,shippingservice-55656785c7-lk4mx,boutique,kube-state-metrics,1780634776,0.0
pod_status_phase_Unknown,,shippingservice-55656785c7-lk4mx,boutique,kube-state-metrics,1780634776,0.0
pod_status_phase_Running,,shippingservice-55656785c7-lk4mx,boutique,kube-state-metrics,1780634776,1.0
pod_status_phase_Pending,,chaos-dashboard-5b77585c6c-zm7f4,chaos-testing,kube-state-metrics,1780634776,0.0
pod_status_phase_Succeeded,,chaos-dashboard-5b77585c6c-zm7f4,chaos-testing,kube-state-metrics,1780634776,0.0
pod_status_phase_Failed,,chaos-dashboard-5b77585c6c-zm7f4,chaos-testing,kube-state-metrics,1780634776,0.0
pod_status_phase_Unknown,,chaos-dashboard-5b77585c6c-zm7f4,chaos-testing,kube-state-metrics,1780634776,0.0
pod_status_phase_Running,,chaos-dashboard-5b77585c6c-zm7f4,chaos-testing,kube-state-metrics,1780634776,1.0
pod_status_phase_Pending,,monitoring-grafana-6f66955c48-hlrcn,monitoring,kube-state-metrics,1780634776,0.0
pod_status_phase_Succeeded,,monitoring-grafana-6f66955c48-hlrcn,monitoring,kube-state-metrics,1780634776,0.0
pod_status_phase_Failed,,monitoring-grafana-6f66955c48-hlrcn,monitoring,kube-state-metrics,1780634776,0.0
pod_status_phase_Unknown,,monitoring-grafana-6f66955c48-hlrcn,monitoring,kube-state-metrics,1780634776,0.0
pod_status_phase_Running,,monitoring-grafana-6f66955c48-hlrcn,monitoring,kube-state-metrics,1780634776,1.0
pod_status_phase_Pending,,coredns-7d764666f9-gmlgd,kube-system,kube-state-metrics,1780634776,0.0
pod_status_phase_Succeeded,,coredns-7d764666f9-gmlgd,kube-system,kube-state-metrics,1780634776,0.0
pod_status_phase_Failed,,coredns-7d764666f9-gmlgd,kube-system,kube-state-metrics,1780634776,0.0
pod_status_phase_Unknown,,coredns-7d764666f9-gmlgd,kube-system,kube-state-metrics,1780634776,0.0
pod_status_phase_Running,,coredns-7d764666f9-gmlgd,kube-system,kube-state-metrics,1780634776,1.0
pod_status_phase_Pending,,checkoutservice-75b9cd684f-mxb57,boutique,kube-state-metrics,1780634776,0.0
pod_status_phase_Succeeded,,checkoutservice-75b9cd684f-mxb57,boutique,kube-state-metrics,1780634776,0.0
pod_status_phase_Failed,,checkoutservice-75b9cd684f-mxb57,boutique,kube-state-metrics,1780634776,0.0
pod_status_phase_Unknown,,checkoutservice-75b9cd684f-mxb57,boutique,kube-state-metrics,1780634776,0.0
pod_status_phase_Running,,checkoutservice-75b9cd684f-mxb57,boutique,kube-state-metrics,1780634776,1.0
pod_status_phase_Pending,,kube-scheduler-minikube,kube-system,kube-state-metrics,1780634776,0.0
pod_status_phase_Succeeded,,kube-scheduler-minikube,kube-system,kube-state-metrics,1780634776,0.0
pod_status_phase_Failed,,kube-scheduler-minikube,kube-system,kube-state-metrics,1780634776,0.0
pod_status_phase_Unknown,,kube-scheduler-minikube,kube-system,kube-state-metrics,1780634776,0.0
pod_status_phase_Running,,kube-scheduler-minikube,kube-system,kube-state-metrics,1780634776,1.0
pod_status_phase_Pending,,emailservice-7466dc585-sv4wh,boutique,kube-state-metrics,1780634776,0.0
pod_status_phase_Succeeded,,emailservice-7466dc585-sv4wh,boutique,kube-state-metrics,1780634776,0.0
pod_status_phase_Failed,,emailservice-7466dc585-sv4wh,boutique,kube-state-metrics,1780634776,0.0
pod_status_phase_Unknown,,emailservice-7466dc585-sv4wh,boutique,kube-state-metrics,1780634776,0.0
pod_status_phase_Running,,emailservice-7466dc585-sv4wh,boutique,kube-state-metrics,1780634776,1.0
pod_status_phase_Pending,,monitoring-kube-prometheus-operator-556b56cc6d-n6dg9,monitoring,kube-state-metrics,1780634776,0.0
pod_status_phase_Succeeded,,monitoring-kube-prometheus-operator-556b56cc6d-n6dg9,monitoring,kube-state-metrics,1780634776,0.0
pod_status_phase_Failed,,monitoring-kube-prometheus-operator-556b56cc6d-n6dg9,monitoring,kube-state-metrics,1780634776,0.0
pod_status_phase_Unknown,,monitoring-kube-prometheus-operator-556b56cc6d-n6dg9,monitoring,kube-state-metrics,1780634776,0.0
pod_status_phase_Running,,monitoring-kube-prometheus-operator-556b56cc6d-n6dg9,monitoring,kube-state-metrics,1780634776,1.0
pod_status_phase_Pending,,recommendationservice-6f8f67d69-fhrns,boutique,kube-state-metrics,1780634776,0.0
pod_status_phase_Succeeded,,recommendationservice-6f8f67d69-fhrns,boutique,kube-state-metrics,1780634776,0.0
pod_status_phase_Failed,,recommendationservice-6f8f67d69-fhrns,boutique,kube-state-metrics,1780634776,0.0
pod_status_phase_Unknown,,recommendationservice-6f8f67d69-fhrns,boutique,kube-state-metrics,1780634776,0.0
pod_status_phase_Running,,recommendationservice-6f8f67d69-fhrns,boutique,kube-state-metrics,1780634776,1.0
pod_status_phase_Pending,,chaos-daemon-n6ghj,chaos-testing,kube-state-metrics,1780634776,0.0
pod_status_phase_Succeeded,,chaos-daemon-n6ghj,chaos-testing,kube-state-metrics,1780634776,0.0
pod_status_phase_Failed,,chaos-daemon-n6ghj,chaos-testing,kube-state-metrics,1780634776,0.0
pod_status_phase_Unknown,,chaos-daemon-n6ghj,chaos-testing,kube-state-metrics,1780634776,0.0
pod_status_phase_Running,,chaos-daemon-n6ghj,chaos-testing,kube-state-metrics,1780634776,1.0
pod_restarts,,productcatalogservice-fb49fc9cc-vbqbl,boutique,server,1780634776,1.0
pod_restarts,,redis-cart-6899b65948-ms767,boutique,redis,1780634776,6.0
pod_restarts,,kube-controller-manager-minikube,kube-system,kube-controller-manager,1780634776,8.0
pod_restarts,,currencyservice-fd8f5dfb7-js8gr,boutique,server,1780634776,11.0
pod_restarts,,kube-proxy-fshvh,kube-system,kube-proxy,1780634776,7.0
pod_restarts,,chaos-controller-manager-659785674d-29q42,chaos-testing,chaos-mesh,1780634776,5.0
pod_restarts,,frontend-694b9f76cd-pskf5,boutique,server,1780634776,1.0
pod_restarts,,monitoring-kube-state-metrics-868694bc4b-689cm,monitoring,kube-state-metrics,1780634776,6.0
pod_restarts,,chaos-controller-manager-659785674d-wbwg8,chaos-testing,chaos-mesh,1780634776,5.0
pod_restarts,,chaos-controller-manager-659785674d-fjb2r,chaos-testing,chaos-mesh,1780634776,5.0
pod_restarts,,paymentservice-6b76dfb449-n8mm2,boutique,server,1780634776,9.0
pod_restarts,,adservice-8576649cff-5bvst,boutique,server,1780634776,8.0
pod_restarts,,cartservice-546c548494-cb4lb,boutique,server,1780634776,6.0
pod_restarts,,monitoring-prometheus-node-exporter-pdw8p,monitoring,node-exporter,1780634776,6.0
pod_restarts,,etcd-minikube,kube-system,etcd,1780634776,7.0
pod_restarts,,coredns-7d764666f9-hxxb8,kube-system,coredns,1780634776,7.0
pod_restarts,,chaos-dns-server-6bccb5bb76-gscmn,chaos-testing,chaos-dns-server,1780634776,5.0
pod_restarts,,kube-apiserver-minikube,kube-system,kube-apiserver,1780634776,7.0
pod_restarts,,prometheus-monitoring-kube-prometheus-prometheus-0,monitoring,config-reloader,1780634776,6.0
pod_restarts,,prometheus-monitoring-kube-prometheus-prometheus-0,monitoring,prometheus,1780634776,6.0
pod_restarts,,storage-provisioner,kube-system,storage-provisioner,1780634776,10.0
pod_restarts,,loadgenerator-7dd458dd5b-p2gm5,boutique,main,1780634776,5.0
pod_restarts,,alertmanager-monitoring-kube-prometheus-alertmanager-0,monitoring,alertmanager,1780634776,6.0
pod_restarts,,alertmanager-monitoring-kube-prometheus-alertmanager-0,monitoring,config-reloader,1780634776,6.0
pod_restarts,,shippingservice-55656785c7-lk4mx,boutique,server,1780634776,8.0
pod_restarts,,chaos-dashboard-5b77585c6c-zm7f4,chaos-testing,chaos-dashboard,1780634776,5.0
pod_restarts,,monitoring-grafana-6f66955c48-hlrcn,monitoring,grafana,1780634776,6.0
pod_restarts,,monitoring-grafana-6f66955c48-hlrcn,monitoring,grafana-sc-dashboard,1780634776,6.0
pod_restarts,,monitoring-grafana-6f66955c48-hlrcn,monitoring,grafana-sc-datasources,1780634776,6.0
pod_restarts,,coredns-7d764666f9-gmlgd,kube-system,coredns,1780634776,7.0
pod_restarts,,checkoutservice-75b9cd684f-mxb57,boutique,server,1780634776,1.0
pod_restarts,,kube-scheduler-minikube,kube-system,kube-scheduler,1780634776,7.0
pod_restarts,,emailservice-7466dc585-sv4wh,boutique,server,1780634776,13.0
pod_restarts,,monitoring-kube-prometheus-operator-556b56cc6d-n6dg9,monitoring,kube-prometheus-stack,1780634776,6.0
pod_restarts,,recommendationservice-6f8f67d69-fhrns,boutique,server,1780634776,12.0
pod_restarts,,chaos-daemon-n6ghj,chaos-testing,chaos-daemon,1780634776,5.0
cpu_rate,minikube,kube-proxy-fshvh,kube-system,/kubepods/besteffort/pod2f4efb93-ee48-4c37-b1e1-6f2e54a917c7,1780634790,0.0002958682657972369
cpu_rate,minikube,monitoring-kube-state-metrics-868694bc4b-689cm,monitoring,/kubepods/besteffort/pod59c52cc8-67e3-4946-aac6-7ff0ef74285f,1780634790,0.0005605945021064657
cpu_rate,minikube,prometheus-monitoring-kube-prometheus-prometheus-0,monitoring,/kubepods/besteffort/pod6bff50b8-f988-4ff2-a8c1-8f95f2c25189,1780634790,0.011439510838702092
cpu_rate,minikube,storage-provisioner,kube-system,/kubepods/besteffort/pod9bffcac8-a0cd-49a4-ad59-cdbf60a579cb,1780634790,0.0008819665915832203
cpu_rate,minikube,monitoring-grafana-6f66955c48-hlrcn,monitoring,/kubepods/besteffort/pod9d3fe3f0-8989-47b4-8478-0ae7be66df8d,1780634790,0.00761977519342125
cpu_rate,minikube,chaos-daemon-n6ghj,chaos-testing,/kubepods/besteffort/poda051be83-a7cd-43e4-83d3-76f3c90e8474,1780634790,2.736410140035371e-05
cpu_rate,minikube,monitoring-kube-prometheus-operator-556b56cc6d-n6dg9,monitoring,/kubepods/besteffort/podc8122519-a592-495f-9353-00a2f23fdf80,1780634790,0.0016673817265328884
cpu_rate,minikube,monitoring-prometheus-node-exporter-pdw8p,monitoring,/kubepods/besteffort/podd35abb3b-34f0-40fa-af55-3ab246fc64c8,1780634790,0.0011384715199324426
cpu_rate,minikube,kube-scheduler-minikube,kube-system,/kubepods/burstable/pod1c7123a121598343200ffd5b015ca580,1780634790,0.003218507448972381
cpu_rate,minikube,shippingservice-55656785c7-lk4mx,boutique,/kubepods/burstable/pod1df51271-c9ea-47fa-8fb2-cf15bbc7c216,1780634790,0.0005424091954970919
cpu_rate,minikube,chaos-controller-manager-659785674d-29q42,chaos-testing,/kubepods/burstable/pod21ab858c-cee8-438c-8682-c786dc3dc044,1780634790,0.0003175707038412923
cpu_rate,minikube,chaos-controller-manager-659785674d-fjb2r,chaos-testing,/kubepods/burstable/pod2569141a-4d05-422e-bcf2-2f01e2f5056d,1780634790,0.0003432820533830429
cpu_rate,minikube,coredns-7d764666f9-hxxb8,kube-system,/kubepods/burstable/pod596c18fb-891c-4e87-9b11-83d99dd6d264,1780634790,0.0016712205559342571
cpu_rate,minikube,recommendationservice-6f8f67d69-fhrns,boutique,/kubepods/burstable/pod5ded7b1a-44d9-4178-8596-57a9e25f6171,1780634790,0.004558388941849381
cpu_rate,minikube,etcd-minikube,kube-system,/kubepods/burstable/pod5ff8e3b06bbaa8cb7ebc2bf531e48a2f,1780634790,0.0177333915551313
cpu_rate,minikube,emailservice-7466dc585-sv4wh,boutique,/kubepods/burstable/pod6116940a-da83-4761-97dc-892a207b789e,1780634790,0.0010518742158092842
cpu_rate,minikube,cartservice-546c548494-cb4lb,boutique,/kubepods/burstable/pod6ec732c5-cf34-4e25-a3ce-ff4b44ce8d19,1780634790,0.007554234722222222
cpu_rate,minikube,kube-controller-manager-minikube,kube-system,/kubepods/burstable/pod740363cf4388c2d0df59fc97f96b889c,1780634790,0.010406324985553803
cpu_rate,minikube,chaos-dashboard-5b77585c6c-zm7f4,chaos-testing,/kubepods/burstable/pod7d3e8284-7c72-4577-a8fb-79d957f69104,1780634790,0.0011075891980819026
cpu_rate,minikube,chaos-dns-server-6bccb5bb76-gscmn,chaos-testing,/kubepods/burstable/pod8a82a436-ef3f-4750-8f39-dbfde680d0b8,1780634790,0.00151042025862069
cpu_rate,minikube,coredns-7d764666f9-gmlgd,kube-system,/kubepods/burstable/pod9289fad3-6e91-4617-b97d-6da4631c2f35,1780634790,0.001661412291994469
cpu_rate,minikube,adservice-8576649cff-5bvst,boutique,/kubepods/burstable/pod9d685cd3-17df-43af-a26e-7743c006902d,1780634790,0.007361220995670994
cpu_rate,minikube,kube-apiserver-minikube,kube-system,/kubepods/burstable/poda6dc00f40d27725f15407f95751ce5f7,1780634790,0.03477234588447402
cpu_rate,minikube,loadgenerator-7dd458dd5b-p2gm5,boutique,/kubepods/burstable/podad2b31a2-cb58-4a8e-9520-6dac05e0ae03,1780634790,0.0018440964575957095
cpu_rate,minikube,alertmanager-monitoring-kube-prometheus-alertmanager-0,monitoring,/kubepods/burstable/podb5fde93f-2f9a-427f-aa16-8a257f179975,1780634790,0.0004881308142132381
cpu_rate,minikube,currencyservice-fd8f5dfb7-js8gr,boutique,/kubepods/burstable/podc827ec2d-8a9d-4e1c-8017-62c3901eccb4,1780634790,0.007930185836435552
cpu_rate,minikube,redis-cart-6899b65948-ms767,boutique,/kubepods/burstable/podd425db0f-53f9-4bec-9ee1-49e4ced03bb6,1780634790,0.0013953560458759545
cpu_rate,minikube,chaos-controller-manager-659785674d-wbwg8,chaos-testing,/kubepods/burstable/podd7abbfc2-2af5-4b28-b438-3ebef4bafcce,1780634790,0.002013896474910882
cpu_rate,minikube,paymentservice-6b76dfb449-n8mm2,boutique,/kubepods/burstable/podd9986049-5066-4a99-a156-0bc7b2391961,1780634790,0.0009637682609565744
cpu_rate,minikube,checkoutservice-75b9cd684f-mxb57,boutique,/kubepods/burstable/pod899228c2-a2b5-44fd-93be-9c372e37e8b5,1780634790,0.00047606317851603923
cpu_rate,minikube,frontend-694b9f76cd-pskf5,boutique,/kubepods/burstable/pod4d235b9f-a410-4f2c-99da-80b42ecf7d86,1780634790,0.008806987728000317
cpu_rate,minikube,productcatalogservice-fb49fc9cc-vbqbl,boutique,/kubepods/burstable/pod9b723af0-e450-462a-a20e-b721d0610cf7,1780634790,0.0033622893929402308
memory_working_set,minikube,kube-proxy-fshvh,kube-system,/kubepods/besteffort/pod2f4efb93-ee48-4c37-b1e1-6f2e54a917c7,1780634790,38322176.0
memory_working_set,minikube,monitoring-kube-state-metrics-868694bc4b-689cm,monitoring,/kubepods/besteffort/pod59c52cc8-67e3-4946-aac6-7ff0ef74285f,1780634790,39862272.0
memory_working_set,minikube,prometheus-monitoring-kube-prometheus-prometheus-0,monitoring,/kubepods/besteffort/pod6bff50b8-f988-4ff2-a8c1-8f95f2c25189,1780634790,265662464.0
memory_working_set,minikube,storage-provisioner,kube-system,/kubepods/besteffort/pod9bffcac8-a0cd-49a4-ad59-cdbf60a579cb,1780634790,18243584.0
memory_working_set,minikube,monitoring-grafana-6f66955c48-hlrcn,monitoring,/kubepods/besteffort/pod9d3fe3f0-8989-47b4-8478-0ae7be66df8d,1780634790,435716096.0
memory_working_set,minikube,chaos-daemon-n6ghj,chaos-testing,/kubepods/besteffort/poda051be83-a7cd-43e4-83d3-76f3c90e8474,1780634790,25460736.0
memory_working_set,minikube,monitoring-kube-prometheus-operator-556b56cc6d-n6dg9,monitoring,/kubepods/besteffort/podc8122519-a592-495f-9353-00a2f23fdf80,1780634790,41472000.0
memory_working_set,minikube,monitoring-prometheus-node-exporter-pdw8p,monitoring,/kubepods/besteffort/podd35abb3b-34f0-40fa-af55-3ab246fc64c8,1780634790,17317888.0
memory_working_set,minikube,kube-scheduler-minikube,kube-system,/kubepods/burstable/pod1c7123a121598343200ffd5b015ca580,1780634790,39616512.0
memory_working_set,minikube,shippingservice-55656785c7-lk4mx,boutique,/kubepods/burstable/pod1df51271-c9ea-47fa-8fb2-cf15bbc7c216,1780634790,13004800.0
memory_working_set,minikube,chaos-controller-manager-659785674d-29q42,chaos-testing,/kubepods/burstable/pod21ab858c-cee8-438c-8682-c786dc3dc044,1780634790,19476480.0
memory_working_set,minikube,chaos-controller-manager-659785674d-fjb2r,chaos-testing,/kubepods/burstable/pod2569141a-4d05-422e-bcf2-2f01e2f5056d,1780634790,15974400.0
memory_working_set,minikube,coredns-7d764666f9-hxxb8,kube-system,/kubepods/burstable/pod596c18fb-891c-4e87-9b11-83d99dd6d264,1780634790,26361856.0
memory_working_set,minikube,recommendationservice-6f8f67d69-fhrns,boutique,/kubepods/burstable/pod5ded7b1a-44d9-4178-8596-57a9e25f6171,1780634790,52002816.0
memory_working_set,minikube,etcd-minikube,kube-system,/kubepods/burstable/pod5ff8e3b06bbaa8cb7ebc2bf531e48a2f,1780634790,94683136.0
memory_working_set,minikube,emailservice-7466dc585-sv4wh,boutique,/kubepods/burstable/pod6116940a-da83-4761-97dc-892a207b789e,1780634790,52035584.0
memory_working_set,minikube,cartservice-546c548494-cb4lb,boutique,/kubepods/burstable/pod6ec732c5-cf34-4e25-a3ce-ff4b44ce8d19,1780634790,47796224.0
memory_working_set,minikube,kube-controller-manager-minikube,kube-system,/kubepods/burstable/pod740363cf4388c2d0df59fc97f96b889c,1780634790,110374912.0
memory_working_set,minikube,chaos-dashboard-5b77585c6c-zm7f4,chaos-testing,/kubepods/burstable/pod7d3e8284-7c72-4577-a8fb-79d957f69104,1780634790,53198848.0
memory_working_set,minikube,chaos-dns-server-6bccb5bb76-gscmn,chaos-testing,/kubepods/burstable/pod8a82a436-ef3f-4750-8f39-dbfde680d0b8,1780634790,28655616.0
memory_working_set,minikube,coredns-7d764666f9-gmlgd,kube-system,/kubepods/burstable/pod9289fad3-6e91-4617-b97d-6da4631c2f35,1780634790,36327424.0
memory_working_set,minikube,adservice-8576649cff-5bvst,boutique,/kubepods/burstable/pod9d685cd3-17df-43af-a26e-7743c006902d,1780634790,96727040.0
memory_working_set,minikube,kube-apiserver-minikube,kube-system,/kubepods/burstable/poda6dc00f40d27725f15407f95751ce5f7,1780634790,574808064.0
memory_working_set,minikube,loadgenerator-7dd458dd5b-p2gm5,boutique,/kubepods/burstable/podad2b31a2-cb58-4a8e-9520-6dac05e0ae03,1780634790,63856640.0
memory_working_set,minikube,alertmanager-monitoring-kube-prometheus-alertmanager-0,monitoring,/kubepods/burstable/podb5fde93f-2f9a-427f-aa16-8a257f179975,1780634790,42606592.0
memory_working_set,minikube,currencyservice-fd8f5dfb7-js8gr,boutique,/kubepods/burstable/podc827ec2d-8a9d-4e1c-8017-62c3901eccb4,1780634790,39448576.0
memory_working_set,minikube,redis-cart-6899b65948-ms767,boutique,/kubepods/burstable/podd425db0f-53f9-4bec-9ee1-49e4ced03bb6,1780634790,12668928.0
memory_working_set,minikube,chaos-controller-manager-659785674d-wbwg8,chaos-testing,/kubepods/burstable/podd7abbfc2-2af5-4b28-b438-3ebef4bafcce,1780634790,54747136.0
memory_working_set,minikube,paymentservice-6b76dfb449-n8mm2,boutique,/kubepods/burstable/podd9986049-5066-4a99-a156-0bc7b2391961,1780634790,33452032.0
memory_working_set,minikube,checkoutservice-75b9cd684f-mxb57,boutique,/kubepods/burstable/pod899228c2-a2b5-44fd-93be-9c372e37e8b5,1780634790,13590528.0
memory_working_set,minikube,frontend-694b9f76cd-pskf5,boutique,/kubepods/burstable/pod4d235b9f-a410-4f2c-99da-80b42ecf7d86,1780634790,18661376.0
memory_working_set,minikube,productcatalogservice-fb49fc9cc-vbqbl,boutique,/kubepods/burstable/pod9b723af0-e450-462a-a20e-b721d0610cf7,1780634790,15720448.0
memory_rss,minikube,kube-proxy-fshvh,kube-system,/kubepods/besteffort/pod2f4efb93-ee48-4c37-b1e1-6f2e54a917c7,1780634790,18735104.0
memory_rss,minikube,monitoring-kube-state-metrics-868694bc4b-689cm,monitoring,/kubepods/besteffort/pod59c52cc8-67e3-4946-aac6-7ff0ef74285f,1780634790,21270528.0
memory_rss,minikube,prometheus-monitoring-kube-prometheus-prometheus-0,monitoring,/kubepods/besteffort/pod6bff50b8-f988-4ff2-a8c1-8f95f2c25189,1780634790,217485312.0
memory_rss,minikube,storage-provisioner,kube-system,/kubepods/besteffort/pod9bffcac8-a0cd-49a4-ad59-cdbf60a579cb,1780634790,9117696.0
memory_rss,minikube,monitoring-grafana-6f66955c48-hlrcn,monitoring,/kubepods/besteffort/pod9d3fe3f0-8989-47b4-8478-0ae7be66df8d,1780634790,309497856.0
memory_rss,minikube,chaos-daemon-n6ghj,chaos-testing,/kubepods/besteffort/poda051be83-a7cd-43e4-83d3-76f3c90e8474,1780634790,8253440.0
memory_rss,minikube,monitoring-kube-prometheus-operator-556b56cc6d-n6dg9,monitoring,/kubepods/besteffort/podc8122519-a592-495f-9353-00a2f23fdf80,1780634790,21762048.0
memory_rss,minikube,monitoring-prometheus-node-exporter-pdw8p,monitoring,/kubepods/besteffort/podd35abb3b-34f0-40fa-af55-3ab246fc64c8,1780634790,10342400.0
memory_rss,minikube,kube-scheduler-minikube,kube-system,/kubepods/burstable/pod1c7123a121598343200ffd5b015ca580,1780634790,23085056.0
memory_rss,minikube,shippingservice-55656785c7-lk4mx,boutique,/kubepods/burstable/pod1df51271-c9ea-47fa-8fb2-cf15bbc7c216,1780634790,7274496.0
memory_rss,minikube,chaos-controller-manager-659785674d-29q42,chaos-testing,/kubepods/burstable/pod21ab858c-cee8-438c-8682-c786dc3dc044,1780634790,15147008.0
memory_rss,minikube,chaos-controller-manager-659785674d-fjb2r,chaos-testing,/kubepods/burstable/pod2569141a-4d05-422e-bcf2-2f01e2f5056d,1780634790,14721024.0
memory_rss,minikube,coredns-7d764666f9-hxxb8,kube-system,/kubepods/burstable/pod596c18fb-891c-4e87-9b11-83d99dd6d264,1780634790,15433728.0
memory_rss,minikube,recommendationservice-6f8f67d69-fhrns,boutique,/kubepods/burstable/pod5ded7b1a-44d9-4178-8596-57a9e25f6171,1780634790,41271296.0
memory_rss,minikube,etcd-minikube,kube-system,/kubepods/burstable/pod5ff8e3b06bbaa8cb7ebc2bf531e48a2f,1780634790,62779392.0
memory_rss,minikube,emailservice-7466dc585-sv4wh,boutique,/kubepods/burstable/pod6116940a-da83-4761-97dc-892a207b789e,1780634790,42352640.0
memory_rss,minikube,cartservice-546c548494-cb4lb,boutique,/kubepods/burstable/pod6ec732c5-cf34-4e25-a3ce-ff4b44ce8d19,1780634790,16408576.0
memory_rss,minikube,kube-controller-manager-minikube,kube-system,/kubepods/burstable/pod740363cf4388c2d0df59fc97f96b889c,1780634790,83058688.0
memory_rss,minikube,chaos-dashboard-5b77585c6c-zm7f4,chaos-testing,/kubepods/burstable/pod7d3e8284-7c72-4577-a8fb-79d957f69104,1780634790,32489472.0
memory_rss,minikube,chaos-dns-server-6bccb5bb76-gscmn,chaos-testing,/kubepods/burstable/pod8a82a436-ef3f-4750-8f39-dbfde680d0b8,1780634790,12742656.0
memory_rss,minikube,coredns-7d764666f9-gmlgd,kube-system,/kubepods/burstable/pod9289fad3-6e91-4617-b97d-6da4631c2f35,1780634790,15925248.0
memory_rss,minikube,adservice-8576649cff-5bvst,boutique,/kubepods/burstable/pod9d685cd3-17df-43af-a26e-7743c006902d,1780634790,80384000.0
memory_rss,minikube,kube-apiserver-minikube,kube-system,/kubepods/burstable/poda6dc00f40d27725f15407f95751ce5f7,1780634790,537784320.0
memory_rss,minikube,loadgenerator-7dd458dd5b-p2gm5,boutique,/kubepods/burstable/podad2b31a2-cb58-4a8e-9520-6dac05e0ae03,1780634790,54923264.0
memory_rss,minikube,alertmanager-monitoring-kube-prometheus-alertmanager-0,monitoring,/kubepods/burstable/podb5fde93f-2f9a-427f-aa16-8a257f179975,1780634790,25849856.0
memory_rss,minikube,currencyservice-fd8f5dfb7-js8gr,boutique,/kubepods/burstable/podc827ec2d-8a9d-4e1c-8017-62c3901eccb4,1780634790,17113088.0
memory_rss,minikube,redis-cart-6899b65948-ms767,boutique,/kubepods/burstable/podd425db0f-53f9-4bec-9ee1-49e4ced03bb6,1780634790,5562368.0
memory_rss,minikube,chaos-controller-manager-659785674d-wbwg8,chaos-testing,/kubepods/burstable/podd7abbfc2-2af5-4b28-b438-3ebef4bafcce,1780634790,26529792.0
memory_rss,minikube,paymentservice-6b76dfb449-n8mm2,boutique,/kubepods/burstable/podd9986049-5066-4a99-a156-0bc7b2391961,1780634790,13717504.0
memory_rss,minikube,checkoutservice-75b9cd684f-mxb57,boutique,/kubepods/burstable/pod899228c2-a2b5-44fd-93be-9c372e37e8b5,1780634790,7462912.0
memory_rss,minikube,frontend-694b9f76cd-pskf5,boutique,/kubepods/burstable/pod4d235b9f-a410-4f2c-99da-80b42ecf7d86,1780634790,11321344.0
memory_rss,minikube,productcatalogservice-fb49fc9cc-vbqbl,boutique,/kubepods/burstable/pod9b723af0-e450-462a-a20e-b721d0610cf7,1780634790,8568832.0
fs_reads_bytes_rate,minikube,kube-proxy-fshvh,kube-system,/kubepods/besteffort/pod2f4efb93-ee48-4c37-b1e1-6f2e54a917c7,1780634790,1510.3244837758114
fs_reads_bytes_rate,minikube,monitoring-kube-state-metrics-868694bc4b-689cm,monitoring,/kubepods/besteffort/pod59c52cc8-67e3-4946-aac6-7ff0ef74285f,1780634790,1247.1795318629677
fs_reads_bytes_rate,minikube,prometheus-monitoring-kube-prometheus-prometheus-0,monitoring,/kubepods/besteffort/pod6bff50b8-f988-4ff2-a8c1-8f95f2c25189,1780634790,62763.03679479899
fs_reads_bytes_rate,minikube,storage-provisioner,kube-system,/kubepods/besteffort/pod9bffcac8-a0cd-49a4-ad59-cdbf60a579cb,1780634790,0.0
fs_reads_bytes_rate,minikube,monitoring-grafana-6f66955c48-hlrcn,monitoring,/kubepods/besteffort/pod9d3fe3f0-8989-47b4-8478-0ae7be66df8d,1780634790,25391.971193615882
fs_reads_bytes_rate,minikube,chaos-daemon-n6ghj,chaos-testing,/kubepods/besteffort/poda051be83-a7cd-43e4-83d3-76f3c90e8474,1780634790,3756.7677455346598
fs_reads_bytes_rate,minikube,monitoring-kube-prometheus-operator-556b56cc6d-n6dg9,monitoring,/kubepods/besteffort/podc8122519-a592-495f-9353-00a2f23fdf80,1780634790,709.2367778055678
fs_reads_bytes_rate,minikube,monitoring-prometheus-node-exporter-pdw8p,monitoring,/kubepods/besteffort/podd35abb3b-34f0-40fa-af55-3ab246fc64c8,1780634790,8098.946479511447
fs_reads_bytes_rate,minikube,kube-scheduler-minikube,kube-system,/kubepods/burstable/pod1c7123a121598343200ffd5b015ca580,1780634790,0.0
fs_reads_bytes_rate,minikube,shippingservice-55656785c7-lk4mx,boutique,/kubepods/burstable/pod1df51271-c9ea-47fa-8fb2-cf15bbc7c216,1780634790,0.0
fs_reads_bytes_rate,minikube,chaos-controller-manager-659785674d-29q42,chaos-testing,/kubepods/burstable/pod21ab858c-cee8-438c-8682-c786dc3dc044,1780634790,0.0
fs_reads_bytes_rate,minikube,chaos-controller-manager-659785674d-fjb2r,chaos-testing,/kubepods/burstable/pod2569141a-4d05-422e-bcf2-2f01e2f5056d,1780634790,0.0
fs_reads_bytes_rate,minikube,coredns-7d764666f9-hxxb8,kube-system,/kubepods/burstable/pod596c18fb-891c-4e87-9b11-83d99dd6d264,1780634790,3024.76709838673
fs_reads_bytes_rate,minikube,recommendationservice-6f8f67d69-fhrns,boutique,/kubepods/burstable/pod5ded7b1a-44d9-4178-8596-57a9e25f6171,1780634790,0.0
fs_reads_bytes_rate,minikube,etcd-minikube,kube-system,/kubepods/burstable/pod5ff8e3b06bbaa8cb7ebc2bf531e48a2f,1780634790,374.3526209964051
fs_reads_bytes_rate,minikube,emailservice-7466dc585-sv4wh,boutique,/kubepods/burstable/pod6116940a-da83-4761-97dc-892a207b789e,1780634790,0.0
fs_reads_bytes_rate,minikube,cartservice-546c548494-cb4lb,boutique,/kubepods/burstable/pod6ec732c5-cf34-4e25-a3ce-ff4b44ce8d19,1780634790,876.088888888889
fs_reads_bytes_rate,minikube,kube-controller-manager-minikube,kube-system,/kubepods/burstable/pod740363cf4388c2d0df59fc97f96b889c,1780634790,40.11635309442426
fs_reads_bytes_rate,minikube,chaos-dashboard-5b77585c6c-zm7f4,chaos-testing,/kubepods/burstable/pod7d3e8284-7c72-4577-a8fb-79d957f69104,1780634790,15429.730512894816
fs_reads_bytes_rate,minikube,chaos-dns-server-6bccb5bb76-gscmn,chaos-testing,/kubepods/burstable/pod8a82a436-ef3f-4750-8f39-dbfde680d0b8,1780634790,706.2068965517241
fs_reads_bytes_rate,minikube,coredns-7d764666f9-gmlgd,kube-system,/kubepods/burstable/pod9289fad3-6e91-4617-b97d-6da4631c2f35,1780634790,1718.6287131073286
fs_reads_bytes_rate,minikube,adservice-8576649cff-5bvst,boutique,/kubepods/burstable/pod9d685cd3-17df-43af-a26e-7743c006902d,1780634790,3410.5592855781542
fs_reads_bytes_rate,minikube,kube-apiserver-minikube,kube-system,/kubepods/burstable/poda6dc00f40d27725f15407f95751ce5f7,1780634790,11692.577953447519
fs_reads_bytes_rate,minikube,loadgenerator-7dd458dd5b-p2gm5,boutique,/kubepods/burstable/podad2b31a2-cb58-4a8e-9520-6dac05e0ae03,1780634790,1267.9367222774883
fs_reads_bytes_rate,minikube,alertmanager-monitoring-kube-prometheus-alertmanager-0,monitoring,/kubepods/burstable/podb5fde93f-2f9a-427f-aa16-8a257f179975,1780634790,12199.795478689077
fs_reads_bytes_rate,minikube,currencyservice-fd8f5dfb7-js8gr,boutique,/kubepods/burstable/podc827ec2d-8a9d-4e1c-8017-62c3901eccb4,1780634790,3460.64207993822
fs_reads_bytes_rate,minikube,redis-cart-6899b65948-ms767,boutique,/kubepods/burstable/podd425db0f-53f9-4bec-9ee1-49e4ced03bb6,1780634790,0.0
fs_reads_bytes_rate,minikube,chaos-controller-manager-659785674d-wbwg8,chaos-testing,/kubepods/burstable/podd7abbfc2-2af5-4b28-b438-3ebef4bafcce,1780634790,0.0
fs_reads_bytes_rate,minikube,paymentservice-6b76dfb449-n8mm2,boutique,/kubepods/burstable/podd9986049-5066-4a99-a156-0bc7b2391961,1780634790,4918.150890534321
fs_reads_bytes_rate,minikube,checkoutservice-75b9cd684f-mxb57,boutique,/kubepods/burstable/pod899228c2-a2b5-44fd-93be-9c372e37e8b5,1780634790,1629.9077626316218
fs_reads_bytes_rate,minikube,frontend-694b9f76cd-pskf5,boutique,/kubepods/burstable/pod4d235b9f-a410-4f2c-99da-80b42ecf7d86,1780634790,1376.044898523803
fs_reads_bytes_rate,minikube,productcatalogservice-fb49fc9cc-vbqbl,boutique,/kubepods/burstable/pod9b723af0-e450-462a-a20e-b721d0610cf7,1780634790,2152.05615975002
fs_writes_bytes_rate,minikube,kube-proxy-fshvh,kube-system,/kubepods/besteffort/pod2f4efb93-ee48-4c37-b1e1-6f2e54a917c7,1780634790,0.0
fs_writes_bytes_rate,minikube,monitoring-kube-state-metrics-868694bc4b-689cm,monitoring,/kubepods/besteffort/pod59c52cc8-67e3-4946-aac6-7ff0ef74285f,1780634790,0.0
fs_writes_bytes_rate,minikube,prometheus-monitoring-kube-prometheus-prometheus-0,monitoring,/kubepods/besteffort/pod6bff50b8-f988-4ff2-a8c1-8f95f2c25189,1780634790,9584.898270899015
fs_writes_bytes_rate,minikube,storage-provisioner,kube-system,/kubepods/besteffort/pod9bffcac8-a0cd-49a4-ad59-cdbf60a579cb,1780634790,0.0
fs_writes_bytes_rate,minikube,monitoring-grafana-6f66955c48-hlrcn,monitoring,/kubepods/besteffort/pod9d3fe3f0-8989-47b4-8478-0ae7be66df8d,1780634790,956.6833730718699
fs_writes_bytes_rate,minikube,chaos-daemon-n6ghj,chaos-testing,/kubepods/besteffort/poda051be83-a7cd-43e4-83d3-76f3c90e8474,1780634790,0.0
fs_writes_bytes_rate,minikube,monitoring-kube-prometheus-operator-556b56cc6d-n6dg9,monitoring,/kubepods/besteffort/podc8122519-a592-495f-9353-00a2f23fdf80,1780634790,0.0
fs_writes_bytes_rate,minikube,monitoring-prometheus-node-exporter-pdw8p,monitoring,/kubepods/besteffort/podd35abb3b-34f0-40fa-af55-3ab246fc64c8,1780634790,0.0
fs_writes_bytes_rate,minikube,kube-scheduler-minikube,kube-system,/kubepods/burstable/pod1c7123a121598343200ffd5b015ca580,1780634790,0.0
fs_writes_bytes_rate,minikube,shippingservice-55656785c7-lk4mx,boutique,/kubepods/burstable/pod1df51271-c9ea-47fa-8fb2-cf15bbc7c216,1780634790,0.0
fs_writes_bytes_rate,minikube,chaos-controller-manager-659785674d-29q42,chaos-testing,/kubepods/burstable/pod21ab858c-cee8-438c-8682-c786dc3dc044,1780634790,0.0
fs_writes_bytes_rate,minikube,chaos-controller-manager-659785674d-fjb2r,chaos-testing,/kubepods/burstable/pod2569141a-4d05-422e-bcf2-2f01e2f5056d,1780634790,0.0
fs_writes_bytes_rate,minikube,coredns-7d764666f9-hxxb8,kube-system,/kubepods/burstable/pod596c18fb-891c-4e87-9b11-83d99dd6d264,1780634790,0.0
fs_writes_bytes_rate,minikube,recommendationservice-6f8f67d69-fhrns,boutique,/kubepods/burstable/pod5ded7b1a-44d9-4178-8596-57a9e25f6171,1780634790,0.0
fs_writes_bytes_rate,minikube,etcd-minikube,kube-system,/kubepods/burstable/pod5ff8e3b06bbaa8cb7ebc2bf531e48a2f,1780634790,37102.50421431037
fs_writes_bytes_rate,minikube,emailservice-7466dc585-sv4wh,boutique,/kubepods/burstable/pod6116940a-da83-4761-97dc-892a207b789e,1780634790,0.0
fs_writes_bytes_rate,minikube,cartservice-546c548494-cb4lb,boutique,/kubepods/burstable/pod6ec732c5-cf34-4e25-a3ce-ff4b44ce8d19,1780634790,0.0
fs_writes_bytes_rate,minikube,kube-controller-manager-minikube,kube-system,/kubepods/burstable/pod740363cf4388c2d0df59fc97f96b889c,1780634790,0.0
fs_writes_bytes_rate,minikube,chaos-dashboard-5b77585c6c-zm7f4,chaos-testing,/kubepods/burstable/pod7d3e8284-7c72-4577-a8fb-79d957f69104,1780634790,0.0
fs_writes_bytes_rate,minikube,chaos-dns-server-6bccb5bb76-gscmn,chaos-testing,/kubepods/burstable/pod8a82a436-ef3f-4750-8f39-dbfde680d0b8,1780634790,0.0
fs_writes_bytes_rate,minikube,coredns-7d764666f9-gmlgd,kube-system,/kubepods/burstable/pod9289fad3-6e91-4617-b97d-6da4631c2f35,1780634790,0.0
fs_writes_bytes_rate,minikube,adservice-8576649cff-5bvst,boutique,/kubepods/burstable/pod9d685cd3-17df-43af-a26e-7743c006902d,1780634790,0.0
fs_writes_bytes_rate,minikube,kube-apiserver-minikube,kube-system,/kubepods/burstable/poda6dc00f40d27725f15407f95751ce5f7,1780634790,0.0
fs_writes_bytes_rate,minikube,loadgenerator-7dd458dd5b-p2gm5,boutique,/kubepods/burstable/podad2b31a2-cb58-4a8e-9520-6dac05e0ae03,1780634790,0.0
fs_writes_bytes_rate,minikube,alertmanager-monitoring-kube-prometheus-alertmanager-0,monitoring,/kubepods/burstable/podb5fde93f-2f9a-427f-aa16-8a257f179975,1780634790,0.0
fs_writes_bytes_rate,minikube,currencyservice-fd8f5dfb7-js8gr,boutique,/kubepods/burstable/podc827ec2d-8a9d-4e1c-8017-62c3901eccb4,1780634790,0.0
fs_writes_bytes_rate,minikube,redis-cart-6899b65948-ms767,boutique,/kubepods/burstable/podd425db0f-53f9-4bec-9ee1-49e4ced03bb6,1780634790,0.0
fs_writes_bytes_rate,minikube,chaos-controller-manager-659785674d-wbwg8,chaos-testing,/kubepods/burstable/podd7abbfc2-2af5-4b28-b438-3ebef4bafcce,1780634790,0.0
fs_writes_bytes_rate,minikube,paymentservice-6b76dfb449-n8mm2,boutique,/kubepods/burstable/podd9986049-5066-4a99-a156-0bc7b2391961,1780634790,0.0
fs_writes_bytes_rate,minikube,checkoutservice-75b9cd684f-mxb57,boutique,/kubepods/burstable/pod899228c2-a2b5-44fd-93be-9c372e37e8b5,1780634790,0.0
fs_writes_bytes_rate,minikube,frontend-694b9f76cd-pskf5,boutique,/kubepods/burstable/pod4d235b9f-a410-4f2c-99da-80b42ecf7d86,1780634790,0.0
fs_writes_bytes_rate,minikube,productcatalogservice-fb49fc9cc-vbqbl,boutique,/kubepods/burstable/pod9b723af0-e450-462a-a20e-b721d0610cf7,1780634790,0.0
fs_reads_total,minikube,kube-proxy-fshvh,kube-system,/kubepods/besteffort/pod2f4efb93-ee48-4c37-b1e1-6f2e54a917c7,1780634790,521.0
fs_reads_total,minikube,monitoring-kube-state-metrics-868694bc4b-689cm,monitoring,/kubepods/besteffort/pod59c52cc8-67e3-4946-aac6-7ff0ef74285f,1780634790,522.0
fs_reads_total,minikube,prometheus-monitoring-kube-prometheus-prometheus-0,monitoring,/kubepods/besteffort/pod6bff50b8-f988-4ff2-a8c1-8f95f2c25189,1780634790,2662.0
fs_reads_total,minikube,storage-provisioner,kube-system,/kubepods/besteffort/pod9bffcac8-a0cd-49a4-ad59-cdbf60a579cb,1780634790,270.0
fs_reads_total,minikube,monitoring-grafana-6f66955c48-hlrcn,monitoring,/kubepods/besteffort/pod9d3fe3f0-8989-47b4-8478-0ae7be66df8d,1780634790,5913.0
fs_reads_total,minikube,chaos-daemon-n6ghj,chaos-testing,/kubepods/besteffort/poda051be83-a7cd-43e4-83d3-76f3c90e8474,1780634790,481.0
fs_reads_total,minikube,monitoring-kube-prometheus-operator-556b56cc6d-n6dg9,monitoring,/kubepods/besteffort/podc8122519-a592-495f-9353-00a2f23fdf80,1780634790,528.0
fs_reads_total,minikube,monitoring-prometheus-node-exporter-pdw8p,monitoring,/kubepods/besteffort/podd35abb3b-34f0-40fa-af55-3ab246fc64c8,1780634790,191.0
fs_reads_total,minikube,kube-scheduler-minikube,kube-system,/kubepods/burstable/pod1c7123a121598343200ffd5b015ca580,1780634790,462.0
fs_reads_total,minikube,shippingservice-55656785c7-lk4mx,boutique,/kubepods/burstable/pod1df51271-c9ea-47fa-8fb2-cf15bbc7c216,1780634790,156.0
fs_reads_total,minikube,chaos-controller-manager-659785674d-29q42,chaos-testing,/kubepods/burstable/pod21ab858c-cee8-438c-8682-c786dc3dc044,1780634790,140.0
fs_reads_total,minikube,chaos-controller-manager-659785674d-fjb2r,chaos-testing,/kubepods/burstable/pod2569141a-4d05-422e-bcf2-2f01e2f5056d,1780634790,4.0
fs_reads_total,minikube,coredns-7d764666f9-hxxb8,kube-system,/kubepods/burstable/pod596c18fb-891c-4e87-9b11-83d99dd6d264,1780634790,330.0
fs_reads_total,minikube,recommendationservice-6f8f67d69-fhrns,boutique,/kubepods/burstable/pod5ded7b1a-44d9-4178-8596-57a9e25f6171,1780634790,907.0
fs_reads_total,minikube,etcd-minikube,kube-system,/kubepods/burstable/pod5ff8e3b06bbaa8cb7ebc2bf531e48a2f,1780634790,1643.0
fs_reads_total,minikube,emailservice-7466dc585-sv4wh,boutique,/kubepods/burstable/pod6116940a-da83-4761-97dc-892a207b789e,1780634790,920.0
fs_reads_total,minikube,cartservice-546c548494-cb4lb,boutique,/kubepods/burstable/pod6ec732c5-cf34-4e25-a3ce-ff4b44ce8d19,1780634790,314.0
fs_reads_total,minikube,kube-controller-manager-minikube,kube-system,/kubepods/burstable/pod740363cf4388c2d0df59fc97f96b889c,1780634790,691.0
fs_reads_total,minikube,chaos-dashboard-5b77585c6c-zm7f4,chaos-testing,/kubepods/burstable/pod7d3e8284-7c72-4577-a8fb-79d957f69104,1780634790,788.0
fs_reads_total,minikube,chaos-dns-server-6bccb5bb76-gscmn,chaos-testing,/kubepods/burstable/pod8a82a436-ef3f-4750-8f39-dbfde680d0b8,1780634790,420.0
fs_reads_total,minikube,coredns-7d764666f9-gmlgd,kube-system,/kubepods/burstable/pod9289fad3-6e91-4617-b97d-6da4631c2f35,1780634790,498.0
fs_reads_total,minikube,adservice-8576649cff-5bvst,boutique,/kubepods/burstable/pod9d685cd3-17df-43af-a26e-7743c006902d,1780634790,1969.0
fs_reads_total,minikube,kube-apiserver-minikube,kube-system,/kubepods/burstable/poda6dc00f40d27725f15407f95751ce5f7,1780634790,946.0
fs_reads_total,minikube,loadgenerator-7dd458dd5b-p2gm5,boutique,/kubepods/burstable/podad2b31a2-cb58-4a8e-9520-6dac05e0ae03,1780634790,1158.0
fs_reads_total,minikube,alertmanager-monitoring-kube-prometheus-alertmanager-0,monitoring,/kubepods/burstable/podb5fde93f-2f9a-427f-aa16-8a257f179975,1780634790,642.0
fs_reads_total,minikube,currencyservice-fd8f5dfb7-js8gr,boutique,/kubepods/burstable/podc827ec2d-8a9d-4e1c-8017-62c3901eccb4,1780634790,876.0
fs_reads_total,minikube,redis-cart-6899b65948-ms767,boutique,/kubepods/burstable/podd425db0f-53f9-4bec-9ee1-49e4ced03bb6,1780634790,250.0
fs_reads_total,minikube,chaos-controller-manager-659785674d-wbwg8,chaos-testing,/kubepods/burstable/podd7abbfc2-2af5-4b28-b438-3ebef4bafcce,1780634790,562.0
fs_reads_total,minikube,paymentservice-6b76dfb449-n8mm2,boutique,/kubepods/burstable/podd9986049-5066-4a99-a156-0bc7b2391961,1780634790,727.0
fs_reads_total,minikube,checkoutservice-75b9cd684f-mxb57,boutique,/kubepods/burstable/pod899228c2-a2b5-44fd-93be-9c372e37e8b5,1780634790,173.0
fs_reads_total,minikube,frontend-694b9f76cd-pskf5,boutique,/kubepods/burstable/pod4d235b9f-a410-4f2c-99da-80b42ecf7d86,1780634790,212.0
fs_reads_total,minikube,productcatalogservice-fb49fc9cc-vbqbl,boutique,/kubepods/burstable/pod9b723af0-e450-462a-a20e-b721d0610cf7,1780634790,225.0
fs_writes_total,minikube,kube-proxy-fshvh,kube-system,/kubepods/besteffort/pod2f4efb93-ee48-4c37-b1e1-6f2e54a917c7,1780634790,0.0
fs_writes_total,minikube,monitoring-kube-state-metrics-868694bc4b-689cm,monitoring,/kubepods/besteffort/pod59c52cc8-67e3-4946-aac6-7ff0ef74285f,1780634790,0.0
fs_writes_total,minikube,prometheus-monitoring-kube-prometheus-prometheus-0,monitoring,/kubepods/besteffort/pod6bff50b8-f988-4ff2-a8c1-8f95f2c25189,1780634790,38.0
fs_writes_total,minikube,storage-provisioner,kube-system,/kubepods/besteffort/pod9bffcac8-a0cd-49a4-ad59-cdbf60a579cb,1780634790,0.0
fs_writes_total,minikube,monitoring-grafana-6f66955c48-hlrcn,monitoring,/kubepods/besteffort/pod9d3fe3f0-8989-47b4-8478-0ae7be66df8d,1780634790,82.0
fs_writes_total,minikube,chaos-daemon-n6ghj,chaos-testing,/kubepods/besteffort/poda051be83-a7cd-43e4-83d3-76f3c90e8474,1780634790,0.0
fs_writes_total,minikube,monitoring-kube-prometheus-operator-556b56cc6d-n6dg9,monitoring,/kubepods/besteffort/podc8122519-a592-495f-9353-00a2f23fdf80,1780634790,0.0
fs_writes_total,minikube,monitoring-prometheus-node-exporter-pdw8p,monitoring,/kubepods/besteffort/podd35abb3b-34f0-40fa-af55-3ab246fc64c8,1780634790,0.0
fs_writes_total,minikube,kube-scheduler-minikube,kube-system,/kubepods/burstable/pod1c7123a121598343200ffd5b015ca580,1780634790,0.0
fs_writes_total,minikube,shippingservice-55656785c7-lk4mx,boutique,/kubepods/burstable/pod1df51271-c9ea-47fa-8fb2-cf15bbc7c216,1780634790,0.0
fs_writes_total,minikube,chaos-controller-manager-659785674d-29q42,chaos-testing,/kubepods/burstable/pod21ab858c-cee8-438c-8682-c786dc3dc044,1780634790,0.0
fs_writes_total,minikube,chaos-controller-manager-659785674d-fjb2r,chaos-testing,/kubepods/burstable/pod2569141a-4d05-422e-bcf2-2f01e2f5056d,1780634790,0.0
fs_writes_total,minikube,coredns-7d764666f9-hxxb8,kube-system,/kubepods/burstable/pod596c18fb-891c-4e87-9b11-83d99dd6d264,1780634790,0.0
fs_writes_total,minikube,recommendationservice-6f8f67d69-fhrns,boutique,/kubepods/burstable/pod5ded7b1a-44d9-4178-8596-57a9e25f6171,1780634790,0.0
fs_writes_total,minikube,etcd-minikube,kube-system,/kubepods/burstable/pod5ff8e3b06bbaa8cb7ebc2bf531e48a2f,1780634790,3465.0
fs_writes_total,minikube,emailservice-7466dc585-sv4wh,boutique,/kubepods/burstable/pod6116940a-da83-4761-97dc-892a207b789e,1780634790,0.0
fs_writes_total,minikube,cartservice-546c548494-cb4lb,boutique,/kubepods/burstable/pod6ec732c5-cf34-4e25-a3ce-ff4b44ce8d19,1780634790,0.0
fs_writes_total,minikube,kube-controller-manager-minikube,kube-system,/kubepods/burstable/pod740363cf4388c2d0df59fc97f96b889c,1780634790,0.0
fs_writes_total,minikube,chaos-dashboard-5b77585c6c-zm7f4,chaos-testing,/kubepods/burstable/pod7d3e8284-7c72-4577-a8fb-79d957f69104,1780634790,0.0
fs_writes_total,minikube,chaos-dns-server-6bccb5bb76-gscmn,chaos-testing,/kubepods/burstable/pod8a82a436-ef3f-4750-8f39-dbfde680d0b8,1780634790,0.0
fs_writes_total,minikube,coredns-7d764666f9-gmlgd,kube-system,/kubepods/burstable/pod9289fad3-6e91-4617-b97d-6da4631c2f35,1780634790,0.0
fs_writes_total,minikube,adservice-8576649cff-5bvst,boutique,/kubepods/burstable/pod9d685cd3-17df-43af-a26e-7743c006902d,1780634790,0.0
fs_writes_total,minikube,kube-apiserver-minikube,kube-system,/kubepods/burstable/poda6dc00f40d27725f15407f95751ce5f7,1780634790,0.0
fs_writes_total,minikube,loadgenerator-7dd458dd5b-p2gm5,boutique,/kubepods/burstable/podad2b31a2-cb58-4a8e-9520-6dac05e0ae03,1780634790,0.0
fs_writes_total,minikube,alertmanager-monitoring-kube-prometheus-alertmanager-0,monitoring,/kubepods/burstable/podb5fde93f-2f9a-427f-aa16-8a257f179975,1780634790,0.0
fs_writes_total,minikube,currencyservice-fd8f5dfb7-js8gr,boutique,/kubepods/burstable/podc827ec2d-8a9d-4e1c-8017-62c3901eccb4,1780634790,0.0
fs_writes_total,minikube,redis-cart-6899b65948-ms767,boutique,/kubepods/burstable/podd425db0f-53f9-4bec-9ee1-49e4ced03bb6,1780634790,0.0
fs_writes_total,minikube,chaos-controller-manager-659785674d-wbwg8,chaos-testing,/kubepods/burstable/podd7abbfc2-2af5-4b28-b438-3ebef4bafcce,1780634790,0.0
fs_writes_total,minikube,paymentservice-6b76dfb449-n8mm2,boutique,/kubepods/burstable/podd9986049-5066-4a99-a156-0bc7b2391961,1780634790,0.0
fs_writes_total,minikube,checkoutservice-75b9cd684f-mxb57,boutique,/kubepods/burstable/pod899228c2-a2b5-44fd-93be-9c372e37e8b5,1780634790,0.0
fs_writes_total,minikube,frontend-694b9f76cd-pskf5,boutique,/kubepods/burstable/pod4d235b9f-a410-4f2c-99da-80b42ecf7d86,1780634790,0.0
fs_writes_total,minikube,productcatalogservice-fb49fc9cc-vbqbl,boutique,/kubepods/burstable/pod9b723af0-e450-462a-a20e-b721d0610cf7,1780634790,0.0
pod_status_phase_Pending,,productcatalogservice-fb49fc9cc-vbqbl,boutique,kube-state-metrics,1780634790,0.0
pod_status_phase_Succeeded,,productcatalogservice-fb49fc9cc-vbqbl,boutique,kube-state-metrics,1780634790,0.0
pod_status_phase_Failed,,productcatalogservice-fb49fc9cc-vbqbl,boutique,kube-state-metrics,1780634790,0.0
pod_status_phase_Unknown,,productcatalogservice-fb49fc9cc-vbqbl,boutique,kube-state-metrics,1780634790,0.0
pod_status_phase_Running,,productcatalogservice-fb49fc9cc-vbqbl,boutique,kube-state-metrics,1780634790,1.0
pod_status_phase_Pending,,redis-cart-6899b65948-ms767,boutique,kube-state-metrics,1780634790,0.0
pod_status_phase_Succeeded,,redis-cart-6899b65948-ms767,boutique,kube-state-metrics,1780634790,0.0
pod_status_phase_Failed,,redis-cart-6899b65948-ms767,boutique,kube-state-metrics,1780634790,0.0
pod_status_phase_Unknown,,redis-cart-6899b65948-ms767,boutique,kube-state-metrics,1780634790,0.0
pod_status_phase_Running,,redis-cart-6899b65948-ms767,boutique,kube-state-metrics,1780634790,1.0
pod_status_phase_Pending,,kube-controller-manager-minikube,kube-system,kube-state-metrics,1780634790,0.0
pod_status_phase_Succeeded,,kube-controller-manager-minikube,kube-system,kube-state-metrics,1780634790,0.0
pod_status_phase_Failed,,kube-controller-manager-minikube,kube-system,kube-state-metrics,1780634790,0.0
pod_status_phase_Unknown,,kube-controller-manager-minikube,kube-system,kube-state-metrics,1780634790,0.0
pod_status_phase_Running,,kube-controller-manager-minikube,kube-system,kube-state-metrics,1780634790,1.0
pod_status_phase_Pending,,currencyservice-fd8f5dfb7-js8gr,boutique,kube-state-metrics,1780634790,0.0
pod_status_phase_Succeeded,,currencyservice-fd8f5dfb7-js8gr,boutique,kube-state-metrics,1780634790,0.0
pod_status_phase_Failed,,currencyservice-fd8f5dfb7-js8gr,boutique,kube-state-metrics,1780634790,0.0
pod_status_phase_Unknown,,currencyservice-fd8f5dfb7-js8gr,boutique,kube-state-metrics,1780634790,0.0
pod_status_phase_Running,,currencyservice-fd8f5dfb7-js8gr,boutique,kube-state-metrics,1780634790,1.0
pod_status_phase_Pending,,kube-proxy-fshvh,kube-system,kube-state-metrics,1780634790,0.0
pod_status_phase_Succeeded,,kube-proxy-fshvh,kube-system,kube-state-metrics,1780634790,0.0
pod_status_phase_Failed,,kube-proxy-fshvh,kube-system,kube-state-metrics,1780634790,0.0
pod_status_phase_Unknown,,kube-proxy-fshvh,kube-system,kube-state-metrics,1780634790,0.0
pod_status_phase_Running,,kube-proxy-fshvh,kube-system,kube-state-metrics,1780634790,1.0
pod_status_phase_Pending,,chaos-controller-manager-659785674d-29q42,chaos-testing,kube-state-metrics,1780634790,0.0
pod_status_phase_Succeeded,,chaos-controller-manager-659785674d-29q42,chaos-testing,kube-state-metrics,1780634790,0.0
pod_status_phase_Failed,,chaos-controller-manager-659785674d-29q42,chaos-testing,kube-state-metrics,1780634790,0.0
pod_status_phase_Unknown,,chaos-controller-manager-659785674d-29q42,chaos-testing,kube-state-metrics,1780634790,0.0
pod_status_phase_Running,,chaos-controller-manager-659785674d-29q42,chaos-testing,kube-state-metrics,1780634790,1.0
pod_status_phase_Pending,,frontend-694b9f76cd-pskf5,boutique,kube-state-metrics,1780634790,0.0
pod_status_phase_Succeeded,,frontend-694b9f76cd-pskf5,boutique,kube-state-metrics,1780634790,0.0
pod_status_phase_Failed,,frontend-694b9f76cd-pskf5,boutique,kube-state-metrics,1780634790,0.0
pod_status_phase_Unknown,,frontend-694b9f76cd-pskf5,boutique,kube-state-metrics,1780634790,0.0
pod_status_phase_Running,,frontend-694b9f76cd-pskf5,boutique,kube-state-metrics,1780634790,1.0
pod_status_phase_Pending,,monitoring-kube-state-metrics-868694bc4b-689cm,monitoring,kube-state-metrics,1780634790,0.0
pod_status_phase_Succeeded,,monitoring-kube-state-metrics-868694bc4b-689cm,monitoring,kube-state-metrics,1780634790,0.0
pod_status_phase_Failed,,monitoring-kube-state-metrics-868694bc4b-689cm,monitoring,kube-state-metrics,1780634790,0.0
pod_status_phase_Unknown,,monitoring-kube-state-metrics-868694bc4b-689cm,monitoring,kube-state-metrics,1780634790,0.0
pod_status_phase_Running,,monitoring-kube-state-metrics-868694bc4b-689cm,monitoring,kube-state-metrics,1780634790,1.0
pod_status_phase_Pending,,chaos-controller-manager-659785674d-wbwg8,chaos-testing,kube-state-metrics,1780634790,0.0
pod_status_phase_Succeeded,,chaos-controller-manager-659785674d-wbwg8,chaos-testing,kube-state-metrics,1780634790,0.0
pod_status_phase_Failed,,chaos-controller-manager-659785674d-wbwg8,chaos-testing,kube-state-metrics,1780634790,0.0
pod_status_phase_Unknown,,chaos-controller-manager-659785674d-wbwg8,chaos-testing,kube-state-metrics,1780634790,0.0
pod_status_phase_Running,,chaos-controller-manager-659785674d-wbwg8,chaos-testing,kube-state-metrics,1780634790,1.0
pod_status_phase_Pending,,chaos-controller-manager-659785674d-fjb2r,chaos-testing,kube-state-metrics,1780634790,0.0
pod_status_phase_Succeeded,,chaos-controller-manager-659785674d-fjb2r,chaos-testing,kube-state-metrics,1780634790,0.0
pod_status_phase_Failed,,chaos-controller-manager-659785674d-fjb2r,chaos-testing,kube-state-metrics,1780634790,0.0
pod_status_phase_Unknown,,chaos-controller-manager-659785674d-fjb2r,chaos-testing,kube-state-metrics,1780634790,0.0
pod_status_phase_Running,,chaos-controller-manager-659785674d-fjb2r,chaos-testing,kube-state-metrics,1780634790,1.0
pod_status_phase_Pending,,paymentservice-6b76dfb449-n8mm2,boutique,kube-state-metrics,1780634790,0.0
pod_status_phase_Succeeded,,paymentservice-6b76dfb449-n8mm2,boutique,kube-state-metrics,1780634790,0.0
pod_status_phase_Failed,,paymentservice-6b76dfb449-n8mm2,boutique,kube-state-metrics,1780634790,0.0
pod_status_phase_Unknown,,paymentservice-6b76dfb449-n8mm2,boutique,kube-state-metrics,1780634790,0.0
pod_status_phase_Running,,paymentservice-6b76dfb449-n8mm2,boutique,kube-state-metrics,1780634790,1.0
pod_status_phase_Pending,,adservice-8576649cff-5bvst,boutique,kube-state-metrics,1780634790,0.0
pod_status_phase_Succeeded,,adservice-8576649cff-5bvst,boutique,kube-state-metrics,1780634790,0.0
pod_status_phase_Failed,,adservice-8576649cff-5bvst,boutique,kube-state-metrics,1780634790,0.0
pod_status_phase_Unknown,,adservice-8576649cff-5bvst,boutique,kube-state-metrics,1780634790,0.0
pod_status_phase_Running,,adservice-8576649cff-5bvst,boutique,kube-state-metrics,1780634790,1.0
pod_status_phase_Pending,,cartservice-546c548494-cb4lb,boutique,kube-state-metrics,1780634790,0.0
pod_status_phase_Succeeded,,cartservice-546c548494-cb4lb,boutique,kube-state-metrics,1780634790,0.0
pod_status_phase_Failed,,cartservice-546c548494-cb4lb,boutique,kube-state-metrics,1780634790,0.0
pod_status_phase_Unknown,,cartservice-546c548494-cb4lb,boutique,kube-state-metrics,1780634790,0.0
pod_status_phase_Running,,cartservice-546c548494-cb4lb,boutique,kube-state-metrics,1780634790,1.0
pod_status_phase_Pending,,monitoring-prometheus-node-exporter-pdw8p,monitoring,kube-state-metrics,1780634790,0.0
pod_status_phase_Succeeded,,monitoring-prometheus-node-exporter-pdw8p,monitoring,kube-state-metrics,1780634790,0.0
pod_status_phase_Failed,,monitoring-prometheus-node-exporter-pdw8p,monitoring,kube-state-metrics,1780634790,0.0
pod_status_phase_Unknown,,monitoring-prometheus-node-exporter-pdw8p,monitoring,kube-state-metrics,1780634790,0.0
pod_status_phase_Running,,monitoring-prometheus-node-exporter-pdw8p,monitoring,kube-state-metrics,1780634790,1.0
pod_status_phase_Pending,,etcd-minikube,kube-system,kube-state-metrics,1780634790,0.0
pod_status_phase_Succeeded,,etcd-minikube,kube-system,kube-state-metrics,1780634790,0.0
pod_status_phase_Failed,,etcd-minikube,kube-system,kube-state-metrics,1780634790,0.0
pod_status_phase_Unknown,,etcd-minikube,kube-system,kube-state-metrics,1780634790,0.0
pod_status_phase_Running,,etcd-minikube,kube-system,kube-state-metrics,1780634790,1.0
pod_status_phase_Pending,,coredns-7d764666f9-hxxb8,kube-system,kube-state-metrics,1780634790,0.0
pod_status_phase_Succeeded,,coredns-7d764666f9-hxxb8,kube-system,kube-state-metrics,1780634790,0.0
pod_status_phase_Failed,,coredns-7d764666f9-hxxb8,kube-system,kube-state-metrics,1780634790,0.0
pod_status_phase_Unknown,,coredns-7d764666f9-hxxb8,kube-system,kube-state-metrics,1780634790,0.0
pod_status_phase_Running,,coredns-7d764666f9-hxxb8,kube-system,kube-state-metrics,1780634790,1.0
pod_status_phase_Pending,,chaos-dns-server-6bccb5bb76-gscmn,chaos-testing,kube-state-metrics,1780634790,0.0
pod_status_phase_Succeeded,,chaos-dns-server-6bccb5bb76-gscmn,chaos-testing,kube-state-metrics,1780634790,0.0
pod_status_phase_Failed,,chaos-dns-server-6bccb5bb76-gscmn,chaos-testing,kube-state-metrics,1780634790,0.0
pod_status_phase_Unknown,,chaos-dns-server-6bccb5bb76-gscmn,chaos-testing,kube-state-metrics,1780634790,0.0
pod_status_phase_Running,,chaos-dns-server-6bccb5bb76-gscmn,chaos-testing,kube-state-metrics,1780634790,1.0
pod_status_phase_Pending,,kube-apiserver-minikube,kube-system,kube-state-metrics,1780634790,0.0
pod_status_phase_Succeeded,,kube-apiserver-minikube,kube-system,kube-state-metrics,1780634790,0.0
pod_status_phase_Failed,,kube-apiserver-minikube,kube-system,kube-state-metrics,1780634790,0.0
pod_status_phase_Unknown,,kube-apiserver-minikube,kube-system,kube-state-metrics,1780634790,0.0
pod_status_phase_Running,,kube-apiserver-minikube,kube-system,kube-state-metrics,1780634790,1.0
pod_status_phase_Pending,,prometheus-monitoring-kube-prometheus-prometheus-0,monitoring,kube-state-metrics,1780634790,0.0
pod_status_phase_Succeeded,,prometheus-monitoring-kube-prometheus-prometheus-0,monitoring,kube-state-metrics,1780634790,0.0
pod_status_phase_Failed,,prometheus-monitoring-kube-prometheus-prometheus-0,monitoring,kube-state-metrics,1780634790,0.0
pod_status_phase_Unknown,,prometheus-monitoring-kube-prometheus-prometheus-0,monitoring,kube-state-metrics,1780634790,0.0
pod_status_phase_Running,,prometheus-monitoring-kube-prometheus-prometheus-0,monitoring,kube-state-metrics,1780634790,1.0
pod_status_phase_Pending,,storage-provisioner,kube-system,kube-state-metrics,1780634790,0.0
pod_status_phase_Succeeded,,storage-provisioner,kube-system,kube-state-metrics,1780634790,0.0
pod_status_phase_Failed,,storage-provisioner,kube-system,kube-state-metrics,1780634790,0.0
pod_status_phase_Unknown,,storage-provisioner,kube-system,kube-state-metrics,1780634790,0.0
pod_status_phase_Running,,storage-provisioner,kube-system,kube-state-metrics,1780634790,1.0
pod_status_phase_Pending,,loadgenerator-7dd458dd5b-p2gm5,boutique,kube-state-metrics,1780634790,0.0
pod_status_phase_Succeeded,,loadgenerator-7dd458dd5b-p2gm5,boutique,kube-state-metrics,1780634790,0.0
pod_status_phase_Failed,,loadgenerator-7dd458dd5b-p2gm5,boutique,kube-state-metrics,1780634790,0.0
pod_status_phase_Unknown,,loadgenerator-7dd458dd5b-p2gm5,boutique,kube-state-metrics,1780634790,0.0
pod_status_phase_Running,,loadgenerator-7dd458dd5b-p2gm5,boutique,kube-state-metrics,1780634790,1.0
pod_status_phase_Pending,,alertmanager-monitoring-kube-prometheus-alertmanager-0,monitoring,kube-state-metrics,1780634790,0.0
pod_status_phase_Succeeded,,alertmanager-monitoring-kube-prometheus-alertmanager-0,monitoring,kube-state-metrics,1780634790,0.0
pod_status_phase_Failed,,alertmanager-monitoring-kube-prometheus-alertmanager-0,monitoring,kube-state-metrics,1780634790,0.0
pod_status_phase_Unknown,,alertmanager-monitoring-kube-prometheus-alertmanager-0,monitoring,kube-state-metrics,1780634790,0.0
pod_status_phase_Running,,alertmanager-monitoring-kube-prometheus-alertmanager-0,monitoring,kube-state-metrics,1780634790,1.0
pod_status_phase_Pending,,shippingservice-55656785c7-lk4mx,boutique,kube-state-metrics,1780634790,0.0
pod_status_phase_Succeeded,,shippingservice-55656785c7-lk4mx,boutique,kube-state-metrics,1780634790,0.0
pod_status_phase_Failed,,shippingservice-55656785c7-lk4mx,boutique,kube-state-metrics,1780634790,0.0
pod_status_phase_Unknown,,shippingservice-55656785c7-lk4mx,boutique,kube-state-metrics,1780634790,0.0
pod_status_phase_Running,,shippingservice-55656785c7-lk4mx,boutique,kube-state-metrics,1780634790,1.0
pod_status_phase_Pending,,chaos-dashboard-5b77585c6c-zm7f4,chaos-testing,kube-state-metrics,1780634790,0.0
pod_status_phase_Succeeded,,chaos-dashboard-5b77585c6c-zm7f4,chaos-testing,kube-state-metrics,1780634790,0.0
pod_status_phase_Failed,,chaos-dashboard-5b77585c6c-zm7f4,chaos-testing,kube-state-metrics,1780634790,0.0
pod_status_phase_Unknown,,chaos-dashboard-5b77585c6c-zm7f4,chaos-testing,kube-state-metrics,1780634790,0.0
pod_status_phase_Running,,chaos-dashboard-5b77585c6c-zm7f4,chaos-testing,kube-state-metrics,1780634790,1.0
pod_status_phase_Pending,,monitoring-grafana-6f66955c48-hlrcn,monitoring,kube-state-metrics,1780634790,0.0
pod_status_phase_Succeeded,,monitoring-grafana-6f66955c48-hlrcn,monitoring,kube-state-metrics,1780634790,0.0
pod_status_phase_Failed,,monitoring-grafana-6f66955c48-hlrcn,monitoring,kube-state-metrics,1780634790,0.0
pod_status_phase_Unknown,,monitoring-grafana-6f66955c48-hlrcn,monitoring,kube-state-metrics,1780634790,0.0
pod_status_phase_Running,,monitoring-grafana-6f66955c48-hlrcn,monitoring,kube-state-metrics,1780634790,1.0
pod_status_phase_Pending,,coredns-7d764666f9-gmlgd,kube-system,kube-state-metrics,1780634790,0.0
pod_status_phase_Succeeded,,coredns-7d764666f9-gmlgd,kube-system,kube-state-metrics,1780634790,0.0
pod_status_phase_Failed,,coredns-7d764666f9-gmlgd,kube-system,kube-state-metrics,1780634790,0.0
pod_status_phase_Unknown,,coredns-7d764666f9-gmlgd,kube-system,kube-state-metrics,1780634790,0.0
pod_status_phase_Running,,coredns-7d764666f9-gmlgd,kube-system,kube-state-metrics,1780634790,1.0
pod_status_phase_Pending,,checkoutservice-75b9cd684f-mxb57,boutique,kube-state-metrics,1780634790,0.0
pod_status_phase_Succeeded,,checkoutservice-75b9cd684f-mxb57,boutique,kube-state-metrics,1780634790,0.0
pod_status_phase_Failed,,checkoutservice-75b9cd684f-mxb57,boutique,kube-state-metrics,1780634790,0.0
pod_status_phase_Unknown,,checkoutservice-75b9cd684f-mxb57,boutique,kube-state-metrics,1780634790,0.0
pod_status_phase_Running,,checkoutservice-75b9cd684f-mxb57,boutique,kube-state-metrics,1780634790,1.0
pod_status_phase_Pending,,kube-scheduler-minikube,kube-system,kube-state-metrics,1780634790,0.0
pod_status_phase_Succeeded,,kube-scheduler-minikube,kube-system,kube-state-metrics,1780634790,0.0
pod_status_phase_Failed,,kube-scheduler-minikube,kube-system,kube-state-metrics,1780634790,0.0
pod_status_phase_Unknown,,kube-scheduler-minikube,kube-system,kube-state-metrics,1780634790,0.0
pod_status_phase_Running,,kube-scheduler-minikube,kube-system,kube-state-metrics,1780634790,1.0
pod_status_phase_Pending,,emailservice-7466dc585-sv4wh,boutique,kube-state-metrics,1780634790,0.0
pod_status_phase_Succeeded,,emailservice-7466dc585-sv4wh,boutique,kube-state-metrics,1780634790,0.0
pod_status_phase_Failed,,emailservice-7466dc585-sv4wh,boutique,kube-state-metrics,1780634790,0.0
pod_status_phase_Unknown,,emailservice-7466dc585-sv4wh,boutique,kube-state-metrics,1780634790,0.0
pod_status_phase_Running,,emailservice-7466dc585-sv4wh,boutique,kube-state-metrics,1780634790,1.0
pod_status_phase_Pending,,monitoring-kube-prometheus-operator-556b56cc6d-n6dg9,monitoring,kube-state-metrics,1780634790,0.0
pod_status_phase_Succeeded,,monitoring-kube-prometheus-operator-556b56cc6d-n6dg9,monitoring,kube-state-metrics,1780634790,0.0
pod_status_phase_Failed,,monitoring-kube-prometheus-operator-556b56cc6d-n6dg9,monitoring,kube-state-metrics,1780634790,0.0
pod_status_phase_Unknown,,monitoring-kube-prometheus-operator-556b56cc6d-n6dg9,monitoring,kube-state-metrics,1780634790,0.0
pod_status_phase_Running,,monitoring-kube-prometheus-operator-556b56cc6d-n6dg9,monitoring,kube-state-metrics,1780634790,1.0
pod_status_phase_Pending,,recommendationservice-6f8f67d69-fhrns,boutique,kube-state-metrics,1780634790,0.0
pod_status_phase_Succeeded,,recommendationservice-6f8f67d69-fhrns,boutique,kube-state-metrics,1780634790,0.0
pod_status_phase_Failed,,recommendationservice-6f8f67d69-fhrns,boutique,kube-state-metrics,1780634790,0.0
pod_status_phase_Unknown,,recommendationservice-6f8f67d69-fhrns,boutique,kube-state-metrics,1780634790,0.0
pod_status_phase_Running,,recommendationservice-6f8f67d69-fhrns,boutique,kube-state-metrics,1780634790,1.0
pod_status_phase_Pending,,chaos-daemon-n6ghj,chaos-testing,kube-state-metrics,1780634790,0.0
pod_status_phase_Succeeded,,chaos-daemon-n6ghj,chaos-testing,kube-state-metrics,1780634790,0.0
pod_status_phase_Failed,,chaos-daemon-n6ghj,chaos-testing,kube-state-metrics,1780634790,0.0
pod_status_phase_Unknown,,chaos-daemon-n6ghj,chaos-testing,kube-state-metrics,1780634790,0.0
pod_status_phase_Running,,chaos-daemon-n6ghj,chaos-testing,kube-state-metrics,1780634790,1.0
pod_restarts,,productcatalogservice-fb49fc9cc-vbqbl,boutique,server,1780634790,1.0
pod_restarts,,redis-cart-6899b65948-ms767,boutique,redis,1780634790,6.0
pod_restarts,,kube-controller-manager-minikube,kube-system,kube-controller-manager,1780634790,8.0
pod_restarts,,currencyservice-fd8f5dfb7-js8gr,boutique,server,1780634790,11.0
pod_restarts,,kube-proxy-fshvh,kube-system,kube-proxy,1780634790,7.0
pod_restarts,,chaos-controller-manager-659785674d-29q42,chaos-testing,chaos-mesh,1780634790,5.0
pod_restarts,,frontend-694b9f76cd-pskf5,boutique,server,1780634790,1.0
pod_restarts,,monitoring-kube-state-metrics-868694bc4b-689cm,monitoring,kube-state-metrics,1780634790,6.0
pod_restarts,,chaos-controller-manager-659785674d-wbwg8,chaos-testing,chaos-mesh,1780634790,5.0
pod_restarts,,chaos-controller-manager-659785674d-fjb2r,chaos-testing,chaos-mesh,1780634790,5.0
pod_restarts,,paymentservice-6b76dfb449-n8mm2,boutique,server,1780634790,9.0
pod_restarts,,adservice-8576649cff-5bvst,boutique,server,1780634790,8.0
pod_restarts,,cartservice-546c548494-cb4lb,boutique,server,1780634790,6.0
pod_restarts,,monitoring-prometheus-node-exporter-pdw8p,monitoring,node-exporter,1780634790,6.0
pod_restarts,,etcd-minikube,kube-system,etcd,1780634790,7.0
pod_restarts,,coredns-7d764666f9-hxxb8,kube-system,coredns,1780634790,7.0
pod_restarts,,chaos-dns-server-6bccb5bb76-gscmn,chaos-testing,chaos-dns-server,1780634790,5.0
pod_restarts,,kube-apiserver-minikube,kube-system,kube-apiserver,1780634790,7.0
pod_restarts,,prometheus-monitoring-kube-prometheus-prometheus-0,monitoring,config-reloader,1780634790,6.0
pod_restarts,,prometheus-monitoring-kube-prometheus-prometheus-0,monitoring,prometheus,1780634790,6.0
pod_restarts,,storage-provisioner,kube-system,storage-provisioner,1780634790,10.0
pod_restarts,,loadgenerator-7dd458dd5b-p2gm5,boutique,main,1780634790,5.0
pod_restarts,,alertmanager-monitoring-kube-prometheus-alertmanager-0,monitoring,alertmanager,1780634790,6.0
pod_restarts,,alertmanager-monitoring-kube-prometheus-alertmanager-0,monitoring,config-reloader,1780634790,6.0
pod_restarts,,shippingservice-55656785c7-lk4mx,boutique,server,1780634790,8.0
pod_restarts,,chaos-dashboard-5b77585c6c-zm7f4,chaos-testing,chaos-dashboard,1780634790,5.0
pod_restarts,,monitoring-grafana-6f66955c48-hlrcn,monitoring,grafana,1780634790,6.0
pod_restarts,,monitoring-grafana-6f66955c48-hlrcn,monitoring,grafana-sc-dashboard,1780634790,6.0
pod_restarts,,monitoring-grafana-6f66955c48-hlrcn,monitoring,grafana-sc-datasources,1780634790,6.0
pod_restarts,,coredns-7d764666f9-gmlgd,kube-system,coredns,1780634790,7.0
pod_restarts,,checkoutservice-75b9cd684f-mxb57,boutique,server,1780634790,1.0
pod_restarts,,kube-scheduler-minikube,kube-system,kube-scheduler,1780634790,7.0
pod_restarts,,emailservice-7466dc585-sv4wh,boutique,server,1780634790,13.0
pod_restarts,,monitoring-kube-prometheus-operator-556b56cc6d-n6dg9,monitoring,kube-prometheus-stack,1780634790,6.0
pod_restarts,,recommendationservice-6f8f67d69-fhrns,boutique,server,1780634790,12.0
pod_restarts,,chaos-daemon-n6ghj,chaos-testing,chaos-daemon,1780634790,5.0
cpu_rate,minikube,kube-proxy-fshvh,kube-system,/kubepods/besteffort/pod2f4efb93-ee48-4c37-b1e1-6f2e54a917c7,1780634804,0.00038486927200877757
cpu_rate,minikube,monitoring-kube-state-metrics-868694bc4b-689cm,monitoring,/kubepods/besteffort/pod59c52cc8-67e3-4946-aac6-7ff0ef74285f,1780634804,0.0005434142089755857
cpu_rate,minikube,prometheus-monitoring-kube-prometheus-prometheus-0,monitoring,/kubepods/besteffort/pod6bff50b8-f988-4ff2-a8c1-8f95f2c25189,1780634804,0.012781971402623191
cpu_rate,minikube,storage-provisioner,kube-system,/kubepods/besteffort/pod9bffcac8-a0cd-49a4-ad59-cdbf60a579cb,1780634804,0.0008699827051956475
cpu_rate,minikube,monitoring-grafana-6f66955c48-hlrcn,monitoring,/kubepods/besteffort/pod9d3fe3f0-8989-47b4-8478-0ae7be66df8d,1780634804,0.007272722930240556
cpu_rate,minikube,chaos-daemon-n6ghj,chaos-testing,/kubepods/besteffort/poda051be83-a7cd-43e4-83d3-76f3c90e8474,1780634804,2.5203351157403444e-05
cpu_rate,minikube,monitoring-kube-prometheus-operator-556b56cc6d-n6dg9,monitoring,/kubepods/besteffort/podc8122519-a592-495f-9353-00a2f23fdf80,1780634804,0.0017336009372190394
cpu_rate,minikube,monitoring-prometheus-node-exporter-pdw8p,monitoring,/kubepods/besteffort/podd35abb3b-34f0-40fa-af55-3ab246fc64c8,1780634804,0.0007387826156957847
cpu_rate,minikube,kube-scheduler-minikube,kube-system,/kubepods/burstable/pod1c7123a121598343200ffd5b015ca580,1780634804,0.003498901677438095
cpu_rate,minikube,shippingservice-55656785c7-lk4mx,boutique,/kubepods/burstable/pod1df51271-c9ea-47fa-8fb2-cf15bbc7c216,1780634804,0.0005859560740642539
cpu_rate,minikube,chaos-controller-manager-659785674d-29q42,chaos-testing,/kubepods/burstable/pod21ab858c-cee8-438c-8682-c786dc3dc044,1780634804,0.00033271437251421345
cpu_rate,minikube,chaos-controller-manager-659785674d-fjb2r,chaos-testing,/kubepods/burstable/pod2569141a-4d05-422e-bcf2-2f01e2f5056d,1780634804,0.00036923430289616016
cpu_rate,minikube,coredns-7d764666f9-hxxb8,kube-system,/kubepods/burstable/pod596c18fb-891c-4e87-9b11-83d99dd6d264,1780634804,0.0014897442436607406
cpu_rate,minikube,recommendationservice-6f8f67d69-fhrns,boutique,/kubepods/burstable/pod5ded7b1a-44d9-4178-8596-57a9e25f6171,1780634804,0.004329190978728361
cpu_rate,minikube,etcd-minikube,kube-system,/kubepods/burstable/pod5ff8e3b06bbaa8cb7ebc2bf531e48a2f,1780634804,0.017676176475615802
cpu_rate,minikube,emailservice-7466dc585-sv4wh,boutique,/kubepods/burstable/pod6116940a-da83-4761-97dc-892a207b789e,1780634804,0.0010473564345312846
cpu_rate,minikube,cartservice-546c548494-cb4lb,boutique,/kubepods/burstable/pod6ec732c5-cf34-4e25-a3ce-ff4b44ce8d19,1780634804,0.008243155003372398
cpu_rate,minikube,kube-controller-manager-minikube,kube-system,/kubepods/burstable/pod740363cf4388c2d0df59fc97f96b889c,1780634804,0.010441562952243124
cpu_rate,minikube,chaos-dashboard-5b77585c6c-zm7f4,chaos-testing,/kubepods/burstable/pod7d3e8284-7c72-4577-a8fb-79d957f69104,1780634804,0.001100284003684372
cpu_rate,minikube,chaos-dns-server-6bccb5bb76-gscmn,chaos-testing,/kubepods/burstable/pod8a82a436-ef3f-4750-8f39-dbfde680d0b8,1780634804,0.0014978241949521326
cpu_rate,minikube,coredns-7d764666f9-gmlgd,kube-system,/kubepods/burstable/pod9289fad3-6e91-4617-b97d-6da4631c2f35,1780634804,0.0015567175804551846
cpu_rate,minikube,adservice-8576649cff-5bvst,boutique,/kubepods/burstable/pod9d685cd3-17df-43af-a26e-7743c006902d,1780634804,0.007039223724378541
cpu_rate,minikube,kube-apiserver-minikube,kube-system,/kubepods/burstable/poda6dc00f40d27725f15407f95751ce5f7,1780634804,0.03352456232598632
cpu_rate,minikube,loadgenerator-7dd458dd5b-p2gm5,boutique,/kubepods/burstable/podad2b31a2-cb58-4a8e-9520-6dac05e0ae03,1780634804,0.0019787371981584132
cpu_rate,minikube,alertmanager-monitoring-kube-prometheus-alertmanager-0,monitoring,/kubepods/burstable/podb5fde93f-2f9a-427f-aa16-8a257f179975,1780634804,0.0005103379572196535
cpu_rate,minikube,currencyservice-fd8f5dfb7-js8gr,boutique,/kubepods/burstable/podc827ec2d-8a9d-4e1c-8017-62c3901eccb4,1780634804,0.007850727347922248
cpu_rate,minikube,redis-cart-6899b65948-ms767,boutique,/kubepods/burstable/podd425db0f-53f9-4bec-9ee1-49e4ced03bb6,1780634804,0.0013919032762754705
cpu_rate,minikube,chaos-controller-manager-659785674d-wbwg8,chaos-testing,/kubepods/burstable/podd7abbfc2-2af5-4b28-b438-3ebef4bafcce,1780634804,0.0024089617251516248
cpu_rate,minikube,paymentservice-6b76dfb449-n8mm2,boutique,/kubepods/burstable/podd9986049-5066-4a99-a156-0bc7b2391961,1780634804,0.0008433746107073995
cpu_rate,minikube,checkoutservice-75b9cd684f-mxb57,boutique,/kubepods/burstable/pod899228c2-a2b5-44fd-93be-9c372e37e8b5,1780634804,0.0003751009158987778
cpu_rate,minikube,frontend-694b9f76cd-pskf5,boutique,/kubepods/burstable/pod4d235b9f-a410-4f2c-99da-80b42ecf7d86,1780634804,0.008373914481846002
cpu_rate,minikube,productcatalogservice-fb49fc9cc-vbqbl,boutique,/kubepods/burstable/pod9b723af0-e450-462a-a20e-b721d0610cf7,1780634804,0.003700711146052961
memory_working_set,minikube,kube-proxy-fshvh,kube-system,/kubepods/besteffort/pod2f4efb93-ee48-4c37-b1e1-6f2e54a917c7,1780634804,39014400.0
memory_working_set,minikube,monitoring-kube-state-metrics-868694bc4b-689cm,monitoring,/kubepods/besteffort/pod59c52cc8-67e3-4946-aac6-7ff0ef74285f,1780634804,40116224.0
memory_working_set,minikube,prometheus-monitoring-kube-prometheus-prometheus-0,monitoring,/kubepods/besteffort/pod6bff50b8-f988-4ff2-a8c1-8f95f2c25189,1780634804,267878400.0
memory_working_set,minikube,storage-provisioner,kube-system,/kubepods/besteffort/pod9bffcac8-a0cd-49a4-ad59-cdbf60a579cb,1780634804,18776064.0
memory_working_set,minikube,monitoring-grafana-6f66955c48-hlrcn,monitoring,/kubepods/besteffort/pod9d3fe3f0-8989-47b4-8478-0ae7be66df8d,1780634804,438513664.0
memory_working_set,minikube,chaos-daemon-n6ghj,chaos-testing,/kubepods/besteffort/poda051be83-a7cd-43e4-83d3-76f3c90e8474,1780634804,25616384.0
memory_working_set,minikube,monitoring-kube-prometheus-operator-556b56cc6d-n6dg9,monitoring,/kubepods/besteffort/podc8122519-a592-495f-9353-00a2f23fdf80,1780634804,41426944.0
memory_working_set,minikube,monitoring-prometheus-node-exporter-pdw8p,monitoring,/kubepods/besteffort/podd35abb3b-34f0-40fa-af55-3ab246fc64c8,1780634804,17346560.0
memory_working_set,minikube,kube-scheduler-minikube,kube-system,/kubepods/burstable/pod1c7123a121598343200ffd5b015ca580,1780634804,40394752.0
memory_working_set,minikube,shippingservice-55656785c7-lk4mx,boutique,/kubepods/burstable/pod1df51271-c9ea-47fa-8fb2-cf15bbc7c216,1780634804,12869632.0
memory_working_set,minikube,chaos-controller-manager-659785674d-29q42,chaos-testing,/kubepods/burstable/pod21ab858c-cee8-438c-8682-c786dc3dc044,1780634804,19517440.0
memory_working_set,minikube,chaos-controller-manager-659785674d-fjb2r,chaos-testing,/kubepods/burstable/pod2569141a-4d05-422e-bcf2-2f01e2f5056d,1780634804,15982592.0
memory_working_set,minikube,coredns-7d764666f9-hxxb8,kube-system,/kubepods/burstable/pod596c18fb-891c-4e87-9b11-83d99dd6d264,1780634804,26263552.0
memory_working_set,minikube,recommendationservice-6f8f67d69-fhrns,boutique,/kubepods/burstable/pod5ded7b1a-44d9-4178-8596-57a9e25f6171,1780634804,52011008.0
memory_working_set,minikube,etcd-minikube,kube-system,/kubepods/burstable/pod5ff8e3b06bbaa8cb7ebc2bf531e48a2f,1780634804,94158848.0
memory_working_set,minikube,emailservice-7466dc585-sv4wh,boutique,/kubepods/burstable/pod6116940a-da83-4761-97dc-892a207b789e,1780634804,52035584.0
memory_working_set,minikube,cartservice-546c548494-cb4lb,boutique,/kubepods/burstable/pod6ec732c5-cf34-4e25-a3ce-ff4b44ce8d19,1780634804,48230400.0
memory_working_set,minikube,kube-controller-manager-minikube,kube-system,/kubepods/burstable/pod740363cf4388c2d0df59fc97f96b889c,1780634804,110694400.0
memory_working_set,minikube,chaos-dashboard-5b77585c6c-zm7f4,chaos-testing,/kubepods/burstable/pod7d3e8284-7c72-4577-a8fb-79d957f69104,1780634804,53309440.0
memory_working_set,minikube,chaos-dns-server-6bccb5bb76-gscmn,chaos-testing,/kubepods/burstable/pod8a82a436-ef3f-4750-8f39-dbfde680d0b8,1780634804,29286400.0
memory_working_set,minikube,coredns-7d764666f9-gmlgd,kube-system,/kubepods/burstable/pod9289fad3-6e91-4617-b97d-6da4631c2f35,1780634804,36032512.0
memory_working_set,minikube,adservice-8576649cff-5bvst,boutique,/kubepods/burstable/pod9d685cd3-17df-43af-a26e-7743c006902d,1780634804,98254848.0
memory_working_set,minikube,kube-apiserver-minikube,kube-system,/kubepods/burstable/poda6dc00f40d27725f15407f95751ce5f7,1780634804,576237568.0
memory_working_set,minikube,loadgenerator-7dd458dd5b-p2gm5,boutique,/kubepods/burstable/podad2b31a2-cb58-4a8e-9520-6dac05e0ae03,1780634804,64184320.0
memory_working_set,minikube,alertmanager-monitoring-kube-prometheus-alertmanager-0,monitoring,/kubepods/burstable/podb5fde93f-2f9a-427f-aa16-8a257f179975,1780634804,43712512.0
memory_working_set,minikube,currencyservice-fd8f5dfb7-js8gr,boutique,/kubepods/burstable/podc827ec2d-8a9d-4e1c-8017-62c3901eccb4,1780634804,41115648.0
memory_working_set,minikube,redis-cart-6899b65948-ms767,boutique,/kubepods/burstable/podd425db0f-53f9-4bec-9ee1-49e4ced03bb6,1780634804,12763136.0
memory_working_set,minikube,chaos-controller-manager-659785674d-wbwg8,chaos-testing,/kubepods/burstable/podd7abbfc2-2af5-4b28-b438-3ebef4bafcce,1780634804,55283712.0
memory_working_set,minikube,paymentservice-6b76dfb449-n8mm2,boutique,/kubepods/burstable/podd9986049-5066-4a99-a156-0bc7b2391961,1780634804,33607680.0
memory_working_set,minikube,checkoutservice-75b9cd684f-mxb57,boutique,/kubepods/burstable/pod899228c2-a2b5-44fd-93be-9c372e37e8b5,1780634804,13811712.0
memory_working_set,minikube,frontend-694b9f76cd-pskf5,boutique,/kubepods/burstable/pod4d235b9f-a410-4f2c-99da-80b42ecf7d86,1780634804,19066880.0
memory_working_set,minikube,productcatalogservice-fb49fc9cc-vbqbl,boutique,/kubepods/burstable/pod9b723af0-e450-462a-a20e-b721d0610cf7,1780634804,16093184.0
memory_rss,minikube,kube-proxy-fshvh,kube-system,/kubepods/besteffort/pod2f4efb93-ee48-4c37-b1e1-6f2e54a917c7,1780634804,19431424.0
memory_rss,minikube,monitoring-kube-state-metrics-868694bc4b-689cm,monitoring,/kubepods/besteffort/pod59c52cc8-67e3-4946-aac6-7ff0ef74285f,1780634804,21274624.0
memory_rss,minikube,prometheus-monitoring-kube-prometheus-prometheus-0,monitoring,/kubepods/besteffort/pod6bff50b8-f988-4ff2-a8c1-8f95f2c25189,1780634804,219889664.0
memory_rss,minikube,storage-provisioner,kube-system,/kubepods/besteffort/pod9bffcac8-a0cd-49a4-ad59-cdbf60a579cb,1780634804,9506816.0
memory_rss,minikube,monitoring-grafana-6f66955c48-hlrcn,monitoring,/kubepods/besteffort/pod9d3fe3f0-8989-47b4-8478-0ae7be66df8d,1780634804,309501952.0
memory_rss,minikube,chaos-daemon-n6ghj,chaos-testing,/kubepods/besteffort/poda051be83-a7cd-43e4-83d3-76f3c90e8474,1780634804,8253440.0
memory_rss,minikube,monitoring-kube-prometheus-operator-556b56cc6d-n6dg9,monitoring,/kubepods/besteffort/podc8122519-a592-495f-9353-00a2f23fdf80,1780634804,21688320.0
memory_rss,minikube,monitoring-prometheus-node-exporter-pdw8p,monitoring,/kubepods/besteffort/podd35abb3b-34f0-40fa-af55-3ab246fc64c8,1780634804,10342400.0
memory_rss,minikube,kube-scheduler-minikube,kube-system,/kubepods/burstable/pod1c7123a121598343200ffd5b015ca580,1780634804,23633920.0
memory_rss,minikube,shippingservice-55656785c7-lk4mx,boutique,/kubepods/burstable/pod1df51271-c9ea-47fa-8fb2-cf15bbc7c216,1780634804,6995968.0
memory_rss,minikube,chaos-controller-manager-659785674d-29q42,chaos-testing,/kubepods/burstable/pod21ab858c-cee8-438c-8682-c786dc3dc044,1780634804,15183872.0
memory_rss,minikube,chaos-controller-manager-659785674d-fjb2r,chaos-testing,/kubepods/burstable/pod2569141a-4d05-422e-bcf2-2f01e2f5056d,1780634804,14733312.0
memory_rss,minikube,coredns-7d764666f9-hxxb8,kube-system,/kubepods/burstable/pod596c18fb-891c-4e87-9b11-83d99dd6d264,1780634804,15486976.0
memory_rss,minikube,recommendationservice-6f8f67d69-fhrns,boutique,/kubepods/burstable/pod5ded7b1a-44d9-4178-8596-57a9e25f6171,1780634804,41271296.0
memory_rss,minikube,etcd-minikube,kube-system,/kubepods/burstable/pod5ff8e3b06bbaa8cb7ebc2bf531e48a2f,1780634804,62877696.0
memory_rss,minikube,emailservice-7466dc585-sv4wh,boutique,/kubepods/burstable/pod6116940a-da83-4761-97dc-892a207b789e,1780634804,42352640.0
memory_rss,minikube,cartservice-546c548494-cb4lb,boutique,/kubepods/burstable/pod6ec732c5-cf34-4e25-a3ce-ff4b44ce8d19,1780634804,16764928.0
memory_rss,minikube,kube-controller-manager-minikube,kube-system,/kubepods/burstable/pod740363cf4388c2d0df59fc97f96b889c,1780634804,83075072.0
memory_rss,minikube,chaos-dashboard-5b77585c6c-zm7f4,chaos-testing,/kubepods/burstable/pod7d3e8284-7c72-4577-a8fb-79d957f69104,1780634804,32489472.0
memory_rss,minikube,chaos-dns-server-6bccb5bb76-gscmn,chaos-testing,/kubepods/burstable/pod8a82a436-ef3f-4750-8f39-dbfde680d0b8,1780634804,12922880.0
memory_rss,minikube,coredns-7d764666f9-gmlgd,kube-system,/kubepods/burstable/pod9289fad3-6e91-4617-b97d-6da4631c2f35,1780634804,15953920.0
memory_rss,minikube,adservice-8576649cff-5bvst,boutique,/kubepods/burstable/pod9d685cd3-17df-43af-a26e-7743c006902d,1780634804,81829888.0
memory_rss,minikube,kube-apiserver-minikube,kube-system,/kubepods/burstable/poda6dc00f40d27725f15407f95751ce5f7,1780634804,538259456.0
memory_rss,minikube,loadgenerator-7dd458dd5b-p2gm5,boutique,/kubepods/burstable/podad2b31a2-cb58-4a8e-9520-6dac05e0ae03,1780634804,54923264.0
memory_rss,minikube,alertmanager-monitoring-kube-prometheus-alertmanager-0,monitoring,/kubepods/burstable/podb5fde93f-2f9a-427f-aa16-8a257f179975,1780634804,26595328.0
memory_rss,minikube,currencyservice-fd8f5dfb7-js8gr,boutique,/kubepods/burstable/podc827ec2d-8a9d-4e1c-8017-62c3901eccb4,1780634804,18251776.0
memory_rss,minikube,redis-cart-6899b65948-ms767,boutique,/kubepods/burstable/podd425db0f-53f9-4bec-9ee1-49e4ced03bb6,1780634804,5562368.0
memory_rss,minikube,chaos-controller-manager-659785674d-wbwg8,chaos-testing,/kubepods/burstable/podd7abbfc2-2af5-4b28-b438-3ebef4bafcce,1780634804,26755072.0
memory_rss,minikube,paymentservice-6b76dfb449-n8mm2,boutique,/kubepods/burstable/podd9986049-5066-4a99-a156-0bc7b2391961,1780634804,13967360.0
memory_rss,minikube,checkoutservice-75b9cd684f-mxb57,boutique,/kubepods/burstable/pod899228c2-a2b5-44fd-93be-9c372e37e8b5,1780634804,7462912.0
memory_rss,minikube,frontend-694b9f76cd-pskf5,boutique,/kubepods/burstable/pod4d235b9f-a410-4f2c-99da-80b42ecf7d86,1780634804,11542528.0
memory_rss,minikube,productcatalogservice-fb49fc9cc-vbqbl,boutique,/kubepods/burstable/pod9b723af0-e450-462a-a20e-b721d0610cf7,1780634804,8757248.0
fs_reads_bytes_rate,minikube,kube-proxy-fshvh,kube-system,/kubepods/besteffort/pod2f4efb93-ee48-4c37-b1e1-6f2e54a917c7,1780634804,1388.4374191591662
fs_reads_bytes_rate,minikube,monitoring-kube-state-metrics-868694bc4b-689cm,monitoring,/kubepods/besteffort/pod59c52cc8-67e3-4946-aac6-7ff0ef74285f,1780634804,0.0
fs_reads_bytes_rate,minikube,prometheus-monitoring-kube-prometheus-prometheus-0,monitoring,/kubepods/besteffort/pod6bff50b8-f988-4ff2-a8c1-8f95f2c25189,1780634804,61119.47958687983
fs_reads_bytes_rate,minikube,storage-provisioner,kube-system,/kubepods/besteffort/pod9bffcac8-a0cd-49a4-ad59-cdbf60a579cb,1780634804,0.0
fs_reads_bytes_rate,minikube,monitoring-grafana-6f66955c48-hlrcn,monitoring,/kubepods/besteffort/pod9d3fe3f0-8989-47b4-8478-0ae7be66df8d,1780634804,14321.95196514894
fs_reads_bytes_rate,minikube,chaos-daemon-n6ghj,chaos-testing,/kubepods/besteffort/poda051be83-a7cd-43e4-83d3-76f3c90e8474,1780634804,3460.1222719593125
fs_reads_bytes_rate,minikube,monitoring-kube-prometheus-operator-556b56cc6d-n6dg9,monitoring,/kubepods/besteffort/podc8122519-a592-495f-9353-00a2f23fdf80,1780634804,409.1796608938091
fs_reads_bytes_rate,minikube,monitoring-prometheus-node-exporter-pdw8p,monitoring,/kubepods/besteffort/podd35abb3b-34f0-40fa-af55-3ab246fc64c8,1780634804,0.0
fs_reads_bytes_rate,minikube,kube-scheduler-minikube,kube-system,/kubepods/burstable/pod1c7123a121598343200ffd5b015ca580,1780634804,0.0
fs_reads_bytes_rate,minikube,shippingservice-55656785c7-lk4mx,boutique,/kubepods/burstable/pod1df51271-c9ea-47fa-8fb2-cf15bbc7c216,1780634804,0.0
fs_reads_bytes_rate,minikube,chaos-controller-manager-659785674d-29q42,chaos-testing,/kubepods/burstable/pod21ab858c-cee8-438c-8682-c786dc3dc044,1780634804,0.0
fs_reads_bytes_rate,minikube,chaos-controller-manager-659785674d-fjb2r,chaos-testing,/kubepods/burstable/pod2569141a-4d05-422e-bcf2-2f01e2f5056d,1780634804,0.0
fs_reads_bytes_rate,minikube,coredns-7d764666f9-hxxb8,kube-system,/kubepods/burstable/pod596c18fb-891c-4e87-9b11-83d99dd6d264,1780634804,0.0
fs_reads_bytes_rate,minikube,recommendationservice-6f8f67d69-fhrns,boutique,/kubepods/burstable/pod5ded7b1a-44d9-4178-8596-57a9e25f6171,1780634804,0.0
fs_reads_bytes_rate,minikube,etcd-minikube,kube-system,/kubepods/burstable/pod5ff8e3b06bbaa8cb7ebc2bf531e48a2f,1780634804,210.0476914924531
fs_reads_bytes_rate,minikube,emailservice-7466dc585-sv4wh,boutique,/kubepods/burstable/pod6116940a-da83-4761-97dc-892a207b789e,1780634804,0.0
fs_reads_bytes_rate,minikube,cartservice-546c548494-cb4lb,boutique,/kubepods/burstable/pod6ec732c5-cf34-4e25-a3ce-ff4b44ce8d19,1780634804,880.8516045786453
fs_reads_bytes_rate,minikube,kube-controller-manager-minikube,kube-system,/kubepods/burstable/pod740363cf4388c2d0df59fc97f96b889c,1780634804,39.517607332368556
fs_reads_bytes_rate,minikube,chaos-dashboard-5b77585c6c-zm7f4,chaos-testing,/kubepods/burstable/pod7d3e8284-7c72-4577-a8fb-79d957f69104,1780634804,15837.887626650292
fs_reads_bytes_rate,minikube,chaos-dns-server-6bccb5bb76-gscmn,chaos-testing,/kubepods/burstable/pod8a82a436-ef3f-4750-8f39-dbfde680d0b8,1780634804,606.7811047534396
fs_reads_bytes_rate,minikube,coredns-7d764666f9-gmlgd,kube-system,/kubepods/burstable/pod9289fad3-6e91-4617-b97d-6da4631c2f35,1780634804,0.0
fs_reads_bytes_rate,minikube,adservice-8576649cff-5bvst,boutique,/kubepods/burstable/pod9d685cd3-17df-43af-a26e-7743c006902d,1780634804,1000.3314435237679
fs_reads_bytes_rate,minikube,kube-apiserver-minikube,kube-system,/kubepods/burstable/poda6dc00f40d27725f15407f95751ce5f7,1780634804,8720.828197326115
fs_reads_bytes_rate,minikube,loadgenerator-7dd458dd5b-p2gm5,boutique,/kubepods/burstable/podad2b31a2-cb58-4a8e-9520-6dac05e0ae03,1780634804,0.0
fs_reads_bytes_rate,minikube,alertmanager-monitoring-kube-prometheus-alertmanager-0,monitoring,/kubepods/burstable/podb5fde93f-2f9a-427f-aa16-8a257f179975,1780634804,11548.438028645538
fs_reads_bytes_rate,minikube,currencyservice-fd8f5dfb7-js8gr,boutique,/kubepods/burstable/podc827ec2d-8a9d-4e1c-8017-62c3901eccb4,1780634804,73.65184399331092
fs_reads_bytes_rate,minikube,redis-cart-6899b65948-ms767,boutique,/kubepods/burstable/podd425db0f-53f9-4bec-9ee1-49e4ced03bb6,1780634804,0.0
fs_reads_bytes_rate,minikube,chaos-controller-manager-659785674d-wbwg8,chaos-testing,/kubepods/burstable/podd7abbfc2-2af5-4b28-b438-3ebef4bafcce,1780634804,0.0
fs_reads_bytes_rate,minikube,paymentservice-6b76dfb449-n8mm2,boutique,/kubepods/burstable/podd9986049-5066-4a99-a156-0bc7b2391961,1780634804,1138.9589203618566
fs_reads_bytes_rate,minikube,checkoutservice-75b9cd684f-mxb57,boutique,/kubepods/burstable/pod899228c2-a2b5-44fd-93be-9c372e37e8b5,1780634804,0.0
fs_reads_bytes_rate,minikube,frontend-694b9f76cd-pskf5,boutique,/kubepods/burstable/pod4d235b9f-a410-4f2c-99da-80b42ecf7d86,1780634804,1053.9335961550833
fs_reads_bytes_rate,minikube,productcatalogservice-fb49fc9cc-vbqbl,boutique,/kubepods/burstable/pod9b723af0-e450-462a-a20e-b721d0610cf7,1780634804,2049.244183968838
fs_writes_bytes_rate,minikube,kube-proxy-fshvh,kube-system,/kubepods/besteffort/pod2f4efb93-ee48-4c37-b1e1-6f2e54a917c7,1780634804,0.0
fs_writes_bytes_rate,minikube,monitoring-kube-state-metrics-868694bc4b-689cm,monitoring,/kubepods/besteffort/pod59c52cc8-67e3-4946-aac6-7ff0ef74285f,1780634804,0.0
fs_writes_bytes_rate,minikube,prometheus-monitoring-kube-prometheus-prometheus-0,monitoring,/kubepods/besteffort/pod6bff50b8-f988-4ff2-a8c1-8f95f2c25189,1780634804,7569.645384079244
fs_writes_bytes_rate,minikube,storage-provisioner,kube-system,/kubepods/besteffort/pod9bffcac8-a0cd-49a4-ad59-cdbf60a579cb,1780634804,0.0
fs_writes_bytes_rate,minikube,monitoring-grafana-6f66955c48-hlrcn,monitoring,/kubepods/besteffort/pod9d3fe3f0-8989-47b4-8478-0ae7be66df8d,1780634804,704.3582933679807
fs_writes_bytes_rate,minikube,chaos-daemon-n6ghj,chaos-testing,/kubepods/besteffort/poda051be83-a7cd-43e4-83d3-76f3c90e8474,1780634804,0.0
fs_writes_bytes_rate,minikube,monitoring-kube-prometheus-operator-556b56cc6d-n6dg9,monitoring,/kubepods/besteffort/podc8122519-a592-495f-9353-00a2f23fdf80,1780634804,0.0
fs_writes_bytes_rate,minikube,monitoring-prometheus-node-exporter-pdw8p,monitoring,/kubepods/besteffort/podd35abb3b-34f0-40fa-af55-3ab246fc64c8,1780634804,0.0
fs_writes_bytes_rate,minikube,kube-scheduler-minikube,kube-system,/kubepods/burstable/pod1c7123a121598343200ffd5b015ca580,1780634804,0.0
fs_writes_bytes_rate,minikube,shippingservice-55656785c7-lk4mx,boutique,/kubepods/burstable/pod1df51271-c9ea-47fa-8fb2-cf15bbc7c216,1780634804,0.0
fs_writes_bytes_rate,minikube,chaos-controller-manager-659785674d-29q42,chaos-testing,/kubepods/burstable/pod21ab858c-cee8-438c-8682-c786dc3dc044,1780634804,0.0
fs_writes_bytes_rate,minikube,chaos-controller-manager-659785674d-fjb2r,chaos-testing,/kubepods/burstable/pod2569141a-4d05-422e-bcf2-2f01e2f5056d,1780634804,0.0
fs_writes_bytes_rate,minikube,coredns-7d764666f9-hxxb8,kube-system,/kubepods/burstable/pod596c18fb-891c-4e87-9b11-83d99dd6d264,1780634804,0.0
fs_writes_bytes_rate,minikube,recommendationservice-6f8f67d69-fhrns,boutique,/kubepods/burstable/pod5ded7b1a-44d9-4178-8596-57a9e25f6171,1780634804,0.0
fs_writes_bytes_rate,minikube,etcd-minikube,kube-system,/kubepods/burstable/pod5ff8e3b06bbaa8cb7ebc2bf531e48a2f,1780634804,35638.09165655288
fs_writes_bytes_rate,minikube,emailservice-7466dc585-sv4wh,boutique,/kubepods/burstable/pod6116940a-da83-4761-97dc-892a207b789e,1780634804,0.0
fs_writes_bytes_rate,minikube,cartservice-546c548494-cb4lb,boutique,/kubepods/burstable/pod6ec732c5-cf34-4e25-a3ce-ff4b44ce8d19,1780634804,0.0
fs_writes_bytes_rate,minikube,kube-controller-manager-minikube,kube-system,/kubepods/burstable/pod740363cf4388c2d0df59fc97f96b889c,1780634804,0.0
fs_writes_bytes_rate,minikube,chaos-dashboard-5b77585c6c-zm7f4,chaos-testing,/kubepods/burstable/pod7d3e8284-7c72-4577-a8fb-79d957f69104,1780634804,0.0
fs_writes_bytes_rate,minikube,chaos-dns-server-6bccb5bb76-gscmn,chaos-testing,/kubepods/burstable/pod8a82a436-ef3f-4750-8f39-dbfde680d0b8,1780634804,0.0
fs_writes_bytes_rate,minikube,coredns-7d764666f9-gmlgd,kube-system,/kubepods/burstable/pod9289fad3-6e91-4617-b97d-6da4631c2f35,1780634804,0.0
fs_writes_bytes_rate,minikube,adservice-8576649cff-5bvst,boutique,/kubepods/burstable/pod9d685cd3-17df-43af-a26e-7743c006902d,1780634804,0.0
fs_writes_bytes_rate,minikube,kube-apiserver-minikube,kube-system,/kubepods/burstable/poda6dc00f40d27725f15407f95751ce5f7,1780634804,0.0
fs_writes_bytes_rate,minikube,loadgenerator-7dd458dd5b-p2gm5,boutique,/kubepods/burstable/podad2b31a2-cb58-4a8e-9520-6dac05e0ae03,1780634804,0.0
fs_writes_bytes_rate,minikube,alertmanager-monitoring-kube-prometheus-alertmanager-0,monitoring,/kubepods/burstable/podb5fde93f-2f9a-427f-aa16-8a257f179975,1780634804,0.0
fs_writes_bytes_rate,minikube,currencyservice-fd8f5dfb7-js8gr,boutique,/kubepods/burstable/podc827ec2d-8a9d-4e1c-8017-62c3901eccb4,1780634804,0.0
fs_writes_bytes_rate,minikube,redis-cart-6899b65948-ms767,boutique,/kubepods/burstable/podd425db0f-53f9-4bec-9ee1-49e4ced03bb6,1780634804,0.0
fs_writes_bytes_rate,minikube,chaos-controller-manager-659785674d-wbwg8,chaos-testing,/kubepods/burstable/podd7abbfc2-2af5-4b28-b438-3ebef4bafcce,1780634804,0.0
fs_writes_bytes_rate,minikube,paymentservice-6b76dfb449-n8mm2,boutique,/kubepods/burstable/podd9986049-5066-4a99-a156-0bc7b2391961,1780634804,0.0
fs_writes_bytes_rate,minikube,checkoutservice-75b9cd684f-mxb57,boutique,/kubepods/burstable/pod899228c2-a2b5-44fd-93be-9c372e37e8b5,1780634804,0.0
fs_writes_bytes_rate,minikube,frontend-694b9f76cd-pskf5,boutique,/kubepods/burstable/pod4d235b9f-a410-4f2c-99da-80b42ecf7d86,1780634804,0.0
fs_writes_bytes_rate,minikube,productcatalogservice-fb49fc9cc-vbqbl,boutique,/kubepods/burstable/pod9b723af0-e450-462a-a20e-b721d0610cf7,1780634804,0.0
fs_reads_total,minikube,kube-proxy-fshvh,kube-system,/kubepods/besteffort/pod2f4efb93-ee48-4c37-b1e1-6f2e54a917c7,1780634804,521.0
fs_reads_total,minikube,monitoring-kube-state-metrics-868694bc4b-689cm,monitoring,/kubepods/besteffort/pod59c52cc8-67e3-4946-aac6-7ff0ef74285f,1780634804,522.0
fs_reads_total,minikube,prometheus-monitoring-kube-prometheus-prometheus-0,monitoring,/kubepods/besteffort/pod6bff50b8-f988-4ff2-a8c1-8f95f2c25189,1780634804,2662.0
fs_reads_total,minikube,storage-provisioner,kube-system,/kubepods/besteffort/pod9bffcac8-a0cd-49a4-ad59-cdbf60a579cb,1780634804,270.0
fs_reads_total,minikube,monitoring-grafana-6f66955c48-hlrcn,monitoring,/kubepods/besteffort/pod9d3fe3f0-8989-47b4-8478-0ae7be66df8d,1780634804,5913.0
fs_reads_total,minikube,chaos-daemon-n6ghj,chaos-testing,/kubepods/besteffort/poda051be83-a7cd-43e4-83d3-76f3c90e8474,1780634804,481.0
fs_reads_total,minikube,monitoring-kube-prometheus-operator-556b56cc6d-n6dg9,monitoring,/kubepods/besteffort/podc8122519-a592-495f-9353-00a2f23fdf80,1780634804,534.0
fs_reads_total,minikube,monitoring-prometheus-node-exporter-pdw8p,monitoring,/kubepods/besteffort/podd35abb3b-34f0-40fa-af55-3ab246fc64c8,1780634804,191.0
fs_reads_total,minikube,kube-scheduler-minikube,kube-system,/kubepods/burstable/pod1c7123a121598343200ffd5b015ca580,1780634804,462.0
fs_reads_total,minikube,shippingservice-55656785c7-lk4mx,boutique,/kubepods/burstable/pod1df51271-c9ea-47fa-8fb2-cf15bbc7c216,1780634804,156.0
fs_reads_total,minikube,chaos-controller-manager-659785674d-29q42,chaos-testing,/kubepods/burstable/pod21ab858c-cee8-438c-8682-c786dc3dc044,1780634804,140.0
fs_reads_total,minikube,chaos-controller-manager-659785674d-fjb2r,chaos-testing,/kubepods/burstable/pod2569141a-4d05-422e-bcf2-2f01e2f5056d,1780634804,4.0
fs_reads_total,minikube,coredns-7d764666f9-hxxb8,kube-system,/kubepods/burstable/pod596c18fb-891c-4e87-9b11-83d99dd6d264,1780634804,330.0
fs_reads_total,minikube,recommendationservice-6f8f67d69-fhrns,boutique,/kubepods/burstable/pod5ded7b1a-44d9-4178-8596-57a9e25f6171,1780634804,907.0
fs_reads_total,minikube,etcd-minikube,kube-system,/kubepods/burstable/pod5ff8e3b06bbaa8cb7ebc2bf531e48a2f,1780634804,1643.0
fs_reads_total,minikube,emailservice-7466dc585-sv4wh,boutique,/kubepods/burstable/pod6116940a-da83-4761-97dc-892a207b789e,1780634804,920.0
fs_reads_total,minikube,cartservice-546c548494-cb4lb,boutique,/kubepods/burstable/pod6ec732c5-cf34-4e25-a3ce-ff4b44ce8d19,1780634804,314.0
fs_reads_total,minikube,kube-controller-manager-minikube,kube-system,/kubepods/burstable/pod740363cf4388c2d0df59fc97f96b889c,1780634804,691.0
fs_reads_total,minikube,chaos-dashboard-5b77585c6c-zm7f4,chaos-testing,/kubepods/burstable/pod7d3e8284-7c72-4577-a8fb-79d957f69104,1780634804,788.0
fs_reads_total,minikube,chaos-dns-server-6bccb5bb76-gscmn,chaos-testing,/kubepods/burstable/pod8a82a436-ef3f-4750-8f39-dbfde680d0b8,1780634804,420.0
fs_reads_total,minikube,coredns-7d764666f9-gmlgd,kube-system,/kubepods/burstable/pod9289fad3-6e91-4617-b97d-6da4631c2f35,1780634804,498.0
fs_reads_total,minikube,adservice-8576649cff-5bvst,boutique,/kubepods/burstable/pod9d685cd3-17df-43af-a26e-7743c006902d,1780634804,1970.0
fs_reads_total,minikube,kube-apiserver-minikube,kube-system,/kubepods/burstable/poda6dc00f40d27725f15407f95751ce5f7,1780634804,946.0
fs_reads_total,minikube,loadgenerator-7dd458dd5b-p2gm5,boutique,/kubepods/burstable/podad2b31a2-cb58-4a8e-9520-6dac05e0ae03,1780634804,1158.0
fs_reads_total,minikube,alertmanager-monitoring-kube-prometheus-alertmanager-0,monitoring,/kubepods/burstable/podb5fde93f-2f9a-427f-aa16-8a257f179975,1780634804,642.0
fs_reads_total,minikube,currencyservice-fd8f5dfb7-js8gr,boutique,/kubepods/burstable/podc827ec2d-8a9d-4e1c-8017-62c3901eccb4,1780634804,876.0
fs_reads_total,minikube,redis-cart-6899b65948-ms767,boutique,/kubepods/burstable/podd425db0f-53f9-4bec-9ee1-49e4ced03bb6,1780634804,250.0
fs_reads_total,minikube,chaos-controller-manager-659785674d-wbwg8,chaos-testing,/kubepods/burstable/podd7abbfc2-2af5-4b28-b438-3ebef4bafcce,1780634804,562.0
fs_reads_total,minikube,paymentservice-6b76dfb449-n8mm2,boutique,/kubepods/burstable/podd9986049-5066-4a99-a156-0bc7b2391961,1780634804,727.0
fs_reads_total,minikube,checkoutservice-75b9cd684f-mxb57,boutique,/kubepods/burstable/pod899228c2-a2b5-44fd-93be-9c372e37e8b5,1780634804,173.0
fs_reads_total,minikube,frontend-694b9f76cd-pskf5,boutique,/kubepods/burstable/pod4d235b9f-a410-4f2c-99da-80b42ecf7d86,1780634804,212.0
fs_reads_total,minikube,productcatalogservice-fb49fc9cc-vbqbl,boutique,/kubepods/burstable/pod9b723af0-e450-462a-a20e-b721d0610cf7,1780634804,225.0
fs_writes_total,minikube,kube-proxy-fshvh,kube-system,/kubepods/besteffort/pod2f4efb93-ee48-4c37-b1e1-6f2e54a917c7,1780634804,0.0
fs_writes_total,minikube,monitoring-kube-state-metrics-868694bc4b-689cm,monitoring,/kubepods/besteffort/pod59c52cc8-67e3-4946-aac6-7ff0ef74285f,1780634804,0.0
fs_writes_total,minikube,prometheus-monitoring-kube-prometheus-prometheus-0,monitoring,/kubepods/besteffort/pod6bff50b8-f988-4ff2-a8c1-8f95f2c25189,1780634804,42.0
fs_writes_total,minikube,storage-provisioner,kube-system,/kubepods/besteffort/pod9bffcac8-a0cd-49a4-ad59-cdbf60a579cb,1780634804,0.0
fs_writes_total,minikube,monitoring-grafana-6f66955c48-hlrcn,monitoring,/kubepods/besteffort/pod9d3fe3f0-8989-47b4-8478-0ae7be66df8d,1780634804,82.0
fs_writes_total,minikube,chaos-daemon-n6ghj,chaos-testing,/kubepods/besteffort/poda051be83-a7cd-43e4-83d3-76f3c90e8474,1780634804,0.0
fs_writes_total,minikube,monitoring-kube-prometheus-operator-556b56cc6d-n6dg9,monitoring,/kubepods/besteffort/podc8122519-a592-495f-9353-00a2f23fdf80,1780634804,0.0
fs_writes_total,minikube,monitoring-prometheus-node-exporter-pdw8p,monitoring,/kubepods/besteffort/podd35abb3b-34f0-40fa-af55-3ab246fc64c8,1780634804,0.0
fs_writes_total,minikube,kube-scheduler-minikube,kube-system,/kubepods/burstable/pod1c7123a121598343200ffd5b015ca580,1780634804,0.0
fs_writes_total,minikube,shippingservice-55656785c7-lk4mx,boutique,/kubepods/burstable/pod1df51271-c9ea-47fa-8fb2-cf15bbc7c216,1780634804,0.0
fs_writes_total,minikube,chaos-controller-manager-659785674d-29q42,chaos-testing,/kubepods/burstable/pod21ab858c-cee8-438c-8682-c786dc3dc044,1780634804,0.0
fs_writes_total,minikube,chaos-controller-manager-659785674d-fjb2r,chaos-testing,/kubepods/burstable/pod2569141a-4d05-422e-bcf2-2f01e2f5056d,1780634804,0.0
fs_writes_total,minikube,coredns-7d764666f9-hxxb8,kube-system,/kubepods/burstable/pod596c18fb-891c-4e87-9b11-83d99dd6d264,1780634804,0.0
fs_writes_total,minikube,recommendationservice-6f8f67d69-fhrns,boutique,/kubepods/burstable/pod5ded7b1a-44d9-4178-8596-57a9e25f6171,1780634804,0.0
fs_writes_total,minikube,etcd-minikube,kube-system,/kubepods/burstable/pod5ff8e3b06bbaa8cb7ebc2bf531e48a2f,1780634804,3823.0
fs_writes_total,minikube,emailservice-7466dc585-sv4wh,boutique,/kubepods/burstable/pod6116940a-da83-4761-97dc-892a207b789e,1780634804,0.0
fs_writes_total,minikube,cartservice-546c548494-cb4lb,boutique,/kubepods/burstable/pod6ec732c5-cf34-4e25-a3ce-ff4b44ce8d19,1780634804,0.0
fs_writes_total,minikube,kube-controller-manager-minikube,kube-system,/kubepods/burstable/pod740363cf4388c2d0df59fc97f96b889c,1780634804,0.0
fs_writes_total,minikube,chaos-dashboard-5b77585c6c-zm7f4,chaos-testing,/kubepods/burstable/pod7d3e8284-7c72-4577-a8fb-79d957f69104,1780634804,0.0
fs_writes_total,minikube,chaos-dns-server-6bccb5bb76-gscmn,chaos-testing,/kubepods/burstable/pod8a82a436-ef3f-4750-8f39-dbfde680d0b8,1780634804,0.0
fs_writes_total,minikube,coredns-7d764666f9-gmlgd,kube-system,/kubepods/burstable/pod9289fad3-6e91-4617-b97d-6da4631c2f35,1780634804,0.0
fs_writes_total,minikube,adservice-8576649cff-5bvst,boutique,/kubepods/burstable/pod9d685cd3-17df-43af-a26e-7743c006902d,1780634804,0.0
fs_writes_total,minikube,kube-apiserver-minikube,kube-system,/kubepods/burstable/poda6dc00f40d27725f15407f95751ce5f7,1780634804,0.0
fs_writes_total,minikube,loadgenerator-7dd458dd5b-p2gm5,boutique,/kubepods/burstable/podad2b31a2-cb58-4a8e-9520-6dac05e0ae03,1780634804,0.0
fs_writes_total,minikube,alertmanager-monitoring-kube-prometheus-alertmanager-0,monitoring,/kubepods/burstable/podb5fde93f-2f9a-427f-aa16-8a257f179975,1780634804,0.0
fs_writes_total,minikube,currencyservice-fd8f5dfb7-js8gr,boutique,/kubepods/burstable/podc827ec2d-8a9d-4e1c-8017-62c3901eccb4,1780634804,0.0
fs_writes_total,minikube,redis-cart-6899b65948-ms767,boutique,/kubepods/burstable/podd425db0f-53f9-4bec-9ee1-49e4ced03bb6,1780634804,0.0
fs_writes_total,minikube,chaos-controller-manager-659785674d-wbwg8,chaos-testing,/kubepods/burstable/podd7abbfc2-2af5-4b28-b438-3ebef4bafcce,1780634804,0.0
fs_writes_total,minikube,paymentservice-6b76dfb449-n8mm2,boutique,/kubepods/burstable/podd9986049-5066-4a99-a156-0bc7b2391961,1780634804,0.0
fs_writes_total,minikube,checkoutservice-75b9cd684f-mxb57,boutique,/kubepods/burstable/pod899228c2-a2b5-44fd-93be-9c372e37e8b5,1780634804,0.0
fs_writes_total,minikube,frontend-694b9f76cd-pskf5,boutique,/kubepods/burstable/pod4d235b9f-a410-4f2c-99da-80b42ecf7d86,1780634804,0.0
fs_writes_total,minikube,productcatalogservice-fb49fc9cc-vbqbl,boutique,/kubepods/burstable/pod9b723af0-e450-462a-a20e-b721d0610cf7,1780634804,0.0
pod_status_phase_Pending,,productcatalogservice-fb49fc9cc-vbqbl,boutique,kube-state-metrics,1780634804,0.0
pod_status_phase_Succeeded,,productcatalogservice-fb49fc9cc-vbqbl,boutique,kube-state-metrics,1780634804,0.0
pod_status_phase_Failed,,productcatalogservice-fb49fc9cc-vbqbl,boutique,kube-state-metrics,1780634804,0.0
pod_status_phase_Unknown,,productcatalogservice-fb49fc9cc-vbqbl,boutique,kube-state-metrics,1780634804,0.0
pod_status_phase_Running,,productcatalogservice-fb49fc9cc-vbqbl,boutique,kube-state-metrics,1780634804,1.0
pod_status_phase_Pending,,redis-cart-6899b65948-ms767,boutique,kube-state-metrics,1780634804,0.0
pod_status_phase_Succeeded,,redis-cart-6899b65948-ms767,boutique,kube-state-metrics,1780634804,0.0
pod_status_phase_Failed,,redis-cart-6899b65948-ms767,boutique,kube-state-metrics,1780634804,0.0
pod_status_phase_Unknown,,redis-cart-6899b65948-ms767,boutique,kube-state-metrics,1780634804,0.0
pod_status_phase_Running,,redis-cart-6899b65948-ms767,boutique,kube-state-metrics,1780634804,1.0
pod_status_phase_Pending,,kube-controller-manager-minikube,kube-system,kube-state-metrics,1780634804,0.0
pod_status_phase_Succeeded,,kube-controller-manager-minikube,kube-system,kube-state-metrics,1780634804,0.0
pod_status_phase_Failed,,kube-controller-manager-minikube,kube-system,kube-state-metrics,1780634804,0.0
pod_status_phase_Unknown,,kube-controller-manager-minikube,kube-system,kube-state-metrics,1780634804,0.0
pod_status_phase_Running,,kube-controller-manager-minikube,kube-system,kube-state-metrics,1780634804,1.0
pod_status_phase_Pending,,currencyservice-fd8f5dfb7-js8gr,boutique,kube-state-metrics,1780634804,0.0
pod_status_phase_Succeeded,,currencyservice-fd8f5dfb7-js8gr,boutique,kube-state-metrics,1780634804,0.0
pod_status_phase_Failed,,currencyservice-fd8f5dfb7-js8gr,boutique,kube-state-metrics,1780634804,0.0
pod_status_phase_Unknown,,currencyservice-fd8f5dfb7-js8gr,boutique,kube-state-metrics,1780634804,0.0
pod_status_phase_Running,,currencyservice-fd8f5dfb7-js8gr,boutique,kube-state-metrics,1780634804,1.0
pod_status_phase_Pending,,kube-proxy-fshvh,kube-system,kube-state-metrics,1780634804,0.0
pod_status_phase_Succeeded,,kube-proxy-fshvh,kube-system,kube-state-metrics,1780634804,0.0
pod_status_phase_Failed,,kube-proxy-fshvh,kube-system,kube-state-metrics,1780634804,0.0
pod_status_phase_Unknown,,kube-proxy-fshvh,kube-system,kube-state-metrics,1780634804,0.0
pod_status_phase_Running,,kube-proxy-fshvh,kube-system,kube-state-metrics,1780634804,1.0
pod_status_phase_Pending,,chaos-controller-manager-659785674d-29q42,chaos-testing,kube-state-metrics,1780634804,0.0
pod_status_phase_Succeeded,,chaos-controller-manager-659785674d-29q42,chaos-testing,kube-state-metrics,1780634804,0.0
pod_status_phase_Failed,,chaos-controller-manager-659785674d-29q42,chaos-testing,kube-state-metrics,1780634804,0.0
pod_status_phase_Unknown,,chaos-controller-manager-659785674d-29q42,chaos-testing,kube-state-metrics,1780634804,0.0
pod_status_phase_Running,,chaos-controller-manager-659785674d-29q42,chaos-testing,kube-state-metrics,1780634804,1.0
pod_status_phase_Pending,,frontend-694b9f76cd-pskf5,boutique,kube-state-metrics,1780634804,0.0
pod_status_phase_Succeeded,,frontend-694b9f76cd-pskf5,boutique,kube-state-metrics,1780634804,0.0
pod_status_phase_Failed,,frontend-694b9f76cd-pskf5,boutique,kube-state-metrics,1780634804,0.0
pod_status_phase_Unknown,,frontend-694b9f76cd-pskf5,boutique,kube-state-metrics,1780634804,0.0
pod_status_phase_Running,,frontend-694b9f76cd-pskf5,boutique,kube-state-metrics,1780634804,1.0
pod_status_phase_Pending,,monitoring-kube-state-metrics-868694bc4b-689cm,monitoring,kube-state-metrics,1780634804,0.0
pod_status_phase_Succeeded,,monitoring-kube-state-metrics-868694bc4b-689cm,monitoring,kube-state-metrics,1780634804,0.0
pod_status_phase_Failed,,monitoring-kube-state-metrics-868694bc4b-689cm,monitoring,kube-state-metrics,1780634804,0.0
pod_status_phase_Unknown,,monitoring-kube-state-metrics-868694bc4b-689cm,monitoring,kube-state-metrics,1780634804,0.0
pod_status_phase_Running,,monitoring-kube-state-metrics-868694bc4b-689cm,monitoring,kube-state-metrics,1780634804,1.0
pod_status_phase_Pending,,chaos-controller-manager-659785674d-wbwg8,chaos-testing,kube-state-metrics,1780634804,0.0
pod_status_phase_Succeeded,,chaos-controller-manager-659785674d-wbwg8,chaos-testing,kube-state-metrics,1780634804,0.0
pod_status_phase_Failed,,chaos-controller-manager-659785674d-wbwg8,chaos-testing,kube-state-metrics,1780634804,0.0
pod_status_phase_Unknown,,chaos-controller-manager-659785674d-wbwg8,chaos-testing,kube-state-metrics,1780634804,0.0
pod_status_phase_Running,,chaos-controller-manager-659785674d-wbwg8,chaos-testing,kube-state-metrics,1780634804,1.0
pod_status_phase_Pending,,chaos-controller-manager-659785674d-fjb2r,chaos-testing,kube-state-metrics,1780634804,0.0
pod_status_phase_Succeeded,,chaos-controller-manager-659785674d-fjb2r,chaos-testing,kube-state-metrics,1780634804,0.0
pod_status_phase_Failed,,chaos-controller-manager-659785674d-fjb2r,chaos-testing,kube-state-metrics,1780634804,0.0
pod_status_phase_Unknown,,chaos-controller-manager-659785674d-fjb2r,chaos-testing,kube-state-metrics,1780634804,0.0
pod_status_phase_Running,,chaos-controller-manager-659785674d-fjb2r,chaos-testing,kube-state-metrics,1780634804,1.0
pod_status_phase_Pending,,paymentservice-6b76dfb449-n8mm2,boutique,kube-state-metrics,1780634804,0.0
pod_status_phase_Succeeded,,paymentservice-6b76dfb449-n8mm2,boutique,kube-state-metrics,1780634804,0.0
pod_status_phase_Failed,,paymentservice-6b76dfb449-n8mm2,boutique,kube-state-metrics,1780634804,0.0
pod_status_phase_Unknown,,paymentservice-6b76dfb449-n8mm2,boutique,kube-state-metrics,1780634804,0.0
pod_status_phase_Running,,paymentservice-6b76dfb449-n8mm2,boutique,kube-state-metrics,1780634804,1.0
pod_status_phase_Pending,,adservice-8576649cff-5bvst,boutique,kube-state-metrics,1780634804,0.0
pod_status_phase_Succeeded,,adservice-8576649cff-5bvst,boutique,kube-state-metrics,1780634804,0.0
pod_status_phase_Failed,,adservice-8576649cff-5bvst,boutique,kube-state-metrics,1780634804,0.0
pod_status_phase_Unknown,,adservice-8576649cff-5bvst,boutique,kube-state-metrics,1780634804,0.0
pod_status_phase_Running,,adservice-8576649cff-5bvst,boutique,kube-state-metrics,1780634804,1.0
pod_status_phase_Pending,,cartservice-546c548494-cb4lb,boutique,kube-state-metrics,1780634804,0.0
pod_status_phase_Succeeded,,cartservice-546c548494-cb4lb,boutique,kube-state-metrics,1780634804,0.0
pod_status_phase_Failed,,cartservice-546c548494-cb4lb,boutique,kube-state-metrics,1780634804,0.0
pod_status_phase_Unknown,,cartservice-546c548494-cb4lb,boutique,kube-state-metrics,1780634804,0.0
pod_status_phase_Running,,cartservice-546c548494-cb4lb,boutique,kube-state-metrics,1780634804,1.0
pod_status_phase_Pending,,monitoring-prometheus-node-exporter-pdw8p,monitoring,kube-state-metrics,1780634804,0.0
pod_status_phase_Succeeded,,monitoring-prometheus-node-exporter-pdw8p,monitoring,kube-state-metrics,1780634804,0.0
pod_status_phase_Failed,,monitoring-prometheus-node-exporter-pdw8p,monitoring,kube-state-metrics,1780634804,0.0
pod_status_phase_Unknown,,monitoring-prometheus-node-exporter-pdw8p,monitoring,kube-state-metrics,1780634804,0.0
pod_status_phase_Running,,monitoring-prometheus-node-exporter-pdw8p,monitoring,kube-state-metrics,1780634804,1.0
pod_status_phase_Pending,,etcd-minikube,kube-system,kube-state-metrics,1780634804,0.0
pod_status_phase_Succeeded,,etcd-minikube,kube-system,kube-state-metrics,1780634804,0.0
pod_status_phase_Failed,,etcd-minikube,kube-system,kube-state-metrics,1780634804,0.0
pod_status_phase_Unknown,,etcd-minikube,kube-system,kube-state-metrics,1780634804,0.0
pod_status_phase_Running,,etcd-minikube,kube-system,kube-state-metrics,1780634804,1.0
pod_status_phase_Pending,,coredns-7d764666f9-hxxb8,kube-system,kube-state-metrics,1780634804,0.0
pod_status_phase_Succeeded,,coredns-7d764666f9-hxxb8,kube-system,kube-state-metrics,1780634804,0.0
pod_status_phase_Failed,,coredns-7d764666f9-hxxb8,kube-system,kube-state-metrics,1780634804,0.0
pod_status_phase_Unknown,,coredns-7d764666f9-hxxb8,kube-system,kube-state-metrics,1780634804,0.0
pod_status_phase_Running,,coredns-7d764666f9-hxxb8,kube-system,kube-state-metrics,1780634804,1.0
pod_status_phase_Pending,,chaos-dns-server-6bccb5bb76-gscmn,chaos-testing,kube-state-metrics,1780634804,0.0
pod_status_phase_Succeeded,,chaos-dns-server-6bccb5bb76-gscmn,chaos-testing,kube-state-metrics,1780634804,0.0
pod_status_phase_Failed,,chaos-dns-server-6bccb5bb76-gscmn,chaos-testing,kube-state-metrics,1780634804,0.0
pod_status_phase_Unknown,,chaos-dns-server-6bccb5bb76-gscmn,chaos-testing,kube-state-metrics,1780634804,0.0
pod_status_phase_Running,,chaos-dns-server-6bccb5bb76-gscmn,chaos-testing,kube-state-metrics,1780634804,1.0
pod_status_phase_Pending,,kube-apiserver-minikube,kube-system,kube-state-metrics,1780634804,0.0
pod_status_phase_Succeeded,,kube-apiserver-minikube,kube-system,kube-state-metrics,1780634804,0.0
pod_status_phase_Failed,,kube-apiserver-minikube,kube-system,kube-state-metrics,1780634804,0.0
pod_status_phase_Unknown,,kube-apiserver-minikube,kube-system,kube-state-metrics,1780634804,0.0
pod_status_phase_Running,,kube-apiserver-minikube,kube-system,kube-state-metrics,1780634804,1.0
pod_status_phase_Pending,,prometheus-monitoring-kube-prometheus-prometheus-0,monitoring,kube-state-metrics,1780634804,0.0
pod_status_phase_Succeeded,,prometheus-monitoring-kube-prometheus-prometheus-0,monitoring,kube-state-metrics,1780634804,0.0
pod_status_phase_Failed,,prometheus-monitoring-kube-prometheus-prometheus-0,monitoring,kube-state-metrics,1780634804,0.0
pod_status_phase_Unknown,,prometheus-monitoring-kube-prometheus-prometheus-0,monitoring,kube-state-metrics,1780634804,0.0
pod_status_phase_Running,,prometheus-monitoring-kube-prometheus-prometheus-0,monitoring,kube-state-metrics,1780634804,1.0
pod_status_phase_Pending,,storage-provisioner,kube-system,kube-state-metrics,1780634804,0.0
pod_status_phase_Succeeded,,storage-provisioner,kube-system,kube-state-metrics,1780634804,0.0
pod_status_phase_Failed,,storage-provisioner,kube-system,kube-state-metrics,1780634804,0.0
pod_status_phase_Unknown,,storage-provisioner,kube-system,kube-state-metrics,1780634804,0.0
pod_status_phase_Running,,storage-provisioner,kube-system,kube-state-metrics,1780634804,1.0
pod_status_phase_Pending,,loadgenerator-7dd458dd5b-p2gm5,boutique,kube-state-metrics,1780634804,0.0
pod_status_phase_Succeeded,,loadgenerator-7dd458dd5b-p2gm5,boutique,kube-state-metrics,1780634804,0.0
pod_status_phase_Failed,,loadgenerator-7dd458dd5b-p2gm5,boutique,kube-state-metrics,1780634804,0.0
pod_status_phase_Unknown,,loadgenerator-7dd458dd5b-p2gm5,boutique,kube-state-metrics,1780634804,0.0
pod_status_phase_Running,,loadgenerator-7dd458dd5b-p2gm5,boutique,kube-state-metrics,1780634804,1.0
pod_status_phase_Pending,,alertmanager-monitoring-kube-prometheus-alertmanager-0,monitoring,kube-state-metrics,1780634804,0.0
pod_status_phase_Succeeded,,alertmanager-monitoring-kube-prometheus-alertmanager-0,monitoring,kube-state-metrics,1780634804,0.0
pod_status_phase_Failed,,alertmanager-monitoring-kube-prometheus-alertmanager-0,monitoring,kube-state-metrics,1780634804,0.0
pod_status_phase_Unknown,,alertmanager-monitoring-kube-prometheus-alertmanager-0,monitoring,kube-state-metrics,1780634804,0.0
pod_status_phase_Running,,alertmanager-monitoring-kube-prometheus-alertmanager-0,monitoring,kube-state-metrics,1780634804,1.0
pod_status_phase_Pending,,shippingservice-55656785c7-lk4mx,boutique,kube-state-metrics,1780634804,0.0
pod_status_phase_Succeeded,,shippingservice-55656785c7-lk4mx,boutique,kube-state-metrics,1780634804,0.0
pod_status_phase_Failed,,shippingservice-55656785c7-lk4mx,boutique,kube-state-metrics,1780634804,0.0
pod_status_phase_Unknown,,shippingservice-55656785c7-lk4mx,boutique,kube-state-metrics,1780634804,0.0
pod_status_phase_Running,,shippingservice-55656785c7-lk4mx,boutique,kube-state-metrics,1780634804,1.0
pod_status_phase_Pending,,chaos-dashboard-5b77585c6c-zm7f4,chaos-testing,kube-state-metrics,1780634804,0.0
pod_status_phase_Succeeded,,chaos-dashboard-5b77585c6c-zm7f4,chaos-testing,kube-state-metrics,1780634804,0.0
pod_status_phase_Failed,,chaos-dashboard-5b77585c6c-zm7f4,chaos-testing,kube-state-metrics,1780634804,0.0
pod_status_phase_Unknown,,chaos-dashboard-5b77585c6c-zm7f4,chaos-testing,kube-state-metrics,1780634804,0.0
pod_status_phase_Running,,chaos-dashboard-5b77585c6c-zm7f4,chaos-testing,kube-state-metrics,1780634804,1.0
pod_status_phase_Pending,,monitoring-grafana-6f66955c48-hlrcn,monitoring,kube-state-metrics,1780634804,0.0
pod_status_phase_Succeeded,,monitoring-grafana-6f66955c48-hlrcn,monitoring,kube-state-metrics,1780634804,0.0
pod_status_phase_Failed,,monitoring-grafana-6f66955c48-hlrcn,monitoring,kube-state-metrics,1780634804,0.0
pod_status_phase_Unknown,,monitoring-grafana-6f66955c48-hlrcn,monitoring,kube-state-metrics,1780634804,0.0
pod_status_phase_Running,,monitoring-grafana-6f66955c48-hlrcn,monitoring,kube-state-metrics,1780634804,1.0
pod_status_phase_Pending,,coredns-7d764666f9-gmlgd,kube-system,kube-state-metrics,1780634804,0.0
pod_status_phase_Succeeded,,coredns-7d764666f9-gmlgd,kube-system,kube-state-metrics,1780634804,0.0
pod_status_phase_Failed,,coredns-7d764666f9-gmlgd,kube-system,kube-state-metrics,1780634804,0.0
pod_status_phase_Unknown,,coredns-7d764666f9-gmlgd,kube-system,kube-state-metrics,1780634804,0.0
pod_status_phase_Running,,coredns-7d764666f9-gmlgd,kube-system,kube-state-metrics,1780634804,1.0
pod_status_phase_Pending,,checkoutservice-75b9cd684f-mxb57,boutique,kube-state-metrics,1780634804,0.0
pod_status_phase_Succeeded,,checkoutservice-75b9cd684f-mxb57,boutique,kube-state-metrics,1780634804,0.0
pod_status_phase_Failed,,checkoutservice-75b9cd684f-mxb57,boutique,kube-state-metrics,1780634804,0.0
pod_status_phase_Unknown,,checkoutservice-75b9cd684f-mxb57,boutique,kube-state-metrics,1780634804,0.0
pod_status_phase_Running,,checkoutservice-75b9cd684f-mxb57,boutique,kube-state-metrics,1780634804,1.0
pod_status_phase_Pending,,kube-scheduler-minikube,kube-system,kube-state-metrics,1780634804,0.0
pod_status_phase_Succeeded,,kube-scheduler-minikube,kube-system,kube-state-metrics,1780634804,0.0
pod_status_phase_Failed,,kube-scheduler-minikube,kube-system,kube-state-metrics,1780634804,0.0
pod_status_phase_Unknown,,kube-scheduler-minikube,kube-system,kube-state-metrics,1780634804,0.0
pod_status_phase_Running,,kube-scheduler-minikube,kube-system,kube-state-metrics,1780634804,1.0
pod_status_phase_Pending,,emailservice-7466dc585-sv4wh,boutique,kube-state-metrics,1780634804,0.0
pod_status_phase_Succeeded,,emailservice-7466dc585-sv4wh,boutique,kube-state-metrics,1780634804,0.0
pod_status_phase_Failed,,emailservice-7466dc585-sv4wh,boutique,kube-state-metrics,1780634804,0.0
pod_status_phase_Unknown,,emailservice-7466dc585-sv4wh,boutique,kube-state-metrics,1780634804,0.0
pod_status_phase_Running,,emailservice-7466dc585-sv4wh,boutique,kube-state-metrics,1780634804,1.0
pod_status_phase_Pending,,monitoring-kube-prometheus-operator-556b56cc6d-n6dg9,monitoring,kube-state-metrics,1780634804,0.0
pod_status_phase_Succeeded,,monitoring-kube-prometheus-operator-556b56cc6d-n6dg9,monitoring,kube-state-metrics,1780634804,0.0
pod_status_phase_Failed,,monitoring-kube-prometheus-operator-556b56cc6d-n6dg9,monitoring,kube-state-metrics,1780634804,0.0
pod_status_phase_Unknown,,monitoring-kube-prometheus-operator-556b56cc6d-n6dg9,monitoring,kube-state-metrics,1780634804,0.0
pod_status_phase_Running,,monitoring-kube-prometheus-operator-556b56cc6d-n6dg9,monitoring,kube-state-metrics,1780634804,1.0
pod_status_phase_Pending,,recommendationservice-6f8f67d69-fhrns,boutique,kube-state-metrics,1780634804,0.0
pod_status_phase_Succeeded,,recommendationservice-6f8f67d69-fhrns,boutique,kube-state-metrics,1780634804,0.0
pod_status_phase_Failed,,recommendationservice-6f8f67d69-fhrns,boutique,kube-state-metrics,1780634804,0.0
pod_status_phase_Unknown,,recommendationservice-6f8f67d69-fhrns,boutique,kube-state-metrics,1780634804,0.0
pod_status_phase_Running,,recommendationservice-6f8f67d69-fhrns,boutique,kube-state-metrics,1780634804,1.0
pod_status_phase_Pending,,chaos-daemon-n6ghj,chaos-testing,kube-state-metrics,1780634804,0.0
pod_status_phase_Succeeded,,chaos-daemon-n6ghj,chaos-testing,kube-state-metrics,1780634804,0.0
pod_status_phase_Failed,,chaos-daemon-n6ghj,chaos-testing,kube-state-metrics,1780634804,0.0
pod_status_phase_Unknown,,chaos-daemon-n6ghj,chaos-testing,kube-state-metrics,1780634804,0.0
pod_status_phase_Running,,chaos-daemon-n6ghj,chaos-testing,kube-state-metrics,1780634804,1.0
pod_restarts,,productcatalogservice-fb49fc9cc-vbqbl,boutique,server,1780634804,1.0
pod_restarts,,redis-cart-6899b65948-ms767,boutique,redis,1780634804,6.0
pod_restarts,,kube-controller-manager-minikube,kube-system,kube-controller-manager,1780634804,8.0
pod_restarts,,currencyservice-fd8f5dfb7-js8gr,boutique,server,1780634804,11.0
pod_restarts,,kube-proxy-fshvh,kube-system,kube-proxy,1780634804,7.0
pod_restarts,,chaos-controller-manager-659785674d-29q42,chaos-testing,chaos-mesh,1780634804,5.0
pod_restarts,,frontend-694b9f76cd-pskf5,boutique,server,1780634804,1.0
pod_restarts,,monitoring-kube-state-metrics-868694bc4b-689cm,monitoring,kube-state-metrics,1780634804,6.0
pod_restarts,,chaos-controller-manager-659785674d-wbwg8,chaos-testing,chaos-mesh,1780634804,5.0
pod_restarts,,chaos-controller-manager-659785674d-fjb2r,chaos-testing,chaos-mesh,1780634804,5.0
pod_restarts,,paymentservice-6b76dfb449-n8mm2,boutique,server,1780634804,9.0
pod_restarts,,adservice-8576649cff-5bvst,boutique,server,1780634804,8.0
pod_restarts,,cartservice-546c548494-cb4lb,boutique,server,1780634804,6.0
pod_restarts,,monitoring-prometheus-node-exporter-pdw8p,monitoring,node-exporter,1780634804,6.0
pod_restarts,,etcd-minikube,kube-system,etcd,1780634804,7.0
pod_restarts,,coredns-7d764666f9-hxxb8,kube-system,coredns,1780634804,7.0
pod_restarts,,chaos-dns-server-6bccb5bb76-gscmn,chaos-testing,chaos-dns-server,1780634804,5.0
pod_restarts,,kube-apiserver-minikube,kube-system,kube-apiserver,1780634804,7.0
pod_restarts,,prometheus-monitoring-kube-prometheus-prometheus-0,monitoring,config-reloader,1780634804,6.0
pod_restarts,,prometheus-monitoring-kube-prometheus-prometheus-0,monitoring,prometheus,1780634804,6.0
pod_restarts,,storage-provisioner,kube-system,storage-provisioner,1780634804,10.0
pod_restarts,,loadgenerator-7dd458dd5b-p2gm5,boutique,main,1780634804,5.0
pod_restarts,,alertmanager-monitoring-kube-prometheus-alertmanager-0,monitoring,alertmanager,1780634804,6.0
pod_restarts,,alertmanager-monitoring-kube-prometheus-alertmanager-0,monitoring,config-reloader,1780634804,6.0
pod_restarts,,shippingservice-55656785c7-lk4mx,boutique,server,1780634804,8.0
pod_restarts,,chaos-dashboard-5b77585c6c-zm7f4,chaos-testing,chaos-dashboard,1780634804,5.0
pod_restarts,,monitoring-grafana-6f66955c48-hlrcn,monitoring,grafana,1780634804,6.0
pod_restarts,,monitoring-grafana-6f66955c48-hlrcn,monitoring,grafana-sc-dashboard,1780634804,6.0
pod_restarts,,monitoring-grafana-6f66955c48-hlrcn,monitoring,grafana-sc-datasources,1780634804,6.0
pod_restarts,,coredns-7d764666f9-gmlgd,kube-system,coredns,1780634804,7.0
pod_restarts,,checkoutservice-75b9cd684f-mxb57,boutique,server,1780634804,1.0
pod_restarts,,kube-scheduler-minikube,kube-system,kube-scheduler,1780634804,7.0
pod_restarts,,emailservice-7466dc585-sv4wh,boutique,server,1780634804,13.0
pod_restarts,,monitoring-kube-prometheus-operator-556b56cc6d-n6dg9,monitoring,kube-prometheus-stack,1780634804,6.0
pod_restarts,,recommendationservice-6f8f67d69-fhrns,boutique,server,1780634804,12.0
pod_restarts,,chaos-daemon-n6ghj,chaos-testing,chaos-daemon,1780634804,5.0
